Molecule ChEMBL ID,Smiles,Molecular Weight,#RO5 Violations,Standard Type,Standard Value,Standard Units,Bioactivity Class
CHEMBL1397,CC[C@@H]([C@H](C)O)n1ncn(-c2ccc(N3CCN(c4ccc(OC[C@@H]5CO[C@@](Cn6cncn6)(c6ccc(F)cc6F)C5)cc4)CC3)cc2)c1=O,700.79,2.0,IC50,8400.0,nM,Inactive
CHEMBL275594,CCCC1(c2ccncc2)CCC(=O)NC1=O,232.28,0.0,IC50,6000.0,nM,Inactive
CHEMBL168444,O=C1c2ccccc2CCC1C(O)c1ccncn1,254.29,0.0,IC50,27000.0,nM,Inactive
CHEMBL223452,N#Cc1ccc(C(c2ccc(C#N)cc2)c2cncnc2)cc1,296.33,0.0,IC50,288.4,nM,Intermediate
CHEMBL375043,N#Cc1ccc(Cn2ccnc2)c2ccccc12,233.27,0.0,IC50,10.96,nM,Active
CHEMBL31760,C=C(c1ccc(C#N)cc1)n1ccnc1,195.22,0.0,IC50,4.169,nM,Active
CHEMBL350922,O=c1c2ccccc2oc2cc(Cn3ccnc3)ccc12,276.3,0.0,IC50,389.05,nM,Intermediate
CHEMBL223607,O=c1ccoc2cc(Cn3cncn3)ccc12,227.22,0.0,IC50,3715.35,nM,Inactive
CHEMBL25695,CCC[C@H]1CC2C3CCC(=O)C3(C)CCC2C2(C)CCC(=O)C=C12,328.5,1.0,IC50,390.0,nM,Intermediate
CHEMBL493174,COc1ccc(OC)c2c(C)cc(=O)[nH]c12,219.24,0.0,IC50,26800.0,nM,Inactive
CHEMBL492762,COc1cc(=O)n(C)c2c3c(ccc12)OCO3,233.22,0.0,IC50,3920.0,nM,Inactive
CHEMBL226945,COc1ccc(CN(c2ccc(C#N)cc2)n2cnnc2)cc1OS(N)(=O)=O,400.42,0.0,IC50,12.0,nM,Active
CHEMBL226893,N#Cc1ccc(N(Cc2ccc(Br)c(OS(N)(=O)=O)c2)n2cnnc2)cc1,449.29,0.0,IC50,3.9,nM,Active
CHEMBL226892,N#Cc1ccc(N(Cc2ccc(F)c(OS(N)(=O)=O)c2)n2cnnc2)cc1,388.38,0.0,IC50,0.77,nM,Active
CHEMBL305483,Nc1ccc(C2(C3CCCC3)CCC(=O)NC2=O)cc1,272.35,0.0,IC50,1200.0,nM,Inactive
CHEMBL4071689,C[C@](O)(c1cncc(-n2nc(C(F)(F)F)c3ccccc32)c1)C(F)(F)F,375.27,0.0,IC50,5400.0,nM,Inactive
CHEMBL522917,O=c1c([C@@H](c2ccc(Br)cc2)n2ccnc2)coc2ccccc12,381.23,0.0,IC50,49.0,nM,Active
CHEMBL158984,O=c1ccoc2cc(Cn3ccnc3)ccc12,226.24,0.0,IC50,100.0,nM,Intermediate
CHEMBL225178,O=c1cc(OCCn2ccnc2)c2ccccc2o1,256.26,0.0,IC50,760.0,nM,Intermediate
CHEMBL192306,COc1ccc2c(=O)c(-c3ccccc3)c(-n3ccnc3)oc2c1,318.33,0.0,IC50,770.0,nM,Intermediate
CHEMBL387892,COc1ccc2cc(Cn3ccnc3)c(=O)oc2c1,256.26,0.0,IC50,2820.0,nM,Inactive
CHEMBL460382,c1cc(CCn2ccnc2)c2ccsc2c1,228.32,0.0,IC50,3560.0,nM,Inactive
CHEMBL175609,COc1ccc2c(c1)CC/C2=C/c1ccncc1,237.3,0.0,IC50,3720.0,nM,Inactive
CHEMBL158984,O=c1ccoc2cc(Cn3ccnc3)ccc12,226.24,0.0,IC50,100.0,nM,Intermediate
CHEMBL176886,CCOc1ccc2c(c1)CC/C2=C/c1cccnc1,251.33,0.0,IC50,7680.0,nM,Inactive
CHEMBL104566,CC1CCC(OC(=O)Cc2ccncc2)C1,219.28,0.0,IC50,2000.0,nM,Inactive
CHEMBL488,CCC1(c2ccc(N)cc2)CCC(=O)NC1=O,232.28,0.0,IC50,30000.0,nM,Inactive
CHEMBL39423,CCn1ccc2cc(Br)cc(C(c3ccc(F)cc3)n3ccnc3)c21,398.28,1.0,IC50,200.0,nM,Intermediate
CHEMBL267668,CCCCC[C@H]1CC2C(CCC3(C)C(=O)CCC23)C2(C)C=CC(=O)C=C12,354.53,1.0,IC50,140.0,nM,Intermediate
CHEMBL108425,N#Cc1ccc(N(Cc2ccc(Br)cc2)n2cnnc2)cc1,354.21,0.0,IC50,0.5,nM,Active
CHEMBL430879,N#Cc1ccc(N(Cc2ccc(OS(N)(=O)=O)cc2)n2cnnc2)cc1,370.39,0.0,IC50,100.0,nM,Intermediate
CHEMBL1672977,N#Cc1ccc(N(Cc2ccc(OS(N)(=O)=O)c(F)c2)n2cnnc2)cc1-c1ccccc1,464.48,0.0,IC50,0.15,nM,Active
CHEMBL1672982,N#Cc1ccc(-c2cc(N(Cc3ccc(OS(N)(=O)=O)cc3)n3cnnc3)ccc2C#N)cc1,471.5,0.0,IC50,0.75,nM,Active
CHEMBL352645,c1ccc2c(c1)CCC1C(c3c[nH]cn3)C21,210.28,0.0,IC50,600.0,nM,Intermediate
CHEMBL24115,COc1cccc2c1CC(Cc1ccncc1)C2,239.32,0.0,IC50,6400.0,nM,Inactive
CHEMBL25059,CC[C@@H]1CC2C3CCC(=O)C3(C)CCC2C2(C)CCC(=O)C=C12,314.47,0.0,IC50,140.0,nM,Intermediate
CHEMBL262723,CC12CCC3C(C(=O)C=C4C=CCCC43C)C1CCC2=O,284.4,0.0,IC50,1800.0,nM,Inactive
CHEMBL289116,CCC1(c2ccncc2)CCC(=O)NC1=O,218.26,0.0,IC50,5000.0,nM,Inactive
CHEMBL438802,COC(=O)c1ccc2cc(-c3cccnc3)ccc2c1,263.3,0.0,IC50,1252.0,nM,Inactive
CHEMBL157101,CC(=O)N1CCN(c2ccc(OCC3COC(Cn4ccnc4)(c4ccc(Cl)cc4Cl)O3)cc2)CC1,531.44,1.0,IC50,3000.0,nM,Inactive
CHEMBL39434,CSCSC1=C2CCC3C(CC[C@]4(C)C(=O)CCC34)[C@@]2(C)CCC1=O,378.6,1.0,IC50,1200.0,nM,Inactive
CHEMBL1444,N#Cc1ccc(C(c2ccc(C#N)cc2)n2cncn2)cc1,285.31,0.0,IC50,0.7,nM,Active
CHEMBL5184004,CCOc1ccc2cc(C(c3ccc(Cl)cc3)n3cncn3)oc2c1,353.81,0.0,IC50,0.46,nM,Active
CHEMBL1200374,C=C1C[C@@H]2[C@H](CC[C@]3(C)C(=O)CC[C@@H]23)[C@@]2(C)C=CC(=O)C=C12,296.41,0.0,IC50,50.1,nM,Active
CHEMBL1784803,COc1cc2c(cc1-c1cncn1CCCn1ccnc1C)OCCCO2.Cl,404.9,0.0,IC50,498.0,nM,Intermediate
CHEMBL1784807,COc1ccc(S(=O)(=O)NCCCn2ccnc2)cc1C,309.39,0.0,IC50,61.6,nM,Active
CHEMBL132072,C[C@@H]1C(OC(=O)Cc2ccncc2)CC2CC1C2(C)C,273.38,0.0,IC50,120.0,nM,Intermediate
CHEMBL488,CCC1(c2ccc(N)cc2)CCC(=O)NC1=O,232.28,0.0,IC50,10000.0,nM,Inactive
CHEMBL1303900,Cc1cc(C)c(S(=O)(=O)NCCCn2ccnc2)cc1C,307.42,0.0,IC50,172.0,nM,Intermediate
CHEMBL3407538,C=C1C[C@H]2[C@@H]3CC[C@H](O)[C@@]3(C)CC[C@@H]2[C@@]2(C)C=CC(=O)C=C12,298.43,0.0,IC50,250.0,nM,Intermediate
CHEMBL3407537,C=C1C[C@@H]2[C@H](CC[C@]3(C)C(=O)CC[C@@H]23)[C@]2(C)C1=CC(=O)[C@@H]1O[C@@H]12,312.41,0.0,IC50,810.0,nM,Intermediate
CHEMBL31456,N#Cc1ccc(/C(=N\c2ccc(Br)cc2)n2ccnc2)cc1,351.21,0.0,IC50,7.7,nM,Active
CHEMBL177921,N#Cc1ccc2c(c1)CC/C2=C\c1c[nH]cn1,221.26,0.0,IC50,119.0,nM,Intermediate
CHEMBL74339,CC[C@H]1CC2C(CCC3(C)C(O)CCC23)C2(C)CCCC=C12,302.5,1.0,IC50,1.3,nM,Active
CHEMBL325346,N#Cc1ccc(N(Cc2cccc(OS(N)(=O)=O)c2)n2cnnc2)cc1,370.39,0.0,IC50,39.0,nM,Active
CHEMBL383807,Clc1ccc2c(c1)CC/C2=C\c1cccnc1,241.72,0.0,IC50,4260.0,nM,Inactive
CHEMBL53290,C1=C(CCCn2ccnc2)c2cccnc2CC1,239.32,0.0,IC50,220.0,nM,Intermediate
CHEMBL3421765,O=[N+]([O-])c1ccc(-c2cccnc2)c(OCc2ccccc2)c1,306.32,0.0,IC50,146.0,nM,Intermediate
CHEMBL185950,O=c1c(-c2ccc(O)cc2)c(SCc2ccncc2)oc2cc(O)ccc12,377.42,0.0,IC50,280.0,nM,Intermediate
CHEMBL2113619,C[C@]12CCC(=O)C(SCC#N)=C1CC[C@@H]1[C@@H]2CC[C@]2(C)C(=O)CC[C@@H]12,357.52,0.0,IC50,3700.0,nM,Inactive
CHEMBL189170,COc1ccc2c(=O)c(-c3ccccc3)c(SCc3ccccc3)oc2c1,374.46,1.0,IC50,100000.0,nM,Inactive
CHEMBL1630911,C[C@]12CC[C@H]3[C@@H](CC=C4CCCC[C@@]43CO)[C@@H]1CCC2=O,288.43,0.0,IC50,6900.0,nM,Inactive
CHEMBL255108,N#Cc1ccc(C2CC(=O)c3ccc4ccccc4c3O2)cc1,299.33,0.0,IC50,1540.0,nM,Inactive
CHEMBL202612,COc1ccc2cc(C(O)(c3ccc(Cl)cc3)c3cccnc3)oc2c1,365.82,0.0,IC50,49.0,nM,Active
CHEMBL382902,COc1ccc2cc(C(c3ccc(Cl)cc3)n3cncn3)oc2c1,339.78,0.0,IC50,44.0,nM,Active
CHEMBL202020,COc1ccc(C(O)(c2cccnc2)c2cc3ccc(OC)cc3o2)cc1,361.4,0.0,IC50,160.0,nM,Intermediate
CHEMBL197576,COc1ccc2cc(-c3cccnc3)ccc2c1Cl,269.73,0.0,IC50,1805.0,nM,Inactive
CHEMBL195571,Oc1ccc2cc(-c3cccnc3)ccc2c1,221.26,0.0,IC50,36000.0,nM,Inactive
CHEMBL266532,CCCCCC[C@H]1CC2C(CCC3(C)C(=O)CCC23)C2(C)C=CC(=O)C=C12,368.56,1.0,IC50,280.0,nM,Intermediate
CHEMBL193343,CCOc1ccc2cc(-c3cccnc3)ccc2c1,249.31,0.0,IC50,6638.0,nM,Inactive
CHEMBL26279,COc1ccc2c(c1)CC(Cc1ccncc1)C2=O,253.3,0.0,IC50,3400.0,nM,Inactive
CHEMBL440832,CCCCC[C@@H]1CC2C(CCC3(C)C(=O)CCC23)C2(C)C=CC(=O)C=C12,354.53,1.0,IC50,54.0,nM,Active
CHEMBL1824751,N#Cc1ccc(C(c2ccc(C#N)cc2)n2cc(COc3ccc([N+](=O)[O-])cc3)nn2)cc1,436.43,0.0,IC50,7730.0,nM,Inactive
CHEMBL1824752,Cc1ccc(OCc2cn(C(c3ccc(C#N)cc3)c3ccc(C#N)cc3)nn2)cc1,405.46,0.0,IC50,10950.0,nM,Inactive
CHEMBL1824756,CCCc1cn(C(c2ccccc2)c2ccccc2)nn1,277.37,0.0,IC50,10960.0,nM,Inactive
CHEMBL1824760,c1ccc(C(c2ccccc2)n2cc(C3CCCCC3)nn2)cc1,317.44,0.0,IC50,13720.0,nM,Inactive
CHEMBL1824762,c1ccc(OCc2cn(C(c3ccccc3)c3ccccc3)nn2)cc1,341.41,0.0,IC50,31260.0,nM,Inactive
CHEMBL1825022,N#Cc1ccc(C(c2ccc(C#N)cc2)n2nccn2)cc1,285.31,0.0,IC50,79980.0,nM,Inactive
CHEMBL203869,CC(C)Oc1cc([N+](=O)[O-])ccc1N(C)S(C)(=O)=O,288.33,0.0,IC50,2810.0,nM,Inactive
CHEMBL202473,CN(c1ccc([N+](=O)[O-])cc1OC1CCCC1)S(C)(=O)=O,314.36,0.0,IC50,440.0,nM,Intermediate
CHEMBL3349856,C[C@]12CCC[C@@H](O)C1=CC[C@@H]1[C@@H]2CC[C@]2(C)C(=O)CC[C@@H]12,288.43,0.0,IC50,860.0,nM,Intermediate
CHEMBL1173573,COc1cccc(/C=C/c2ccc(N)cc2)c1,225.29,0.0,IC50,3080.0,nM,Inactive
CHEMBL1171091,Nc1ccc(/C=C/c2cc(N)cc(N)c2)cc1,225.29,0.0,IC50,8510.0,nM,Inactive
CHEMBL162549,O=C(Cn1ccnc1)c1ccc([N+](=O)[O-])cc1,231.21,0.0,IC50,190.0,nM,Intermediate
CHEMBL432751,C[C@]12CCC(=O)C=C1CCC1C2CC[C@]2(C)C(c3cccnc3)=CCC12,347.5,1.0,IC50,1800.0,nM,Inactive
CHEMBL72228,CC(=O)O[C@H]1CC2C3CCC(=O)C3(C)CCC2C2(C)CCCC=C12,330.47,0.0,IC50,0.16,nM,Active
CHEMBL72415,CCCCC[C@@H]1CC2C3CCC(=O)C3(C)CCC2C2(C)CCCC=C12,342.57,1.0,IC50,12.0,nM,Active
CHEMBL1215664,Oc1ccc(-c2ccc(C(O)c3ccncc3)cc2)cc1,277.32,0.0,IC50,3070.0,nM,Inactive
CHEMBL165279,C[C@]12CC=C3C(CCC4=CC(=O)CC[C@@]43CCSCCS)C1CCC2=O,390.61,1.0,IC50,1000.0,nM,Intermediate
CHEMBL3084924,CC1(OC(=O)Cc2cccnc2)C2CC3CC(C2)CC1C3,285.39,0.0,IC50,10800.0,nM,Inactive
CHEMBL2165316,CCOc1cc2c(cc1-c1cccnc1)CCC(=O)N2,268.32,0.0,IC50,488.0,nM,Intermediate
CHEMBL62811,O=C1CCc2cc(-c3cccnc3)ccc2N1,224.26,0.0,IC50,5000.0,nM,Inactive
CHEMBL1444,N#Cc1ccc(C(c2ccc(C#N)cc2)n2cncn2)cc1,285.31,0.0,IC50,2.0,nM,Active
CHEMBL24897,CC12CCC3C(C[C@@H](Cc4ccccc4)C4=CC(=O)CCC43C)C1CCC2=O,376.54,1.0,IC50,4000.0,nM,Inactive
CHEMBL1957213,COc1ccc(-c2nc(-c3cccnc3)cs2)cc1,268.34,0.0,IC50,18000.0,nM,Inactive
CHEMBL459503,Oc1cc2c(cc1C(c1ccc3c(c1)OCO3)n1ccnc1)OCO2,338.32,0.0,IC50,24.9,nM,Active
CHEMBL495566,c1ccc(-c2cc(-c3cccnc3)nc(-c3cccnc3)c2)cc1,309.37,0.0,IC50,46700.0,nM,Inactive
CHEMBL523232,O=[N+]([O-])c1ccc2c(c1)nc(-c1ccccn1)n2CCc1ccncc1,345.36,0.0,IC50,2100.0,nM,Inactive
CHEMBL209731,N#Cc1ccc(-c2oc3ccccc3c(=O)c2Cn2ccnc2)cc1,327.34,0.0,IC50,69.0,nM,Active
CHEMBL188664,O=c1c(-c2ccccc2)c(SCc2ccncc2)oc2cc(OCc3ccccc3)ccc12,451.55,1.0,IC50,210.0,nM,Intermediate
CHEMBL57513,C(\Cn1ccnc1)=C1\CCCc2sccc21,230.34,0.0,IC50,680.0,nM,Intermediate
CHEMBL185950,O=c1c(-c2ccc(O)cc2)c(SCc2ccncc2)oc2cc(O)ccc12,377.42,0.0,IC50,280.0,nM,Intermediate
CHEMBL2420684,Oc1cncc(-c2ccc3ccc(O)cc3c2Cl)c1,271.7,0.0,IC50,2000.0,nM,Inactive
CHEMBL225447,c1ccc2c(c1)-c1ccccc1C2n1ccnc1,232.29,0.0,IC50,2800.0,nM,Inactive
CHEMBL438549,COc1ccc2c(c1)CCC1C(c3cnc[nH]3)C21,240.31,0.0,IC50,1600.0,nM,Inactive
CHEMBL488,CCC1(c2ccc(N)cc2)CCC(=O)NC1=O,232.28,0.0,IC50,1700.0,nM,Inactive
CHEMBL31224,N#Cc1ccc2c(c1)CCC=C2n1ccnc1,221.26,0.0,IC50,2.9,nM,Active
CHEMBL2430506,O=S(=O)(NCCc1ccccc1)c1ccc(-n2cc(COc3ccccc3)nn2)cc1,434.52,0.0,IC50,9400.0,nM,Inactive
CHEMBL157101,CC(=O)N1CCN(c2ccc(OCC3COC(Cn4ccnc4)(c4ccc(Cl)cc4Cl)O3)cc2)CC1,531.44,1.0,IC50,2600.0,nM,Inactive
CHEMBL73219,CCCCC[C@@H]1CC2C(CCC3(C)C(O)CCC23)C2(C)CCCC=C12,344.58,1.0,IC50,50.0,nM,Active
CHEMBL3623209,C[C@@H]1OC(=O)C[C@H]2[C@@H]3CC=C4CC(O)CC[C@]4(C)[C@H]3CC[C@]12C,318.46,0.0,IC50,250.0,nM,Intermediate
CHEMBL3623223,C=CC[C@@H]1CC2=CC(=O)C=C[C@]2(C)[C@H]2CC[C@]3(C)C(=O)CC[C@H]3[C@H]12,324.46,0.0,IC50,470.0,nM,Intermediate
CHEMBL2179110,CCC#CCO[C@@H]1C[C@@H]2[C@H](CC[C@]3(C)C(=O)CC[C@@H]23)[C@@]2(C)C=CC(=O)C=C12,366.5,0.0,IC50,12.0,nM,Active
CHEMBL3623225,CCn1cc(C(c2ccccc2)n2ccnc2)c2ccccc21,301.39,0.0,IC50,100.0,nM,Intermediate
CHEMBL3623229,CCc1nc(C)cn1Cc1ccccc1CC(=O)O,258.32,0.0,IC50,6200.0,nM,Inactive
CHEMBL421149,N#Cc1ccc(Cn2ccnc2)c2oc3ccccc3c(=O)c12,301.31,0.0,IC50,43.0,nM,Active
CHEMBL3623232,N#Cc1ccc(N(Cc2ccc(OS(N)(=O)=O)cc2F)n2ccnc2)cc1,387.4,0.0,IC50,0.2,nM,Active
CHEMBL3623221,C[C@]12CC[C@@H]3c4ccc(O)c(NC(=O)c5ccncc5)c4CC[C@H]3[C@@H]1CCC2=O,390.48,0.0,IC50,28000.0,nM,Inactive
CHEMBL307581,CO[C@H]1CC2C3CCC(=O)C3(C)CCC2C2(C)CCCC=C12,302.46,0.0,IC50,0.12,nM,Active
CHEMBL159073,O=c1c2ccccc2oc2c(Cn3ccnc3)ccc([N+](=O)[O-])c12,321.29,0.0,IC50,40.0,nM,Active
CHEMBL2442754,Cc1cc(CO)c2ccc3[nH]ccc3c2n1,212.25,0.0,IC50,4152.0,nM,Inactive
CHEMBL88842,CCCC[C@]1(c2ccncc2)CCC(=O)NC1=O,246.31,0.0,IC50,4000.0,nM,Inactive
CHEMBL319026,CC1C(OC(=O)Cc2ccncc2)CC2CC1C2(C)C,273.38,0.0,IC50,96.0,nM,Active
CHEMBL488,CCC1(c2ccc(N)cc2)CCC(=O)NC1=O,232.28,0.0,IC50,6400.0,nM,Inactive
CHEMBL3359963,N#Cc1cccc(COc2ccc(C(=O)Cn3ccnc3)cc2)c1,317.35,0.0,IC50,4566.0,nM,Inactive
CHEMBL1688892,O=c1cc(Cn2ccnc2)c2ccc(OCc3cccc(C(F)(F)F)c3)cc2o1,400.36,0.0,IC50,235.0,nM,Intermediate
CHEMBL1688891,O=c1cc(Cn2ccnc2)c2ccc(OCc3cccc(F)c3)cc2o1,350.35,0.0,IC50,113.0,nM,Intermediate
CHEMBL307160,O=c1c2ccccc2oc2c([N+](=O)[O-])ccc(Cn3ccnc3)c12,321.29,0.0,IC50,970.0,nM,Intermediate
CHEMBL3622066,Cn1cc(CCN(c2ccc(C#N)cc2)n2cnnc2)c2cc(OS(N)(=O)=O)ccc21,437.49,0.0,IC50,2.3,nM,Active
CHEMBL1444,N#Cc1ccc(C(c2ccc(C#N)cc2)n2cncn2)cc1,285.31,0.0,IC50,0.89,nM,Active
CHEMBL3421785,O=[N+]([O-])c1ccc(Cc2cccnc2)c(OCCc2ccccc2)c1,334.38,0.0,IC50,128.0,nM,Intermediate
CHEMBL1200374,C=C1C[C@@H]2[C@H](CC[C@]3(C)C(=O)CC[C@@H]23)[C@@]2(C)C=CC(=O)C=C12,296.41,0.0,IC50,50.0,nM,Active
CHEMBL1688906,O=c1cc(Cn2ccnc2)c2ccc(Oc3ccc(Cl)cc3)cc2o1,352.78,0.0,IC50,112.0,nM,Intermediate
CHEMBL1688910,O=c1cc(Cn2ccnc2)c2ccc(Oc3cc(F)cc(F)c3)cc2o1,354.31,0.0,IC50,70.0,nM,Active
CHEMBL41761,CCn1ccc2cc(C(c3ccc(F)cc3)n3ccnc3)ccc21,319.38,0.0,IC50,41.0,nM,Active
CHEMBL92065,O=C1c2ccccc2CCC1Cc1ccncc1,237.3,0.0,IC50,4300.0,nM,Inactive
CHEMBL41429,CCN1CCc2cccc(C(c3ccc(F)cc3)n3cncn3)c21,322.39,0.0,IC50,2900.0,nM,Inactive
CHEMBL55144,c1cn(CCC2CCCc3occc32)cn1,216.28,0.0,IC50,920.0,nM,Intermediate
CHEMBL2235951,COc1ccc(/C=C2\Cc3ccccc3C2=O)cc1OCCCn1ccnc1,374.44,0.0,IC50,1340.0,nM,Inactive
CHEMBL488,CCC1(c2ccc(N)cc2)CCC(=O)NC1=O,232.28,0.0,IC50,18500.0,nM,Inactive
CHEMBL224787,COc1ccc2c(-c3ccccc3)c(Cn3ccnc3)c(=O)oc2c1,332.36,0.0,IC50,107.15,nM,Intermediate
CHEMBL53068,C1=C(Cn2ccnc2)c2cccnc2CC1,211.27,0.0,IC50,169.82,nM,Intermediate
CHEMBL55083,C(\Cn1ccnc1)=C1\CCCc2occc21,214.27,0.0,IC50,2398.83,nM,Inactive
CHEMBL165,Oc1ccc(/C=C/c2cc(O)cc(O)c2)cc1,228.25,0.0,IC50,25003.45,nM,Inactive
CHEMBL151691,CN1C(=O)CC(C)(c2ccc(N)cc2)C1=O,218.26,0.0,IC50,15660.0,nM,Inactive
CHEMBL71082,CC12CCC3C4CCCCC4=CC(=O)C3C1CCC2=O,272.39,0.0,IC50,28000.0,nM,Inactive
CHEMBL1444,N#Cc1ccc(C(c2ccc(C#N)cc2)n2cncn2)cc1,285.31,0.0,IC50,1.9,nM,Active
CHEMBL488,CCC1(c2ccc(N)cc2)CCC(=O)NC1=O,232.28,0.0,IC50,14000.0,nM,Inactive
CHEMBL224789,N#Cc1ccc(C(c2ccc(C#N)cc2)n2ccnn2)cc1,285.31,0.0,IC50,8.0,nM,Active
CHEMBL1824742,CCCc1cn(C(c2ccc(C#N)cc2)c2ccc(C#N)cc2)nn1,327.39,0.0,IC50,4700.0,nM,Inactive
CHEMBL1824743,CCCCCCc1cn(C(c2ccc(C#N)cc2)c2ccc(C#N)cc2)nn1,369.47,0.0,IC50,5070.0,nM,Inactive
CHEMBL14192,c1ccc(Cn2ccnc2)cc1,158.2,0.0,IC50,150.0,nM,Intermediate
CHEMBL1825025,CCCc1cn(Cc2ccc(C#N)cc2)nn1,226.28,0.0,IC50,4370.0,nM,Inactive
CHEMBL1825032,N#Cc1ccc(Cn2cc(COc3ccc(Cl)cc3)nn2)cc1,324.77,0.0,IC50,3910.0,nM,Inactive
CHEMBL1825044,Clc1ccc(OCc2cn(Cc3ccccc3)nn2)cc1,299.76,0.0,IC50,5040.0,nM,Inactive
CHEMBL1825049,c1ccc(Cn2cc(COc3ccc(-c4ccccc4)cc3)nn2)cc1,341.41,0.0,IC50,10700.0,nM,Inactive
CHEMBL1389987,Cc1ccc(C(=O)NCCCn2ccnc2)cn1,244.3,0.0,IC50,10600.0,nM,Inactive
CHEMBL283782,COc1cccc2c1CC(Cc1ccncc1)C2=O,253.3,0.0,IC50,14000.0,nM,Inactive
CHEMBL26065,O=C1/C(=C/c2ccncc2)Cc2cc(O)ccc21,237.26,0.0,IC50,19000.0,nM,Inactive
CHEMBL195354,COc1ccc2c(c1)CC/C2=C/c1cncs1,243.33,0.0,IC50,4830.0,nM,Inactive
CHEMBL363849,Fc1ccc2c(c1)CC/C2=C/c1cccc2cnccc12,275.33,0.0,IC50,1940.0,nM,Inactive
CHEMBL194928,C(=C1c2ccccc2-c2ccccc21)c1cccnc1,255.32,0.0,IC50,4810.0,nM,Inactive
CHEMBL2336849,COc1ccc2cc(Cn3ccnc3)n(-c3ccc(C(F)(F)F)cc3)c2c1,371.36,0.0,IC50,25.56,nM,Active
CHEMBL2336859,FC(F)(F)c1ccc(-n2c(Cn3ccnc3)cc3ccccc32)cc1,341.34,0.0,IC50,4.93,nM,Active
CHEMBL1444,N#Cc1ccc(C(c2ccc(C#N)cc2)n2cncn2)cc1,285.31,0.0,IC50,36.0,nM,Active
CHEMBL2163639,O=C1CCc2cc(C(C3CC3)n3ccnc3)cc3c2N1CC3,293.37,0.0,IC50,228.0,nM,Intermediate
CHEMBL2312972,O=C1CCc2cc(C(c3ccc(F)cc3)c3cccnc3)cc3c2N1CC3,358.42,0.0,IC50,140.0,nM,Intermediate
CHEMBL2312960,O=C1CCc2cc(C(c3ccncc3)c3cccc(Cl)c3)cc3c2N1CC3,374.87,0.0,IC50,19.0,nM,Active
CHEMBL2312952,O=C1CCc2cc(C(c3ccncc3)C3CCCCC3)cc3c2N1CC3,346.47,0.0,IC50,74.0,nM,Active
CHEMBL2312949,C=C(c1ccncc1)c1cc2c3c(c1)CCN3C(=O)CC2,276.34,0.0,IC50,565.0,nM,Intermediate
CHEMBL70959,C[C@H]1CC2C(CCC3(C)C(O)CCC23)C2(C)CCCC=C12,288.48,0.0,IC50,3.7,nM,Active
CHEMBL365120,C(=C1/CCCc2ccccc21)\c1cccnc1,221.3,0.0,IC50,3790.0,nM,Inactive
CHEMBL193997,Fc1ccc2c(c1)CC/C2=C\c1cccnc1,225.27,0.0,IC50,2540.0,nM,Inactive
CHEMBL1171818,COc1cc(CCc2ccc(N)cc2)cc(OC)c1,257.33,0.0,IC50,2760.0,nM,Inactive
CHEMBL254328,C[C@]12CC[C@H](O)CC1=CC[C@@H]1[C@@H]2CC[C@]2(C)C(c3cccnc3)=CC[C@@H]12,349.52,1.0,IC50,50000.0,nM,Inactive
CHEMBL2112299,C[C@]12CC[C@H](O)CC1=CC[C@@H]1[C@@H]2CC[C@]2(C)C(c3ccncc3)=CC[C@@H]12,349.52,1.0,IC50,20000.0,nM,Inactive
CHEMBL117,O=c1cc(-c2ccccc2)oc2cc(O)cc(O)c12,254.24,0.0,IC50,1500.0,nM,Inactive
CHEMBL2011171,O=C1c2ccccc2OCC1c1ccccc1,224.26,0.0,IC50,29000.0,nM,Inactive
CHEMBL1630268,C[C@]12CC[C@H]3[C@@H](CC=C4[C@@H](O)CCC[C@]43C)[C@@H]1CCC2=O,288.43,0.0,IC50,280.0,nM,Intermediate
CHEMBL1630280,C[C@]12CC[C@@H](O)C(=O)[C@@H]1CC[C@@H]1[C@@H]2CC[C@]2(C)C(=O)CC[C@@H]12,304.43,0.0,IC50,670.0,nM,Intermediate
CHEMBL1630909,C[C@]12CCC(=O)C(O)=C1CC[C@@H]1[C@@H]2CC[C@]2(C)OC(=O)CC[C@@H]12,318.41,0.0,IC50,1850.0,nM,Inactive
CHEMBL390078,N#Cc1ccc(N(Cc2cccc(O)c2)n2cnnc2)cc1,291.31,0.0,IC50,2.8,nM,Active
CHEMBL226736,COc1cc(CN(c2ccc(C#N)cc2)n2cnnc2)ccc1OS(N)(=O)=O,400.42,0.0,IC50,42.0,nM,Active
CHEMBL287574,Nc1ccc(C23CC2C(=O)NC3=O)cc1,202.21,0.0,IC50,1800.0,nM,Inactive
CHEMBL1824748,N#Cc1ccc(C(c2ccc(C#N)cc2)n2cc(COc3ccccc3)nn2)cc1,391.43,0.0,IC50,10970.0,nM,Inactive
CHEMBL1824761,c1ccc(-c2cn(C(c3ccccc3)c3ccccc3)nn2)cc1,311.39,0.0,IC50,12940.0,nM,Inactive
CHEMBL1824763,Clc1ccc(OCc2cn(C(c3ccccc3)c3ccccc3)nn2)cc1,375.86,1.0,IC50,13370.0,nM,Inactive
CHEMBL1825026,CCCCCCc1cn(Cc2ccc(C#N)cc2)nn1,268.36,0.0,IC50,5260.0,nM,Inactive
CHEMBL1825027,CCCCCCCc1cn(Cc2ccc(C#N)cc2)nn1,282.39,0.0,IC50,3070.0,nM,Inactive
CHEMBL1825029,N#Cc1ccc(Cn2cc(C3CCCCC3)nn2)cc1,266.35,0.0,IC50,10700.0,nM,Inactive
CHEMBL1825039,CCCCCCc1cn(Cc2ccccc2)nn1,243.35,0.0,IC50,7470.0,nM,Inactive
CHEMBL1825046,O=[N+]([O-])c1ccc(OCc2cn(Cc3ccccc3)nn2)cc1,310.31,0.0,IC50,2780.0,nM,Inactive
CHEMBL9298,N#Cc1ccc(C2CCCc3cncn32)cc1,223.28,0.0,IC50,30.0,nM,Active
CHEMBL1825028,CCCCCCCCCCc1cn(Cc2ccc(C#N)cc2)nn1,324.47,0.0,IC50,7880.0,nM,Inactive
CHEMBL1825035,Cc1ccc(OCc2cn(Cc3ccc(C#N)cc3)nn2)cc1,304.35,0.0,IC50,4170.0,nM,Inactive
CHEMBL304583,Oc1ccc2c(c1)C1C(CC2)C1c1ccncc1,237.3,0.0,IC50,66.0,nM,Active
CHEMBL1824744,CCCCCCCc1cn(C(c2ccc(C#N)cc2)c2ccc(C#N)cc2)nn1,383.5,1.0,IC50,10600.0,nM,Inactive
CHEMBL1824746,N#Cc1ccc(C(c2ccc(C#N)cc2)n2cc(C3CCCCC3)nn2)cc1,367.46,0.0,IC50,19320.0,nM,Inactive
CHEMBL1824749,N#Cc1ccc(C(c2ccc(C#N)cc2)n2cc(COc3ccc(Cl)cc3)nn2)cc1,425.88,0.0,IC50,16110.0,nM,Inactive
CHEMBL307006,CCCCC[C@H]1CC2C(CCC3(C)C(O)CCC23)C2(C)CCCC=C12,344.58,1.0,IC50,50.0,nM,Active
CHEMBL305205,C[C@@H]1CC2C3CCC(=O)C3(C)CCC2C2(C)CCCC=C12,286.46,1.0,IC50,0.049,nM,Active
CHEMBL1688913,O=c1cc(Cn2ccnc2)c2ccc(O)cc2o1,242.23,0.0,IC50,3750.0,nM,Inactive
CHEMBL225472,COc1ccc2c(Cn3ccnc3)cc(=O)oc2c1,256.26,0.0,IC50,280.0,nM,Intermediate
CHEMBL166017,CN(C)CC[C@]12CCC(=O)C=C1CCC1C2=CC[C@]2(C)C(=O)CCC12,341.5,0.0,IC50,10000.0,nM,Inactive
CHEMBL287574,Nc1ccc(C23CC2C(=O)NC3=O)cc1,202.21,0.0,IC50,7000.0,nM,Inactive
CHEMBL1399,CC(C)(C#N)c1cc(Cn2cncn2)cc(C(C)(C)C#N)c1,293.37,0.0,IC50,600.0,nM,Intermediate
CHEMBL197650,COc1ccc2cc(C(c3ccc(C#N)cc3)n3cncn3)oc2c1,330.35,0.0,IC50,10.0,nM,Active
CHEMBL28668,CCC(C)C1(c2ccc(N)cc2)CCC(=O)NC1=O,260.34,0.0,IC50,3000.0,nM,Inactive
CHEMBL188664,O=c1c(-c2ccccc2)c(SCc2ccncc2)oc2cc(OCc3ccccc3)ccc12,451.55,1.0,IC50,209.89,nM,Intermediate
CHEMBL184749,O=c1c(-c2ccccc2)c(SCc2ccncc2)oc2cc(O)ccc12,361.42,0.0,IC50,609.54,nM,Intermediate
CHEMBL29482,N#Cc1ccc(C(c2ccc(C#N)cc2)n2ccnc2)cc1,284.32,0.0,IC50,3.499,nM,Active
CHEMBL335050,COc1ccc(C(c2ccc(C)cc2)n2ccnc2)cc1,278.36,0.0,IC50,10.5,nM,Active
CHEMBL5400514,N#Cc1ccc(Cn2cc(C(O)n3ccnc3)c3ccccc32)cc1,328.38,0.0,IC50,50.0,nM,Active
CHEMBL5400021,Clc1ccccc1Cn1cc(Cc2c[nH]nn2)c2ccccc21,322.8,0.0,IC50,3499.45,nM,Inactive
CHEMBL5432961,CCn1c(C(Cc2ccc(Cl)cc2)n2ccnc2)c(C)c2cc(Br)ccc21,442.79,1.0,IC50,410.2,nM,Intermediate
CHEMBL5416291,CCn1c(C(Cc2ccc(Cl)cc2)n2ccnn2)c(C)c2cc(Br)ccc21,443.78,1.0,IC50,1879.32,nM,Inactive
CHEMBL5402392,O=S(=O)(Oc1ccccc1C(F)(F)F)C1CC2OC1C(c1ccc(-n3ccnc3)cc1)=C2c1ccc(O)cc1,554.55,2.0,IC50,197.0,nM,Intermediate
CHEMBL5417452,Cc1ccc(OS(=O)(=O)C2CC3OC2C(c2ccc(-n4ccnc4)cc2)=C3c2ccc(O)cc2)cc1,500.58,1.0,IC50,20.42,nM,Active
CHEMBL365314,COc1ccc2c(c1)/C(=C/c1ccncc1)CC2,237.3,0.0,IC50,280.0,nM,Intermediate
CHEMBL74295,CCCCCCCC[C@H]1CC2C3CCC(=O)C3(C)CCC2C2(C)CCCC=C12,384.65,1.0,IC50,50.0,nM,Active
CHEMBL113739,C#CC[C@H]1CC2C(CCC3(C)C(=O)CCC23)C2CCC(=O)C=C21,310.44,0.0,IC50,187.5,nM,Intermediate
CHEMBL282673,CCC[C@@H]1CC2C3CCC(=O)C3(C)CCC2C2(C)CCC(=O)C=C12,328.5,1.0,IC50,240.0,nM,Intermediate
CHEMBL469266,O=[N+]([O-])c1ccc2[nH]c(-c3ccccc3)cc2c1,238.25,0.0,IC50,9000.0,nM,Inactive
CHEMBL3622075,N#CC1(c2cc(Cn3cncn3)cc(Sc3ccc(OS(N)(=O)=O)cc3)c2)CC1,427.51,0.0,IC50,3.4,nM,Active
CHEMBL4212918,CN1CCN(C(=O)c2ccc(Cc3onc4c3C(=O)CC(C)(C)C4)cc2)CC1=O,395.46,0.0,IC50,31622.78,nM,Inactive
CHEMBL373074,CC1C/C(=C/c2cccnc2)c2ccccc21,221.3,0.0,IC50,2800.0,nM,Inactive
CHEMBL227113,CC1(C)C[C@H](O)C[C@@]2(C)OC(=O)C=C12,196.25,0.0,IC50,40.0,ug.mL-1,Active
CHEMBL2442762,CCn1ccc2c3c(Cn4cncn4)cc(-c4ccccc4)nc3ccc21,353.43,0.0,IC50,13.3,nM,Active
CHEMBL349963,C[C@]12CC=C3C(CCC4=CC(=O)CC[C@@]43CCSc3ccccc3)C1CCC2=O,406.59,1.0,IC50,400.0,nM,Intermediate
CHEMBL281947,Nc1ccc(C23CC2C(=O)N(CC2CCCCC2)C3=O)cc1,298.39,0.0,IC50,150.0,nM,Intermediate
CHEMBL480516,COc1cc(C(c2ccc(O)c(OC)c2)n2cncn2)ccc1O,327.34,0.0,IC50,215.0,nM,Intermediate
CHEMBL480514,Oc1ccc(C(c2ccc(O)cc2)n2cncn2)cc1,267.29,0.0,IC50,178.0,nM,Intermediate
CHEMBL100749,Cn1nnc2ccc(C(c3ccc(Cl)cc3)n3cncn3)cc21,324.77,0.0,IC50,2.59,nM,Active
CHEMBL224060,Cn1nnc2ccc([C@H](c3ccc(Cl)cc3)n3cncn3)cc21,324.77,0.0,IC50,44.2,nM,Active
CHEMBL1668327,CCC[C@H](O)C[C@@H]1Cc2cc(OC)c(OC)c(O)c2C(=O)O1,310.35,0.0,IC50,16100.0,nM,Inactive
CHEMBL1668329,CCCC(=O)CC[C@H]1OC(=O)c2c1cc(OC)c(OC)c2O,308.33,0.0,IC50,16200.0,nM,Inactive
CHEMBL1824745,CCCCCCCCCCc1cn(C(c2ccc(C#N)cc2)c2ccc(C#N)cc2)nn1,425.58,1.0,IC50,16020.0,nM,Inactive
CHEMBL1824758,CCCCCCCc1cn(C(c2ccccc2)c2ccccc2)nn1,333.48,1.0,IC50,19360.0,nM,Inactive
CHEMBL1825019,c1ccc(Cn2nccn2)cc1,159.19,0.0,IC50,16310.0,nM,Inactive
CHEMBL1825023,c1ccc(C(c2ccccc2)n2nccn2)cc1,235.29,0.0,IC50,12010.0,nM,Inactive
CHEMBL1825036,COc1ccc(OCc2cn(Cc3ccc(C#N)cc3)nn2)cc1,320.35,0.0,IC50,2340.0,nM,Inactive
CHEMBL3105517,O=C1c2cccc(F)c2OCC1c1ccccc1,242.25,0.0,IC50,15000.0,nM,Inactive
CHEMBL2011186,O=C1c2ccccc2OCC1c1cccnc1,225.25,0.0,IC50,44000.0,nM,Inactive
CHEMBL274318,O=C1CC(c2ccccc2)Oc2ccccc21,224.26,0.0,IC50,8000.0,nM,Inactive
CHEMBL3105527,O=C1c2cccc(F)c2OCC1c1cccnc1,243.24,0.0,IC50,67100.0,nM,Inactive
CHEMBL3105522,O=C1c2ccccc2OCC1c1cc(F)cc(F)c1,260.24,0.0,IC50,20000.0,nM,Inactive
CHEMBL286738,NS(=O)(=O)Oc1ccc2c3c(c(=O)oc2c1)CCCCC3,309.34,0.0,IC50,300.0,nM,Intermediate
CHEMBL488,CCC1(c2ccc(N)cc2)CCC(=O)NC1=O,232.28,0.0,IC50,5200.0,nM,Inactive
CHEMBL1783178,N#Cc1ccc(C2CC(n3ccnc3)c3ccc4ccccc4c3O2)cc1,351.41,1.0,IC50,534.0,nM,Intermediate
CHEMBL1783177,Oc1ccc(C2CC(n3ccnc3)c3ccc4ccccc4c3O2)cc1,342.4,0.0,IC50,32.0,nM,Active
CHEMBL151212,CCC1(c2ccc(N)cc2)CC(=O)NC1=O,218.26,0.0,IC50,13500.0,nM,Inactive
CHEMBL5414372,COc1cccc2cc(Cn3ccnc3)c(=O)oc12,256.26,0.0,IC50,2818.38,nM,Inactive
CHEMBL225472,COc1ccc2c(Cn3ccnc3)cc(=O)oc2c1,256.26,0.0,IC50,281.84,nM,Intermediate
CHEMBL488,CCC1(c2ccc(N)cc2)CCC(=O)NC1=O,232.28,0.0,IC50,8000.0,nM,Inactive
CHEMBL38877,CCCN1C(=O)CCC(CC)(c2ccncc2)C1=O,260.34,0.0,IC50,31000.0,nM,Inactive
CHEMBL368732,CN1C(=O)C2CC2(c2ccc(N)cc2)C1=O,216.24,0.0,IC50,14000.0,nM,Inactive
CHEMBL38439,CCCCCCCN1C(=O)CCC(CC)(c2ccncc2)C1=O,316.45,0.0,IC50,1500.0,nM,Inactive
CHEMBL484584,C[C@]12CCC(=O)C(Oc3ccccc3)=C1CC[C@@H]1[C@@H]2CC[C@]2(C)C(=O)CC[C@@H]12,378.51,1.0,IC50,530.0,nM,Intermediate
CHEMBL1629804,C[C@]12CCCC=C1CC[C@@H]1[C@@H]2CC[C@]2(C)C(=O)CC[C@@H]12,272.43,0.0,IC50,130.0,nM,Intermediate
CHEMBL592376,N#Cc1ccc(-c2ccc(OS(N)(=O)=O)cc2)cc1Cn1cncn1,355.38,0.0,IC50,176.0,nM,Intermediate
CHEMBL598199,N#Cc1ccc(Cn2cncn2)cc1-c1ccc(OS(N)(=O)=O)cc1,355.38,0.0,IC50,2.0,nM,Active
CHEMBL598846,N#Cc1cc(Cn2cncn2)cc(-c2ccc(O)c(Cl)c2)c1,310.74,0.0,IC50,24.0,nM,Active
CHEMBL3752166,CN1N=C2[C@H](C[C@H]3[C@@H]4CCC5=CC(=O)C=C[C@]5(C)[C@H]4CC[C@]23C)[C@H]1c1ccccc1,400.57,1.0,IC50,1820.0,nM,Inactive
CHEMBL274826,C[C@]12CCC(=O)C=C1CC[C@@H]1[C@@H]2CC[C@]2(C)C(=O)CC[C@@H]12,286.42,0.0,IC50,300.0,nM,Intermediate
CHEMBL103040,O=C(Cc1ccncc1)OC1=CC2CCC1C2,229.28,0.0,IC50,340.0,nM,Intermediate
CHEMBL54803,c1cc(CCn2ccnc2)c2cccnc2c1,223.28,0.0,IC50,350.0,nM,Intermediate
CHEMBL1173129,Nc1cccc(/C=C/c2ccc3c(c2)OCO3)c1,239.27,0.0,IC50,21860.0,nM,Inactive
CHEMBL1172396,Nc1ccc(CCc2cccc(N)c2)cc1,212.3,0.0,IC50,3210.0,nM,Inactive
CHEMBL496777,O=Cc1c(Cn2ccnc2)c2cc([N+](=O)[O-])ccc2n1Cc1ccccc1,360.37,0.0,IC50,190.3,nM,Intermediate
CHEMBL525379,O=c1c([C@H](c2ccc([N+](=O)[O-])cc2)n2ccnc2)coc2ccccc12,347.33,0.0,IC50,96.0,nM,Active
CHEMBL209047,COc1ccc2c(=O)c(Cn3ccnc3)c(-c3ccc(Br)cc3)oc2c1,411.26,0.0,IC50,4100.0,nM,Inactive
CHEMBL191488,COc1ccc2c(=O)c(-c3ccccc3)c(Sc3ncc[nH]3)oc2c1,350.4,0.0,IC50,50000.0,nM,Inactive
CHEMBL441404,CCCCCC[C@]1(c2ccncc2)CCC(=O)NC1=O,274.36,0.0,IC50,3600.0,nM,Inactive
CHEMBL463254,COc1cc(O)ccc1CCCc1ccc(O)c(CC=C(C)C)c1,326.44,0.0,IC50,40.0,ug.mL-1,Active
CHEMBL465880,CC(C)=CCc1c(O)ccc(C(=O)/C=C/c2ccc(O)cc2O)c1O,340.38,0.0,IC50,4600.0,nM,Inactive
CHEMBL458187,CC(C)=CCC/C(C)=C/Cc1c(-c2ccc(O)cc2O)oc2cc(O)cc(O)c2c1=O,422.48,1.0,IC50,24000.0,nM,Inactive
CHEMBL1097042,O=c1cc(-c2ccccc2)oc2c1ccc1cccc(O)c12,288.3,0.0,IC50,20.0,nM,Active
CHEMBL1097043,CCn1c(C)c(C(c2ccc(F)cc2)n2ccnc2)c2ccccc21,333.41,0.0,IC50,32.0,nM,Active
CHEMBL1098382,COc1ccc(C2=C(c3ccc(OC)c(OC)c3)C(=O)OC2)cc1OC,356.37,0.0,IC50,1.0,nM,Active
CHEMBL1083665,O=c1c2ccccc2sc2c(Cn3ccnc3)ccc([N+](=O)[O-])c12,337.36,0.0,IC50,16.5,nM,Active
CHEMBL28,O=c1cc(-c2ccc(O)cc2)oc2cc(O)cc(O)c12,270.24,0.0,IC50,10000.0,nM,Inactive
CHEMBL109211,C#CC[C@@H]1CC2C(CCC3(C)C(=O)CCC23)C2CCC(=O)C=C21,310.44,0.0,IC50,275.0,nM,Intermediate
CHEMBL193858,COc1cc2c(cc1OC)/C(=C/c1ccncc1)CCC2,281.36,0.0,IC50,90.0,nM,Active
CHEMBL192077,Cc1ccc2c(c1)/C(=C\c1ccncc1)CC2,221.3,0.0,IC50,1710.0,nM,Inactive
CHEMBL195354,COc1ccc2c(c1)CC/C2=C/c1cncs1,243.33,0.0,IC50,4830.0,nM,Inactive
CHEMBL5432300,COc1ccc(/C=C/c2ccccc2[N+](=O)[O-])cc1OC,285.3,0.0,IC50,3198.9,nM,Inactive
CHEMBL201831,COc1ccc2cc(C(c3ccc(C)cc3)n3cncn3)oc2c1,319.36,0.0,IC50,100.0,nM,Intermediate
CHEMBL371663,CCc1ccc(C(c2cc3ccc(OC)cc3o2)n2cncn2)cc1,333.39,0.0,IC50,1230.27,nM,Inactive
CHEMBL5428080,N#Cc1ccc(N(CSc2cccc(OS(N)(=O)=O)c2)n2cnnc2)cc1,402.46,0.0,IC50,3.899,nM,Active
CHEMBL5394799,CN(CCN(c1ccc(C#N)cc1)n1cnnc1)S(=O)(=O)c1ccc(OS(N)(=O)=O)cc1,477.53,0.0,IC50,10.0,nM,Active
CHEMBL3622061,N#Cc1ccc(N(CC2CCc3cc(OS(N)(=O)=O)ccc3C2)n2cnnc2)cc1,424.49,0.0,IC50,5.2,nM,Active
CHEMBL3622062,N#Cc1ccc(N(Cc2ccc3cc(OS(N)(=O)=O)ccc3c2)n2cnnc2)cc1,420.45,0.0,IC50,30.97,nM,Active
CHEMBL5437662,N#Cc1ccc(N(Cc2nc3ccc(O)cc3o2)n2cnnc2)cc1,332.32,0.0,IC50,16.0,nM,Active
CHEMBL5429338,NS(=O)(=O)Oc1ccc(C(c2ccc(Cl)cc2)n2cncn2)cc1Br,443.71,0.0,IC50,2.5,nM,Active
CHEMBL5416513,N#Cc1ccc(C(CCc2ccc(OS(N)(=O)=O)cc2)n2cncn2)cc1,383.43,0.0,IC50,0.2198,nM,Active
CHEMBL5421626,N#Cc1ccc(C(Cc2ccc(O)cc2)n2cncn2)cc1,290.33,0.0,IC50,2.897,nM,Active
CHEMBL5395326,N#Cc1ccc(N(Cc2c(F)cc(OS(N)(=O)=O)cc2F)n2cnnc2)cc1,406.37,0.0,IC50,1.3,nM,Active
CHEMBL5411834,N#Cc1ccc(N(Cc2ccc(OS(N)(=O)=O)c(F)c2F)n2cnnc2)cc1,406.37,0.0,IC50,7.096,nM,Active
CHEMBL5430986,CC1CCCCC1OC(=O)Cc1ccncc1,233.31,0.0,IC50,3198.9,nM,Inactive
CHEMBL5401526,C[C@@H]1CC[C@]23C[C@@H]1C(C)(C)[C@@H]2CC[C@@]3(C)OC(=O)Cc1cccnc1,341.5,0.0,IC50,1698.24,nM,Inactive
CHEMBL274318,O=C1CC(c2ccccc2)Oc2ccccc21,224.26,0.0,IC50,13803.84,nM,Inactive
CHEMBL307893,O=C1CC(c2ccc(O)c(O)c2)Oc2cc(O)cc(O)c21,288.25,0.0,IC50,599.79,nM,Intermediate
CHEMBL45068,O=C(CCc1ccc(O)cc1)c1c(O)cc(O)cc1O,274.27,0.0,IC50,2600.16,nM,Inactive
CHEMBL307160,O=c1c2ccccc2oc2c([N+](=O)[O-])ccc(Cn3ccnc3)c12,321.29,0.0,IC50,970.51,nM,Intermediate
CHEMBL350922,O=c1c2ccccc2oc2cc(Cn3ccnc3)ccc12,276.3,0.0,IC50,389.94,nM,Intermediate
CHEMBL5436006,N#Cc1ccc(N(Cc2ccc(O)cc2F)n2cnnc2)cc1,309.3,0.0,IC50,3.899,nM,Active
CHEMBL335215,Clc1ccc(C(c2ccc(Cl)cc2)n2ccnc2)cc1,303.19,0.0,IC50,41.98,nM,Active
CHEMBL135606,O=[N+]([O-])c1ccc(C(c2ccc([N+](=O)[O-])cc2)n2ccnc2)cc1,324.3,0.0,IC50,39.99,nM,Active
CHEMBL135115,OC(c1ccc(Cl)cc1)(c1ccc(Cl)cc1)c1cccnc1,330.21,0.0,IC50,149.97,nM,Intermediate
CHEMBL133079,FC(c1ccc(Cl)cc1)(c1ccc(Cl)cc1)c1cccnc1,332.21,1.0,IC50,199.99,nM,Intermediate
CHEMBL1195457,Clc1ccc(C(c2ccncc2)c2ccc(Cl)cc2)cc1,314.22,1.0,IC50,159.96,nM,Intermediate
CHEMBL5417855,N#Cc1ccc(C(CCc2c[nH]cn2)c2ccc(C#N)cc2)cc1,312.38,0.0,IC50,859.01,nM,Intermediate
CHEMBL135378,Clc1ccc(C(c2ccc(Cl)cc2)(c2c[nH]nn2)n2ccnc2)cc1,370.24,0.0,IC50,17.99,nM,Active
CHEMBL5423378,O=[N+]([O-])c1ccc(C(CCCc2c[nH]cn2)c2ccc([N+](=O)[O-])cc2)cc1,366.38,0.0,IC50,19998.62,nM,Inactive
CHEMBL5397197,N#Cc1ccc(N(CCCc2ccc(OS(N)(=O)=O)c(F)c2)n2cnnc2)cc1,416.44,0.0,IC50,2.5,nM,Active
CHEMBL5403263,Cc1cccc(CCCCC(c2ccc(F)cc2)c2c[nH]cn2)c1,322.43,1.0,IC50,3801.89,nM,Inactive
CHEMBL5439843,Fc1ccc(C(CCc2ccccc2)c2c[nH]cn2)cc1,280.35,0.0,IC50,699.84,nM,Intermediate
CHEMBL5394566,Fc1ccc(C(Cc2ccccc2)Cc2c[nH]cn2)cc1,280.35,0.0,IC50,4395.42,nM,Inactive
CHEMBL5408838,Fc1ccc(C(CCc2ccccc2)Cc2c[nH]cn2)cc1,294.37,0.0,IC50,2197.86,nM,Inactive
CHEMBL5397796,N#Cc1ccc(C(CCc2ccc(F)cc2)n2cncn2)cc1,306.34,0.0,IC50,190.11,nM,Intermediate
CHEMBL5411950,N#Cc1ccc(C(CCCc2ccc(F)cc2)n2ccnc2)cc1,319.38,0.0,IC50,39.99,nM,Active
CHEMBL5439983,N#Cc1ccc(/C(=C\CCc2ccc(F)cc2)n2cncn2)cc1,318.36,0.0,IC50,139.96,nM,Intermediate
CHEMBL112532,CCCCOc1ccc(-n2ccnc2)cc1,216.28,0.0,IC50,6.998,nM,Active
CHEMBL151038,CCCCOc1ccc(-c2oncc2C)cc1,231.29,0.0,IC50,479.73,nM,Intermediate
CHEMBL5438005,CC[C@H]1CC[C@@H](OC(=O)Cc2ccncc2)CC1,247.34,0.0,IC50,21677.04,nM,Inactive
CHEMBL5431850,N#Cc1ccc(N(CCCc2ccc(OS(N)(=O)=O)cc2)n2cnnc2)cc1,398.45,0.0,IC50,167.88,nM,Intermediate
CHEMBL112074,CCn1ccc2cc(C(c3ccccc3)n3ccnc3)ccc21,301.39,0.0,IC50,205.12,nM,Intermediate
CHEMBL351167,O=c1ccoc2c(Cn3ccnc3)ccc([N+](=O)[O-])c12,271.23,0.0,IC50,1100.0,nM,Inactive
CHEMBL28669,CC(C)CC1(c2ccc(N)cc2)CCC(=O)NC1=O,260.34,0.0,IC50,2999.16,nM,Inactive
CHEMBL5422087,CCCN1C(=O)CC(c2ccc(N)cc2)C1=O,232.28,0.0,IC50,8994.98,nM,Inactive
CHEMBL1094428,CCn1cc(C(c2ccccc2)n2ccnc2)c2cc(Br)ccc21,380.29,1.0,IC50,102.09,nM,Intermediate
CHEMBL5395094,Brc1ccccc1Cn1cc(Cn2ccnc2)c2ccccc21,366.26,0.0,IC50,67.45,nM,Active
CHEMBL92065,O=C1c2ccccc2CCC1Cc1ccncc1,237.3,0.0,IC50,4295.36,nM,Inactive
CHEMBL91818,O=C1c2ccc(O)cc2CCC1Cc1ccncc1,253.3,0.0,IC50,6194.41,nM,Inactive
CHEMBL5399600,COc1cc2ccc(Cn3ccnc3)cc2cc1F,256.28,0.0,IC50,169.82,nM,Intermediate
CHEMBL225178,O=c1cc(OCCn2ccnc2)c2ccccc2o1,256.26,0.0,IC50,758.58,nM,Intermediate
CHEMBL69011,Nc1ccc(/C=C/c2ccccc2)cc1,195.26,0.0,IC50,21978.6,nM,Inactive
CHEMBL1171680,COc1ccc(CCc2ccc(N)cc2)cc1OC,257.33,0.0,IC50,1798.87,nM,Inactive
CHEMBL5403643,Brc1cc(Br)c2oc(Cn3ccnc3)cc2c1,356.02,0.0,IC50,8053.78,nM,Inactive
CHEMBL29904,OC(c1ccc(Cl)cc1)(c1ccc(Cl)cc1)c1cncnc1,331.2,0.0,IC50,70.96,nM,Active
CHEMBL29523,COc1ccc(C(O)(c2cncnc2)c2ccc(C)c(C)c2)cc1C,334.42,0.0,IC50,1399.59,nM,Inactive
CHEMBL132530,C[C@]12CCC(=O)C(O)=C1CC[C@@H]1[C@@H]2CC[C@]2(C)C(=O)CC[C@@H]12,302.41,0.0,IC50,370.0,nM,Intermediate
CHEMBL1444,N#Cc1ccc(C(c2ccc(C#N)cc2)n2cncn2)cc1,285.31,0.0,IC50,1.8,nM,Active
CHEMBL71736,CC12CCC3C(CC=C4CCCCC43C=O)C1CCC2=O,286.42,0.0,IC50,9000.0,nM,Inactive
CHEMBL321729,CC1CCC(OC(=O)Cc2ccncc2)CC1,233.31,0.0,IC50,150.0,nM,Intermediate
CHEMBL3753182,C[C@]12CC[C@H]3[C@@H](CCC4=CC(=O)CC[C@@]43C(=O)C(F)(F)F)[C@@H]1CCC2=O,368.39,0.0,IC50,26000.0,nM,Inactive
CHEMBL158635,COc1ccc2c(=O)c(Cn3ccnc3)c(-c3ccccc3)oc2c1,332.36,0.0,IC50,550.0,nM,Intermediate
CHEMBL3415172,Cc1nnc2n1-c1c(F)cc(-c3cncc4ccccc34)cc1CC2,330.37,0.0,IC50,10000.0,nM,Inactive
CHEMBL3415175,Cc1c(F)cncc1-c1cc(F)c2c(c1)CCc1nncn1-2,298.3,0.0,IC50,10000.0,nM,Inactive
CHEMBL270488,O=C(Nc1ccc([N+](=O)[O-])cc1OCc1ccccc1)c1ccc(-c2ccccc2)cc1,424.46,1.0,IC50,25000.0,nM,Inactive
CHEMBL273049,O=C(Nc1ccc([N+](=O)[O-])cc1OCc1ccccc1)c1ccc(Cl)c(Cl)c1,417.25,1.0,IC50,25000.0,nM,Inactive
CHEMBL260098,O=C(Nc1ccc([N+](=O)[O-])cc1OCc1ccccc1)c1ccc(Cl)c([N+](=O)[O-])c1,427.8,0.0,IC50,25000.0,nM,Inactive
CHEMBL404981,CC(=O)Nc1ccc([N+](=O)[O-])cc1OCc1ccccc1,286.29,0.0,IC50,1180.0,nM,Inactive
CHEMBL222189,CN(c1ccc([N+](=O)[O-])cc1OCc1cccc2ccccc12)S(C)(=O)=O,386.43,0.0,IC50,1170.0,nM,Inactive
CHEMBL223368,CN(c1ccc([N+](=O)[O-])cc1OCc1ccccc1-c1ccccc1)S(C)(=O)=O,412.47,0.0,IC50,330.0,nM,Intermediate
CHEMBL204501,CS(=O)(=O)Nc1ccc([N+](=O)[O-])cc1OCC1CCCCC1,328.39,0.0,IC50,1210.0,nM,Inactive
CHEMBL372835,COc1cc([N+](=O)[O-])ccc1N(C)S(C)(=O)=O,260.27,0.0,IC50,25000.0,nM,Inactive
CHEMBL3350384,CCC(=C(c1ccc(O)cc1)c1ccc(OCCN)cc1)c1ccccc1,359.47,1.0,IC50,102.2,nM,Intermediate
CHEMBL9298,N#Cc1ccc(C2CCCc3cncn32)cc1,223.28,0.0,IC50,52.0,nM,Active
CHEMBL3105520,O=C1c2ccccc2OCC1c1cccc(F)c1,242.25,0.0,IC50,35000.0,nM,Inactive
CHEMBL488,CCC1(c2ccc(N)cc2)CCC(=O)NC1=O,232.28,0.0,IC50,6130.0,nM,Inactive
CHEMBL1629802,C[C@]12CC[C@H]3O[C@H]3[C@@H]1CC[C@@H]1[C@@H]2CC[C@]2(C)C(=O)CC[C@@H]12,288.43,0.0,IC50,145.0,nM,Intermediate
CHEMBL1629806,C[C@]12CCCC=C1[C@@H](O)C[C@@H]1[C@@H]2CC[C@]2(C)C(=O)CC[C@@H]12,288.43,0.0,IC50,190.0,nM,Intermediate
CHEMBL1630269,CC(=O)OC1CCC[C@]2(C)C1=CC[C@H]1[C@@H]3CCC(=O)[C@@]3(C)CC[C@@H]12,330.47,0.0,IC50,700.0,nM,Intermediate
CHEMBL1630279,C[C@]12CCCC(=O)[C@@H]1CC[C@@H]1[C@@H]2CC[C@]2(C)C(=O)CC[C@@H]12,288.43,0.0,IC50,2400.0,nM,Inactive
CHEMBL226790,N#Cc1ccc(N(Cc2ccc(O)c(I)c2)n2cnnc2)cc1,417.21,0.0,IC50,0.33,nM,Active
CHEMBL390717,COc1cc(CN(c2ccc(C#N)cc2)n2cnnc2)cc(Cl)c1OS(N)(=O)=O,434.87,0.0,IC50,2.9,nM,Active
CHEMBL4074186,CCOC(=O)c1oc(-c2cc3ccc(N(CC)CC)cc3oc2=O)nc1C,370.41,0.0,IC50,10000.0,nM,Inactive
CHEMBL2003274,C[C@]12CCC(=O)C=C1CC[C@@H]1[C@@H]2CC[C@]2(C)C(=O)/C(=C/c3ccncc3)C[C@@H]12,375.51,1.0,IC50,5200.0,nM,Inactive
CHEMBL25588,C[C@H]1CC2C3CCC(=O)C3(C)CCC2C2(C)CCC(=O)C=C12,300.44,0.0,IC50,350.0,nM,Intermediate
CHEMBL599239,N#Cc1ccc(Cn2cncn2)cc1-c1ccc(Cl)c(OS(N)(=O)=O)c1,389.82,0.0,IC50,0.35,nM,Active
CHEMBL286738,NS(=O)(=O)Oc1ccc2c3c(c(=O)oc2c1)CCCCC3,309.34,0.0,IC50,300.0,nM,Intermediate
CHEMBL592852,N#Cc1ccc(Cn2cncn2)cc1-c1ccccc1,260.3,0.0,IC50,0.2,nM,Active
CHEMBL597808,N#Cc1ccc(Cn2cncn2)cc1-c1ccc(O)c(Cl)c1,310.74,0.0,IC50,0.15,nM,Active
CHEMBL5414163,C1=NC=NC1CCCCCC(c1ccccc1)c1ccccc1,304.44,1.0,IC50,14487.72,nM,Inactive
CHEMBL5423840,Fc1ccc(C(CCc2c[nH]cn2)c2ccccc2)cc1,280.35,0.0,IC50,10092.53,nM,Inactive
CHEMBL5421595,Fc1ccc(C(CCCc2c[nH]cn2)c2ccc(F)cc2)cc1,312.36,0.0,IC50,3303.7,nM,Inactive
CHEMBL260553,CC(C)=CCc1c(O)cc2oc3cc(O)c(O)c(CC=C(C)C)c3c(=O)c2c1O,396.44,0.0,IC50,6900.0,nM,Inactive
CHEMBL2442760,CCn1ccc2c3c(Cn4ccnc4)cc(-c4ccccc4)nc3ccc21,352.44,1.0,IC50,3.1,nM,Active
CHEMBL2442758,CCn1ccc2c3nc(-c4ccccc4)cc(Cn4ccnc4)c3ccc21,352.44,1.0,IC50,5.3,nM,Active
CHEMBL488,CCC1(c2ccc(N)cc2)CCC(=O)NC1=O,232.28,0.0,IC50,6400.0,nM,Inactive
CHEMBL465879,COc1ccc(CCCc2ccc(O)cc2)c(O)c1,258.32,0.0,IC50,30000.0,nM,Inactive
CHEMBL4165064,COc1ccc(S(=O)(=O)NCCc2c(C(c3ccccc3)c3[nH]c4ccccc4c3CCNS(=O)(=O)c3ccc(OC)cc3)[nH]c3ccccc23)cc1,748.93,2.0,IC50,3500.0,nM,Inactive
CHEMBL4174637,O=[N+]([O-])c1ccc(C(c2[nH]c3ccccc3c2CCNS(=O)(=O)c2ccc(Br)cc2)c2[nH]c3ccccc3c2CCNS(=O)(=O)c2ccc(Br)cc2)cc1,891.66,2.0,IC50,2700.0,nM,Inactive
CHEMBL4163983,O=[N+]([O-])c1ccc(C(c2[nH]c3ccccc3c2CCNS(=O)(=O)c2ccc(F)cc2)c2[nH]c3ccccc3c2CCNS(=O)(=O)c2ccc(F)cc2)cc1,769.85,2.0,IC50,3500.0,nM,Inactive
CHEMBL4161859,COc1ccc(S(=O)(=O)NCCc2c(C(c3ccccc3O)c3[nH]c4ccccc4c3CCNS(=O)(=O)c3ccc(OC)cc3)[nH]c3ccccc23)cc1,764.93,2.0,IC50,800.0,nM,Intermediate
CHEMBL4168266,O=C1Nc2ccccc2C1(c1[nH]c2ccccc2c1CCNS(=O)(=O)c1ccccc1[N+](=O)[O-])c1[nH]c2ccccc2c1CCNS(=O)(=O)c1ccccc1[N+](=O)[O-],819.88,2.0,IC50,9800.0,nM,Inactive
CHEMBL157101,CC(=O)N1CCN(c2ccc(OCC3COC(Cn4ccnc4)(c4ccc(Cl)cc4Cl)O3)cc2)CC1,531.44,1.0,IC50,1600.0,nM,Inactive
CHEMBL3931836,O=S(=O)(C1CCOCC1)N1CCN(c2ccc(OC[C@@H]3CO[C@@](Cn4ccnc4)(c4ccc(Cl)cc4Cl)O3)cc2)CC1,637.59,1.0,IC50,1240.0,nM,Inactive
CHEMBL1444,N#Cc1ccc(C(c2ccc(C#N)cc2)n2cncn2)cc1,285.31,0.0,IC50,1.1,nM,Active
CHEMBL95109,COc1ccc2c(c1)OC(c1ccccc1)CC2n1ccnc1,306.37,0.0,IC50,91.0,nM,Active
CHEMBL3793091,O=c1c(Cc2ccncc2)coc2cc(F)ccc12,255.25,0.0,IC50,5000.0,nM,Inactive
CHEMBL1630266,C[C@]12CC[C@H]3[C@@H](C[C@H](O)C4=CCCC[C@@]43CO)[C@@H]1CCC2=O,304.43,0.0,IC50,1400.0,nM,Inactive
CHEMBL1630273,C[C@]12CC[C@H]3[C@@H](CC=C4[C@H](O)CCC[C@@]43CO)[C@@H]1CCC2=O,304.43,0.0,IC50,6800.0,nM,Inactive
CHEMBL2011185,O=C1c2ccccc2OCC1c1ccsc1,230.29,0.0,IC50,30000.0,nM,Inactive
CHEMBL157101,CC(=O)N1CCN(c2ccc(OCC3COC(Cn4ccnc4)(c4ccc(Cl)cc4Cl)O3)cc2)CC1,531.44,1.0,IC50,1300.0,nM,Inactive
CHEMBL9298,N#Cc1ccc(C2CCCc3cncn32)cc1,223.28,0.0,IC50,5.0,nM,Active
CHEMBL1097041,Cn1c(=O)sc2cc(C(c3ccccc3)n3ccnc3)ccc21,321.41,0.0,IC50,13.0,nM,Active
CHEMBL1098424,Fc1ccc2ccc(Cn3ccnc3)cc2c1,226.25,0.0,IC50,160.0,nM,Intermediate
CHEMBL283196,O=c1cc(-c2ccccc2)oc2c1ccc1ccccc12,272.3,0.0,IC50,70.0,nM,Active
CHEMBL117,O=c1cc(-c2ccccc2)oc2cc(O)cc(O)c12,254.24,0.0,IC50,1.0,nM,Active
CHEMBL254328,C[C@]12CC[C@H](O)CC1=CC[C@@H]1[C@@H]2CC[C@]2(C)C(c3cccnc3)=CC[C@@H]12,349.52,1.0,IC50,20000.0,nM,Inactive
CHEMBL2431524,C[C@]12CC[C@H]3[C@@H](CC[C@@]4(O)[C@@H](O)C(=O)CC[C@]34C)[C@@H]1CCC2=O,320.43,0.0,IC50,29100.0,nM,Inactive
CHEMBL2333329,COc1ccc(Cn2ccnc2)c2c(=O)c3ccccc3oc12,306.32,0.0,IC50,1100.0,nM,Inactive
CHEMBL2333328,O=c1c2ccccc2oc2c(-c3ccccc3)ccc(Cn3ccnc3)c12,352.39,0.0,IC50,300.0,nM,Intermediate
CHEMBL4126284,CCS(=O)(=O)N1CCN(c2ccc(/C=C/c3cc(F)cc(-c4ccncc4)c3)cc2)CC1,451.57,0.0,IC50,10000.0,nM,Inactive
CHEMBL4289930,CC(=O)N1CCN(c2ccc(CO[C@H]3CO[C@](Cn4ccnc4)(c4ccc(Cl)cc4Cl)OC3)cc2)CC1,545.47,1.0,IC50,350.0,nM,Intermediate
CHEMBL229861,CC[C@H]1[C@@H]2[C@@H](O)CCN2C(=O)N1c1ccc(C#N)c(Cl)c1C,319.79,0.0,IC50,100000.0,nM,Inactive
CHEMBL476979,Clc1ccc(CN(Cc2ccc(-c3ccccc3)cc2)n2ccnc2)s1,379.92,1.0,IC50,1040.0,nM,Inactive
CHEMBL517816,CC(C)(C)c1ccc(CN(Cc2cccs2)n2cncn2)cc1,326.47,0.0,IC50,9230.0,nM,Inactive
CHEMBL521591,Clc1ccccc1CN(Cc1ccc(-c2ccccc2)cc1)n1ccnc1,373.89,1.0,IC50,300.0,nM,Intermediate
CHEMBL4227385,Oc1ccccc1-c1csc(-c2ncccn2)n1,255.3,0.0,IC50,0.42,nM,Active
CHEMBL225499,O=c1cc(Cn2ccnc2)c2ccc(OCc3ccccc3)cc2o1,332.36,0.0,IC50,150.0,nM,Intermediate
CHEMBL274826,C[C@]12CCC(=O)C=C1CC[C@@H]1[C@@H]2CC[C@]2(C)C(=O)CC[C@@H]12,286.42,0.0,IC50,260.0,nM,Intermediate
CHEMBL53068,C1=C(Cn2ccnc2)c2cccnc2CC1,211.27,0.0,IC50,170.0,nM,Intermediate
CHEMBL300109,c1cnc2c(c1)C(Cn1ccnc1)CCC2,213.28,0.0,IC50,160.0,nM,Intermediate
CHEMBL103040,O=C(Cc1ccncc1)OC1=CC2CCC1C2,229.28,0.0,IC50,870.0,nM,Intermediate
CHEMBL314125,CCCCCCCN1C(=O)CC[C@](CC)(c2ccncc2)C1=O,316.45,0.0,IC50,1500.0,nM,Inactive
CHEMBL4087613,CCN(CC)c1ccc2cc(-c3cnco3)c(=O)oc2c1,284.31,0.0,IC50,3100.0,nM,Inactive
CHEMBL488,CCC1(c2ccc(N)cc2)CCC(=O)NC1=O,232.28,0.0,IC50,9000.0,nM,Inactive
CHEMBL71363,CC12CCC3C(CC=C4CCCCC43C)C1C[C@@H](Br)C2=O,351.33,1.0,IC50,55000.0,nM,Inactive
CHEMBL4516755,Cc1ccc(S(=O)(=O)Nc2ccc3cc[nH]c3c2)cc1,286.36,0.0,IC50,490.0,nM,Intermediate
CHEMBL337251,C[C@@H]1C(OC(=O)C(C)(C)c2cccnc2)CC2CC1C2(C)C,301.43,0.0,IC50,30000.0,nM,Inactive
CHEMBL383807,Clc1ccc2c(c1)CC/C2=C\c1cccnc1,241.72,0.0,IC50,4260.0,nM,Inactive
CHEMBL362441,COc1ccc2c(c1)CCC/C2=C\c1cccnc1,251.33,0.0,IC50,1130.0,nM,Inactive
CHEMBL366669,COc1cc2c(cc1OC)/C(=C/c1cccnc1)CCC2,281.36,0.0,IC50,980.0,nM,Intermediate
CHEMBL176009,Cc1cccc2c1CC/C2=C/c1cccnc1,221.3,0.0,IC50,12630.0,nM,Inactive
CHEMBL370530,Fc1ccc2c(c1)CC/C2=C\c1cccc2cnccc12,275.33,0.0,IC50,720.0,nM,Intermediate
CHEMBL383145,C(=C1c2ccccc2-c2ccccc21)c1ccncc1,255.32,0.0,IC50,2740.0,nM,Inactive
CHEMBL4639677,CCC#CCOc1cc(Cn2ccnc2)c2c(=O)c3ccccc3oc2c1,358.4,0.0,IC50,2850.0,nM,Inactive
CHEMBL184749,O=c1c(-c2ccccc2)c(SCc2ccncc2)oc2cc(O)ccc12,361.42,0.0,IC50,610.0,nM,Intermediate
CHEMBL28173,CCCCCCCN1C(=O)C2CC(c3ccc(N)cc3)(C2)C1=O,314.43,0.0,IC50,49.0,nM,Active
CHEMBL3422040,N#CC/C(=C(/c1ccc(O)cc1)c1ccc(OCCN)cc1)c1ccccc1,370.45,0.0,IC50,48.9,nM,Active
CHEMBL488,CCC1(c2ccc(N)cc2)CCC(=O)NC1=O,232.28,0.0,IC50,2800.0,nM,Inactive
CHEMBL27467,Nc1ccc(C23CC(C2)C(=O)N(C2CCCCC2)C3=O)cc1,298.39,0.0,IC50,13.0,nM,Active
CHEMBL489189,Fc1ccccc1CC(Cc1ccc(-c2ccccc2)cc1)n1ccnc1,356.44,1.0,IC50,1370.0,nM,Inactive
CHEMBL490194,Clc1ccc(CN(Cc2ccc(-c3ccccc3)cc2)n2ccnc2)c(Cl)c1,408.33,1.0,IC50,3650.0,nM,Inactive
CHEMBL491213,Fc1ccc(CN(Cc2ccc(-c3ccccc3)cc2)n2ccnc2)cc1,357.43,1.0,IC50,190.0,nM,Intermediate
CHEMBL491013,Clc1ccc(CN(Cc2ccc(-c3ccccc3)cc2)n2ccnc2)cc1,373.89,1.0,IC50,1180.0,nM,Inactive
CHEMBL364080,C(=C1\CCc2ccccc21)\c1cccnc1,207.28,0.0,IC50,2040.0,nM,Inactive
CHEMBL190099,COc1ccc2c(=O)c(-c3ccccc3)c(-n3cncn3)oc2c1,319.32,0.0,IC50,18000.0,nM,Inactive
CHEMBL70901,Nc1ccc(C2(C3CCCCC3)CCC(=O)NC2=O)cc1,286.38,0.0,IC50,150.0,nM,Intermediate
CHEMBL202226,N#Cc1ccc(C(c2cc3ccc(O)cc3o2)n2cncn2)cc1,316.32,0.0,IC50,20.0,nM,Active
CHEMBL195996,c1ccc2cc(-n3ccnc3)ccc2c1,194.24,0.0,IC50,2821.0,nM,Inactive
CHEMBL368305,Cc1cccc2c1CC/C2=C\c1cccnc1,221.3,0.0,IC50,4720.0,nM,Inactive
CHEMBL175962,C(=C1\CCc2ccccc21)\c1ccncc1,207.28,0.0,IC50,6700.0,nM,Inactive
CHEMBL360026,C(=C1\CCCc2ccccc21)\c1ccncc1,221.3,0.0,IC50,650.0,nM,Intermediate
CHEMBL592131,N#Cc1ccc(Cn2cncn2)cc1-c1ccc(OS(N)(=O)=O)c(Cl)c1,389.82,0.0,IC50,0.5,nM,Active
CHEMBL1672975,N#Cc1ccc(N(Cc2ccc(Br)cc2)n2cnnc2)cc1-c1ccc(OS(N)(=O)=O)cc1,525.39,1.0,IC50,0.05,nM,Active
CHEMBL479942,NS(=O)(=O)Oc1ccc(C(c2ccc(OS(N)(=O)=O)cc2)n2cncn2)cc1,425.45,0.0,IC50,3044.0,nM,Inactive
CHEMBL204039,Clc1ccc(C(c2ccc3[nH]ccc3c2)n2ccnc2)cc1,307.78,0.0,IC50,9.0,nM,Active
CHEMBL193534,Brc1ccc2cc(-c3cccnc3)ccc2c1,284.16,0.0,IC50,36000.0,nM,Inactive
CHEMBL1630262,CCCCCC(=O)OC1=C2CC[C@@H]3[C@H](CC[C@]4(C)C(=O)CC[C@@H]34)[C@@]2(C)CCC1,386.58,1.0,IC50,1800.0,nM,Inactive
CHEMBL3623215,C[C@]12Cc3cn[nH]c3C(=O)[C@@H]1CC[C@@H]1[C@@H]2CC[C@]2(C)[C@@H](O)CC[C@@H]12,328.46,0.0,IC50,510.0,nM,Intermediate
CHEMBL274318,O=C1CC(c2ccccc2)Oc2ccccc21,224.26,0.0,IC50,8000.0,nM,Inactive
CHEMBL1630267,C[C@]12CC[C@H]3[C@@H](C[C@@H](O)C4=CCCC[C@@]43CO)[C@@H]1CCC2=O,304.43,0.0,IC50,940.0,nM,Intermediate
CHEMBL3415159,CC(C)c1nnc2n1-c1c(F)cc(-c3cccnc3)cc1CC2,308.36,0.0,IC50,10000.0,nM,Inactive
CHEMBL3415160,Fc1cc2c(cc1-c1cccnc1)CCc1nnc(-c3ccccc3)n1-2,342.38,0.0,IC50,10000.0,nM,Inactive
CHEMBL3415174,Fc1cncc(-c2cc(F)c3c(c2)CCc2nncn2-3)c1,284.27,0.0,IC50,10000.0,nM,Inactive
CHEMBL607855,N#Cc1cc(Cn2cncn2)ccc1-c1ccc(O)cc1,276.3,0.0,IC50,920.0,nM,Intermediate
CHEMBL589738,N#Cc1ccc(Cn2cncn2)c(-c2ccccc2)c1,260.3,0.0,IC50,1.7,nM,Active
CHEMBL598223,N#Cc1ccc(Cn2cncn2)c(-c2ccc(O)c(Cl)c2)c1,310.74,0.0,IC50,0.8,nM,Active
CHEMBL592131,N#Cc1ccc(Cn2cncn2)cc1-c1ccc(OS(N)(=O)=O)c(Cl)c1,389.82,0.0,IC50,0.5,nM,Active
CHEMBL388930,O=C(c1ccccc1)c1cc(Cn2ccnc2)ccc1[N+](=O)[O-],307.31,0.0,IC50,31.0,nM,Active
CHEMBL2312957,COc1ccc(C(c2ccncc2)c2cc3c4c(c2)CCN4C(=O)CC3)cc1,370.45,0.0,IC50,92.0,nM,Active
CHEMBL2312964,O=C1CCc2cc(C(O)c3cccnc3)cc3c2N1CC3,280.33,0.0,IC50,5000.0,nM,Inactive
CHEMBL388507,COc1cc(CN(c2ccc(C#N)cc2)n2cnnc2)cc(Cl)c1O,355.79,0.0,IC50,0.51,nM,Active
CHEMBL267508,COc1ccc2c(c1)OC(c1ccccc1)/C(=C/c1ccncc1)C2=O,343.38,0.0,IC50,1600.0,nM,Inactive
CHEMBL22485,O=C1c2cccc(O)c2CC1Cc1ccncc1,239.27,0.0,IC50,4200.0,nM,Inactive
CHEMBL366570,Cc1ccc2c(c1)/C(=C\c1cccnc1)CC2,221.3,0.0,IC50,4600.0,nM,Inactive
CHEMBL176287,Clc1cccc2c1CC/C2=C\c1cccnc1,241.72,0.0,IC50,130.0,nM,Intermediate
CHEMBL1957218,Cc1cnccc1-c1nc(-c2cccnc2)cs1,253.33,0.0,IC50,78.0,nM,Active
CHEMBL2235952,O=C1/C(=C/c2ccccc2OCCCn2ccnc2)Cc2ccccc21,344.41,0.0,IC50,1100.0,nM,Inactive
CHEMBL1203766,Brc1ccc(C2CCCc3cncn32)cc1.Cl,313.63,0.0,IC50,7.6,nM,Active
CHEMBL3099686,COC(=O)[C@]1(c2ccc(C#N)cc2Cl)CCc2cncn21,301.73,0.0,IC50,50.0,nM,Active
CHEMBL419619,COc1cc2c(cc1Br)CCC1C(c3ccncc3)C21,330.23,0.0,IC50,920.0,nM,Intermediate
CHEMBL206283,CC1=C(c2cccnc2)CCc2ccccc21,221.3,0.0,IC50,6045.0,nM,Inactive
CHEMBL168434,O=C1/C(=C/c2c[nH]cn2)CCc2ccccc21,224.26,0.0,IC50,260.0,nM,Intermediate
CHEMBL169086,O=C1/C(=C/c2cncs2)CCc2ccccc21,241.31,0.0,IC50,1100.0,nM,Inactive
CHEMBL388093,COc1ccc(CN(c2ccc(C#N)cc2)n2cnnc2)cc1O,321.34,0.0,IC50,1.2,nM,Active
CHEMBL130546,CC12CCC3C(Cc4c5c(nn4Cc4ccccc4)C(=O)CCC53C)C1CCC2=O,402.54,0.0,IC50,245.0,nM,Intermediate
CHEMBL369623,Clc1cccc2c1CC/C2=C/c1cccnc1,241.72,0.0,IC50,230.0,nM,Intermediate
CHEMBL176118,Brc1ccc2c(c1)CC/C2=C/c1cccnc1,286.17,0.0,IC50,7370.0,nM,Inactive
CHEMBL366669,COc1cc2c(cc1OC)/C(=C/c1cccnc1)CCC2,281.36,0.0,IC50,980.0,nM,Intermediate
CHEMBL425323,CCOc1ccc2c(c1)CC/C2=C\c1cccnc1,251.33,0.0,IC50,7080.0,nM,Inactive
CHEMBL134748,C[C@@H]1C(OC(=O)Cc2ccccn2)CC2CC1C2(C)C,273.38,0.0,IC50,20000.0,nM,Inactive
CHEMBL3349864,C[C@]12CCC[C@H](O)C1=CC[C@@H]1[C@@H]2CC[C@]2(C)C(=O)CC[C@@H]12,288.43,0.0,IC50,280.0,nM,Intermediate
CHEMBL2165325,O=C1CCc2cc(-c3cccnc3)cc(-c3ccsc3)c2N1,306.39,0.0,IC50,275.0,nM,Intermediate
CHEMBL2165319,CN1C(=O)CCc2cc(-c3cccnc3)c(OC3CCCC3)cc21,322.41,0.0,IC50,22.0,nM,Active
CHEMBL9687,COc1ccc2c(c1)OC(c1ccccc1)CC2=O,254.28,0.0,IC50,8000.0,nM,Inactive
CHEMBL1399,CC(C)(C#N)c1cc(Cn2cncn2)cc(C(C)(C)C#N)c1,293.37,0.0,IC50,15.0,nM,Active
CHEMBL28,O=c1cc(-c2ccc(O)cc2)oc2cc(O)cc(O)c12,270.24,0.0,IC50,900.0,nM,Intermediate
CHEMBL91101,COc1cccc2c1CC/C(=C\c1ccncc1)C2=O,265.31,0.0,IC50,6300.0,nM,Inactive
CHEMBL294360,Fc1ccc(C(C2Cc3ccccc3O2)n2cnnn2)cc1,296.3,0.0,IC50,2170.0,nM,Inactive
CHEMBL113242,O=C(OCc1ccncc1)C12CC3CC(CC(C3)C1)C2,271.36,0.0,IC50,580.0,nM,Intermediate
CHEMBL281871,CC12CCC3C(C[C@@H](c4ccccc4)C4=CC(=O)CCC43C)C1CCC2=O,362.51,1.0,IC50,1700.0,nM,Inactive
CHEMBL4207850,N#Cc1ccc2[nH]c(-c3cccnc3)cc2c1,219.25,0.0,IC50,11500.0,nM,Inactive
CHEMBL193652,Clc1ccc2c(c1)CC/C2=C/c1cccnc1,241.72,0.0,IC50,4050.0,nM,Inactive
CHEMBL365314,COc1ccc2c(c1)/C(=C/c1ccncc1)CC2,237.3,0.0,IC50,280.0,nM,Intermediate
CHEMBL1824753,COc1ccc(OCc2cn(C(c3ccc(C#N)cc3)c3ccc(C#N)cc3)nn2)cc1,421.46,0.0,IC50,12160.0,nM,Inactive
CHEMBL1825042,c1ccc(Cn2cc(C3CCCCC3)nn2)cc1,241.34,0.0,IC50,7980.0,nM,Inactive
CHEMBL1957208,Brc1cccc(-c2nc(-c3cccnc3)ns2)c1,318.2,0.0,IC50,6730.0,nM,Inactive
CHEMBL1957219,Brc1ccc(-c2csc(-c3ccncc3)n2)cn1,318.2,0.0,IC50,2680.0,nM,Inactive
CHEMBL1957222,CCOc1ccc(-c2csc(-c3ccncc3)n2)cn1,283.36,0.0,IC50,1360.0,nM,Inactive
CHEMBL379019,COc1ccc(C(c2cc3ccc(OC)cc3o2)n2cncn2)cc1,335.36,0.0,IC50,130.02,nM,Intermediate
CHEMBL446706,Oc1ccc2cc(C(c3ccc(Cl)cc3)n3cncn3)oc2c1,325.75,0.0,IC50,1458.81,nM,Inactive
CHEMBL3622073,N#CC1(c2cc(Cn3cncn3)cc(Sc3ccc(OS(N)(=O)=O)cc3)c2)CCC1,441.54,0.0,IC50,20.7,nM,Active
CHEMBL3622077,CC(C)(C#N)c1cc(/C=C/c2ccc(OS(N)(=O)=O)cc2)cc(Cn2cncn2)c1,423.5,0.0,IC50,25.53,nM,Active
CHEMBL5432233,N#Cc1ccc(N(CCc2ccc(OS(N)(=O)=O)c(F)c2)n2cnnc2)cc1,402.41,0.0,IC50,2.0,nM,Active
CHEMBL3622054,N#Cc1ccc(N(CCSc2ccc(O)cc2)n2cnnc2)cc1,337.41,0.0,IC50,0.2799,nM,Active
CHEMBL3622057,N#Cc1ccc(N(CCSc2ccc(OS(N)(=O)=O)c(Cl)c2)n2cnnc2)cc1,450.93,0.0,IC50,0.4498,nM,Active
CHEMBL5433734,C[C@@H]1[C@@H](OC(=O)Cc2cccnc2)C[C@H]2C[C@@H]1C2(C)C,273.38,0.0,IC50,5597.58,nM,Inactive
CHEMBL3084924,CC1(OC(=O)Cc2cccnc2)C2CC3CC(C2)CC1C3,285.39,0.0,IC50,10789.47,nM,Inactive
CHEMBL133081,COc1ccc(CCC(=O)c2c(O)cc(O)cc2O)cc1O,304.3,0.0,IC50,24210.29,nM,Inactive
CHEMBL157925,O=c1ccoc2cc(Cn3cnnc3)ccc12,227.22,0.0,IC50,3698.28,nM,Inactive
CHEMBL5421908,N#Cc1ccc(N(n2cnnc2)C(F)(F)c2ccc(OS(N)(=O)=O)cc2)cc1,406.37,0.0,IC50,1013.91,nM,Inactive
CHEMBL5432975,Fc1cccc(C(CCc2c[nH]cn2)c2cccc(F)c2)c1,298.34,0.0,IC50,19010.78,nM,Inactive
CHEMBL5437945,Fc1ccc(C(CCc2c[nH]cn2)c2ccc(F)cc2)cc1,298.34,0.0,IC50,5000.35,nM,Inactive
CHEMBL5440707,N#Cc1ccc(C(CCc2c[nH]cn2)c2ccc(C(F)(F)F)cc2)cc1,355.36,1.0,IC50,2398.83,nM,Inactive
CHEMBL5411125,N#Cc1ccc(C(CCCc2c[nH]cn2)c2ccc(C#N)cc2)cc1,326.4,0.0,IC50,1599.56,nM,Inactive
CHEMBL26207,OC(c1ccc(Cl)cc1)(c1cncnc1)C1CC2CCC1C2,314.82,0.0,IC50,7798.3,nM,Inactive
CHEMBL150999,CCCCOc1ccc(-c2ncc[nH]2)cc1,216.28,0.0,IC50,18706.82,nM,Inactive
CHEMBL112908,CC(C)(OC(=O)C12CC3CC(CC(C3)C1)C2)c1ccncc1,299.41,0.0,IC50,19998.62,nM,Inactive
CHEMBL113647,O=C(OCc1cccnc1)C12CC3CC(CC(C3)C1)C2,271.36,0.0,IC50,7998.34,nM,Inactive
CHEMBL415725,Clc1ccc(C(c2ccc(Cl)cc2)c2cccnc2)cc1,314.22,1.0,IC50,83.95,nM,Active
CHEMBL93828,O=C1c2cccc(O)c2CCC1Cc1ccncc1,253.3,0.0,IC50,210.0,nM,Intermediate
CHEMBL287677,N#Cc1ccc([C@H]2CCCc3cncn32)cc1,223.28,0.0,IC50,680.0,nM,Intermediate
CHEMBL349851,C[C@]12CC=C3C(CCC4=CC(=O)CC[C@@]43CCSSc3ccccc3)C1CCC2=O,438.66,1.0,IC50,1000.0,nM,Intermediate
CHEMBL419131,COc1ccc2c(c1)C(=O)/C(=C/c1ccncc1)CC2,265.31,0.0,IC50,13000.0,nM,Inactive
CHEMBL5269208,C[C@]12C[C@@H](CCCc3ccccc3)C(=O)C=C1CC[C@@H]1[C@@H]2CC[C@]2(C)C(=O)CC[C@@H]12,404.59,1.0,IC50,50234.26,nM,Inactive
CHEMBL3245357,C[C@]12CCC(=O)C=C1C[C@@H](Sc1ccc(N)cc1)[C@@H]1[C@@H]2CC[C@]2(C)C(=O)CC[C@@H]12,409.6,1.0,IC50,159.96,nM,Intermediate
CHEMBL5276820,C[C@]12CCC(=O)C=C1C=C(CCc1ccc(N)cc1)[C@@H]1[C@@H]2CC[C@]2(C)C(=O)CC[C@@H]12,403.57,1.0,IC50,87.9,nM,Active
CHEMBL3754366,CCCCCCCC[C@@H]1C[C@@H]2[C@H](CC[C@]3(C)C(=O)CC[C@@H]23)[C@@]2(C)CCC(=O)C=C12,398.63,1.0,IC50,1798.87,nM,Inactive
CHEMBL3751897,CCCCCCCC[C@H]1C[C@@H]2[C@H](CC[C@]3(C)C(=O)CC[C@@H]23)[C@@]2(C)CCC(=O)C=C12,398.63,1.0,IC50,5105.05,nM,Inactive
CHEMBL3754260,C[C@]12CCC(=O)C=C1C=C(c1ccccc1)[C@@H]1[C@@H]2CC[C@]2(C)C(=O)CC[C@@H]12,360.5,1.0,IC50,1425.61,nM,Inactive
CHEMBL5288828,CCC[C@@H]1C[C@@H]2[C@H](CC[C@]3(C)C(=O)CC[C@@H]23)[C@@]2(C)C=CC(=O)C=C12,326.48,0.0,IC50,59.98,nM,Active
CHEMBL5288881,CCC[C@@H]1C[C@@H]2[C@H](CC[C@]3(C)C(=O)CC[C@@H]23)[C@@]2(C)CCC(=O)C=C12,328.5,1.0,IC50,239.88,nM,Intermediate
CHEMBL5279060,C#C[C@@H]1C[C@@H]2[C@H](CC[C@]3(C)C(=O)CC[C@@H]23)[C@@]2(C)CCC(=O)C=C12,310.44,0.0,IC50,1901.08,nM,Inactive
CHEMBL5282027,C[C@]12C=CC(=O)C=C1C[C@@H](CCc1cccc([N+](=O)[O-])c1)[C@@H]1[C@@H]2CC[C@]2(C)C(=O)CC[C@@H]12,433.55,1.0,IC50,132.74,nM,Intermediate
CHEMBL3754186,CCCCCCCC1=C[C@@H]2[C@H](CC[C@]3(C)C(=O)CC[C@@H]23)[C@@]2(C)CCC(=O)C=C12,382.59,1.0,IC50,429.54,nM,Intermediate
CHEMBL3753803,CCCC1=C[C@@H]2[C@H](CC[C@]3(C)C(=O)CC[C@@H]23)[C@@]2(C)C=CC(=O)C=C12,324.46,0.0,IC50,100.0,nM,Intermediate
CHEMBL5267688,C[C@]12CCC(=O)C=C1C(c1ccccc1)=C[C@@H]1[C@@H]2CC[C@]2(C)C(=O)CC[C@@H]12,360.5,1.0,IC50,199.99,nM,Intermediate
CHEMBL5285403,CC1C[C@H]2[C@@H]3CC[C@H](O)[C@@]3(C)CC[C@@H]2[C@@]2(C)CCC(=O)C=C12,302.46,0.0,IC50,17.99,nM,Active
CHEMBL5266953,CCCCC1C[C@H]2[C@@H]3CC[C@H](O)[C@@]3(C)CC[C@@H]2[C@@]2(C)CCC(=O)C=C12,344.54,1.0,IC50,47.97,nM,Active
CHEMBL5280921,CCC1C[C@H]2[C@@H]3CC[C@H](O)[C@@]3(C)CC[C@@H]2[C@@]2(C)C=CC(=O)C=C12,314.47,0.0,IC50,61.94,nM,Active
CHEMBL5282986,COC1=C2CC[C@@H]3[C@H](CC[C@]4(C)C(=O)CC[C@@H]34)[C@@]2(C)CCC1=O,316.44,0.0,IC50,7194.49,nM,Inactive
CHEMBL3753695,C[C@]12CCC(=O)C(O)=C1C=C[C@@H]1[C@@H]2CC[C@]2(C)C(=O)CC[C@@H]12,300.4,0.0,IC50,1000.0,nM,Intermediate
CHEMBL5268383,C[C@]12CC[C@@H]3C4CCC(=O)C(F)=C4CC[C@H]3[C@@H]1CCC2=O,290.38,0.0,IC50,399.94,nM,Intermediate
CHEMBL5289192,CC(=O)OC1C[C@@]2(C)C(=CC1=O)C(=O)C[C@@H]1[C@@H]2CC[C@]2(C)C(=O)CC[C@@H]12,358.43,0.0,IC50,23988.33,nM,Inactive
CHEMBL5275153,C[C@]12CCC(=O)C=C1C1OC1[C@@H]1[C@@H]2CC[C@]2(C)C(=O)CC[C@@H]12,300.4,0.0,IC50,38994.2,nM,Inactive
CHEMBL3754296,CC1(C)C[C@@]2(C)C(=CC1=O)[C@H](Br)C[C@@H]1[C@@H]2CC[C@]2(C)C(=O)CC[C@@H]12,393.37,1.0,IC50,109.9,nM,Intermediate
CHEMBL5276930,CC1=C[C@@]2(C)C(=CC1=O)C(Br)C[C@@H]1[C@@H]2CC[C@]2(C)C(=O)CC[C@@H]12,377.32,0.0,IC50,709.58,nM,Intermediate
CHEMBL3753667,CC[C@]12CCC(=O)C=C1C=C[C@@H]1[C@@H]2CC[C@]2(C)C(=O)CC[C@@H]12,298.43,0.0,IC50,299.92,nM,Intermediate
CHEMBL5286833,C[C@]12CC[C@H]3[C@@H](C=CC4=CC(=O)CC[C@@]43CI)[C@@H]1CCC2=O,410.3,0.0,IC50,6095.37,nM,Inactive
CHEMBL5267610,C[C@]12CCC(=O)c3c1c(nn3C/C=C/c1ccccc1)C[C@@H]1[C@@H]2CC[C@]2(C)C(=O)CC[C@@H]12,428.58,1.0,IC50,899.5,nM,Intermediate
CHEMBL5286286,CC(=O)O[C@@H]1CCC[C@@]2(CO)C1=CC[C@@H]1[C@@H]2CC[C@]2(C)C(=O)CC[C@@H]12,346.47,0.0,IC50,10990.06,nM,Inactive
CHEMBL5291408,C[C@]12CC[C@H]3[C@@H](CC(=O)C4=CC(=O)CC[C@@]43C)[C@@H]1CC[C@@H]2OC(=O)CBr,423.35,0.0,IC50,41975.9,nM,Inactive
CHEMBL3753191,C[C@]12CC[C@H]3[C@@H](C(=O)C=C4CCCC[C@@]43CO)[C@@H]1CCC2=O,302.41,0.0,IC50,3303.7,nM,Inactive
CHEMBL5290103,C[C@]12CCC=CC1=CC(=O)[C@@H]1[C@@H]2CC[C@]2(C)C(O)CC[C@@H]12,286.42,0.0,IC50,41975.9,nM,Inactive
CHEMBL5280552,C[C@]12CCCCC1=CC[C@@H]1[C@@H]2CC[C@]2(C)C(=O)[C@H](Br)C[C@@H]12,351.33,1.0,IC50,54954.09,nM,Inactive
CHEMBL3752366,C[C@]12CCC=CC1=CC[C@@H]1[C@@H]2CC[C@]2(C)C(=O)CC[C@@H]12,270.42,0.0,IC50,339.63,nM,Intermediate
CHEMBL5281055,C[C@]12CCC=CC1=CC[C@@H]1[C@@H]2CC[C@]2(C)C(O)CC[C@@H]12,272.43,0.0,IC50,17988.71,nM,Inactive
CHEMBL1835539,C[C@]12CC[C@@H]3c4ccc(O)c(F)c4CC[C@H]3[C@@H]1CCC2=O,288.36,0.0,IC50,26001.6,nM,Inactive
CHEMBL1627334,C[C@]12CC[C@@H]3c4cc(F)c(O)cc4CC[C@H]3[C@@H]1CC[C@@H]2O,290.38,0.0,IC50,76913.04,nM,Inactive
CHEMBL5278979,CCO[C@@H]1C[C@@H]2[C@H](CC[C@]3(C)C(=O)CC[C@@H]23)c2ccc(O)cc21,314.43,0.0,IC50,83946.0,nM,Inactive
CHEMBL5288513,C#CC(O)[C@]12CCCC=C1CC[C@@H]1[C@@H]2CC[C@]2(C)C(=O)CC[C@@H]12,312.45,0.0,IC50,61944.11,nM,Inactive
CHEMBL4777271,Oc1ccc(C(=C(Cn2ccnc2)c2ccccc2)c2ccc(O)cc2)cc1,368.44,0.0,IC50,4.77,nM,Active
CHEMBL4743255,N#CCC(=C(c1ccc(O)cc1)c1ccc(O)cc1)c1ccc(O)c(F)c1,361.37,0.0,IC50,17200.0,nM,Inactive
CHEMBL4752568,Oc1ccc(C(=C(Cn2cnnc2)c2ccc(O)c(F)c2)c2ccc(O)cc2)cc1,403.41,0.0,IC50,14200.0,nM,Inactive
CHEMBL4760286,N#CCC(=C(c1ccc(O)cc1)c1ccc(O)cc1)c1ccc(N)cc1,342.4,0.0,IC50,36.3,nM,Active
CHEMBL2112301,C[C@]12CC[C@H](O)CC1=CC[C@@H]1[C@@H]2CC[C@]2(C)C(c3ccccn3)=CC[C@@H]12,349.52,1.0,IC50,20000.0,nM,Inactive
CHEMBL1094428,CCn1cc(C(c2ccccc2)n2ccnc2)c2cc(Br)ccc21,380.29,1.0,IC50,102.0,nM,Intermediate
CHEMBL4212612,COc1ccc(Cc2onc3c2C(=O)CC(C)(C)C3)cc1,285.34,0.0,IC50,31622.78,nM,Inactive
CHEMBL365120,C(=C1/CCCc2ccccc21)\c1cccnc1,221.3,0.0,IC50,3790.0,nM,Inactive
CHEMBL368305,Cc1cccc2c1CC/C2=C\c1cccnc1,221.3,0.0,IC50,4720.0,nM,Inactive
CHEMBL424960,Fc1ccc2c(c1)CC/C2=C\c1ccncc1,225.27,0.0,IC50,1550.0,nM,Inactive
CHEMBL193496,COc1ccc2c(c1)CCC/C2=C/c1ccncc1,251.33,0.0,IC50,1010.0,nM,Inactive
CHEMBL192155,COc1ccc2c(c1)CC/C2=C\c1cncs1,243.33,0.0,IC50,4330.0,nM,Inactive
CHEMBL363849,Fc1ccc2c(c1)CC/C2=C/c1cccc2cnccc12,275.33,0.0,IC50,1940.0,nM,Inactive
CHEMBL194928,C(=C1c2ccccc2-c2ccccc21)c1cccnc1,255.32,0.0,IC50,4810.0,nM,Inactive
CHEMBL488,CCC1(c2ccc(N)cc2)CCC(=O)NC1=O,232.28,0.0,IC50,28500.0,nM,Inactive
CHEMBL2336852,COc1ccc(-n2c(Cn3ccnc3)cc3ccc(OC)cc32)cc1,333.39,0.0,IC50,111.09,nM,Intermediate
CHEMBL2336864,Cc1ccc2cc(Cn3ccnc3)n(-c3ccc(F)cc3)c2c1,305.36,0.0,IC50,56.83,nM,Active
CHEMBL113082,C#CC[C@@H]1CC2C3CCC(=O)C3(C)CCC2C2(C)CCC(=O)C=C12,324.46,0.0,IC50,31.0,nM,Active
CHEMBL523231,COc1ccc2c(Cc3ccc(O)cc3)cncc2c1O,281.31,0.0,IC50,29800.0,nM,Inactive
CHEMBL159073,O=c1c2ccccc2oc2c(Cn3ccnc3)ccc([N+](=O)[O-])c12,321.29,0.0,IC50,40.0,nM,Active
CHEMBL223874,c1ccc(C2(n3ccnc3)c3ccccc3-c3ccccc32)cc1,308.38,0.0,IC50,74.0,nM,Active
CHEMBL363493,O=c1c(-c2ccccc2)c(-n2ccnc2)oc2cc(OCc3ccccc3)ccc12,394.43,1.0,IC50,520.0,nM,Intermediate
CHEMBL78322,O=c1c2ccccc2oc2c(Br)ccc(Cn3ccnc3)c12,355.19,0.0,IC50,940.0,nM,Intermediate
CHEMBL388604,COc1ccc2c(Cn3cncn3)cc(=O)oc2c1,257.25,0.0,IC50,3600.0,nM,Inactive
CHEMBL38550,CCCCCCCCCN1C(=O)CCC(CC)(c2ccncc2)C1=O,344.5,0.0,IC50,3000.0,nM,Inactive
CHEMBL476126,COc1cc(OC)c2[nH]c(=O)cc(C)c2c1,219.24,0.0,IC50,91290.0,nM,Inactive
CHEMBL503538,COc1ccc2c(C)cc(=O)[nH]c2c1OC,219.24,0.0,IC50,31500.0,nM,Inactive
CHEMBL1629804,C[C@]12CCCC=C1CC[C@@H]1[C@@H]2CC[C@]2(C)C(=O)CC[C@@H]12,272.43,0.0,IC50,0.06,nM,Active
CHEMBL308537,CO[C@@H]1CC2C3CCC(=O)C3(C)CCC2C2(C)CCCC=C12,302.46,0.0,IC50,0.13,nM,Active
CHEMBL1825018,c1ccc(Cn2ccnn2)cc1,159.19,0.0,IC50,11880.0,nM,Inactive
CHEMBL1825045,N#Cc1ccc(OCc2cn(Cc3ccccc3)nn2)cc1,290.33,0.0,IC50,1360.0,nM,Inactive
CHEMBL174909,CCCCN1C(=O)C2CC2(c2ccc(N)cc2)C1=O,258.32,0.0,IC50,39.99,nM,Active
CHEMBL1642686,Nc1cccc(/C=C/c2ccccc2)c1,195.26,0.0,IC50,4216.97,nM,Inactive
CHEMBL5426057,COc1cccc(C(O)(c2ccc(Cl)cc2)c2cncnc2)c1Cl,361.23,0.0,IC50,4295.36,nM,Inactive
CHEMBL5417041,N#Cc1ccc(N(CCCCSc2ccc(O)cc2)n2cnnc2)cc1,365.46,0.0,IC50,1.0,nM,Active
CHEMBL5402413,N#Cc1ccc(N(Cc2c(Cl)cc(OS(N)(=O)=O)cc2Cl)n2cnnc2)cc1,439.28,0.0,IC50,0.5998,nM,Active
CHEMBL5401807,C1=NC=NC1CC(c1ccccc1)c1ccccc1,248.33,0.0,IC50,48977.88,nM,Inactive
CHEMBL5427725,C1=NC=NC1CCCC(Cc1ccccc1)c1ccccc1,290.41,0.0,IC50,4698.94,nM,Inactive
CHEMBL5425445,Cc1ccccc1C(CCCc1c[nH]cn1)c1ccccc1,290.41,0.0,IC50,3396.25,nM,Inactive
CHEMBL433737,CCCCOc1ccc(-c2ccon2)cc1,217.27,0.0,IC50,3681.29,nM,Inactive
CHEMBL135595,FC(F)(F)c1ccc(C(c2ccc(Cl)cc2)n2ccnc2)cc1,336.74,1.0,IC50,10.79,nM,Active
CHEMBL440691,CC12CCC3C(CCC4=CCCCC43CO)C1CCC2O,290.45,0.0,IC50,2300.0,nM,Inactive
CHEMBL488,CCC1(c2ccc(N)cc2)CCC(=O)NC1=O,232.28,0.0,IC50,1900.0,nM,Inactive
CHEMBL132380,CCC(CC)(C(=O)OC1CC2CC([C@@H]1C)C2(C)C)c1ccncc1,329.48,0.0,IC50,55000.0,nM,Inactive
CHEMBL5282687,C[C@]12C=CC(=O)C=C1[C@H](c1ccccc1)C[C@@H]1[C@@H]2CC[C@]2(C)C(=O)CC[C@@H]12,360.5,1.0,IC50,529.66,nM,Intermediate
CHEMBL5284938,C[C@]12C=CC(=O)C=C1[C@H](CCc1ccccc1)C[C@@H]1[C@@H]2CC[C@]2(C)C(=O)CC[C@@H]12,388.55,1.0,IC50,579.43,nM,Intermediate
CHEMBL5275846,C[C@]12CC[C@H]3[C@@H](CCC4=CC(=O)CC[C@@]43CCF)[C@@H]1CCC2=O,318.43,0.0,IC50,699.84,nM,Intermediate
CHEMBL1630277,CC[C@H]1CCC[C@@]2(C)C1=CC[C@@H]1[C@@H]2CC[C@]2(C)C(=O)CC[C@@H]12,300.49,1.0,IC50,4500.0,nM,Inactive
CHEMBL5271052,COc1ccc2cc(C(O)(c3ccc(Br)cc3)c3cccnc3)oc2c1,410.27,0.0,IC50,0.4,nM,Active
CHEMBL5270023,CC#CCOc1ccc2cc(C(O)(c3ccc(F)cc3)c3cccnc3)oc2c1,387.41,0.0,IC50,10.0,nM,Active
CHEMBL5274335,CCC#CCOc1ccc2cc(C(O)(c3ccc(F)cc3)c3cccnc3)oc2c1,401.44,1.0,IC50,10.0,nM,Active
CHEMBL175791,COc1cccc2c1/C(=C/c1cccnc1)CC2,237.3,0.0,IC50,9740.0,nM,Inactive
CHEMBL1824747,N#Cc1ccc(C(c2ccc(C#N)cc2)n2cc(-c3ccccc3)nn2)cc1,361.41,0.0,IC50,10330.0,nM,Inactive
CHEMBL1824765,O=[N+]([O-])c1ccc(OCc2cn(C(c3ccccc3)c3ccccc3)nn2)cc1,386.41,0.0,IC50,11610.0,nM,Inactive
CHEMBL1824767,COc1ccc(OCc2cn(C(c3ccccc3)c3ccccc3)nn2)cc1,371.44,0.0,IC50,15210.0,nM,Inactive
CHEMBL29482,N#Cc1ccc(C(c2ccc(C#N)cc2)n2ccnc2)cc1,284.32,0.0,IC50,4.0,nM,Active
CHEMBL1825048,COc1ccc(OCc2cn(Cc3ccccc3)nn2)cc1,295.34,0.0,IC50,17340.0,nM,Inactive
CHEMBL514745,C/C(=C\Cc1c(O)ccc(C(=O)/C=C/c2ccc(O)cc2O)c1O)COC(=O)/C=C/c1ccc(O)cc1,502.52,1.0,IC50,500.0,nM,Intermediate
CHEMBL3359953,O=c1cc(Cn2ccnc2)c2ccc(OCc3ccc([N+](=O)[O-])cc3)cc2o1,377.36,0.0,IC50,387.0,nM,Intermediate
CHEMBL3422043,NCCOc1ccc(/C(=C(/Cn2cnnc2)c2ccccc2)c2ccc(O)cc2)cc1,412.49,0.0,IC50,715.0,nM,Intermediate
CHEMBL10137,COc1ccc2c(c1)OC(c1ccccc1)/C(=C\c1ccncc1)C2=O,343.38,0.0,IC50,620.0,nM,Intermediate
CHEMBL4863718,C=C[C@]1(C)C=C2CC[C@H]3C(C)(C)CCC[C@]3(C)[C@H]2CC1,272.48,1.0,IC50,10400.0,nM,Inactive
CHEMBL1444,N#Cc1ccc(C(c2ccc(C#N)cc2)n2cncn2)cc1,285.31,0.0,IC50,1.0,nM,Active
CHEMBL1173260,Oc1ccc(-c2ccc(Cc3ccncc3)cc2)cc1F,279.31,0.0,IC50,1670.0,nM,Inactive
CHEMBL310735,C[C@H]1CC2C3CCC(=O)C3(C)CCC2C2(C)CCCC=C12,286.46,1.0,IC50,0.037,nM,Active
CHEMBL304770,CC(=O)O[C@@H]1CC2C3CCC(=O)C3(C)CCC2C2(C)CCCC=C12,330.47,0.0,IC50,0.26,nM,Active
CHEMBL488,CCC1(c2ccc(N)cc2)CCC(=O)NC1=O,232.28,0.0,IC50,37000.0,nM,Inactive
CHEMBL174579,Brc1ccc2c(c1)CC/C2=C/c1c[nH]cn1,275.15,0.0,IC50,100.0,nM,Intermediate
CHEMBL193858,COc1cc2c(cc1OC)/C(=C/c1ccncc1)CCC2,281.36,0.0,IC50,90.0,nM,Active
CHEMBL364956,Fc1ccc2c(c1)CC/C2=C/c1cncnc1,226.25,0.0,IC50,790.0,nM,Intermediate
CHEMBL27467,Nc1ccc(C23CC(C2)C(=O)N(C2CCCCC2)C3=O)cc1,298.39,0.0,IC50,70.0,nM,Active
CHEMBL379019,COc1ccc(C(c2cc3ccc(OC)cc3o2)n2cncn2)cc1,335.36,0.0,IC50,130.0,nM,Intermediate
CHEMBL194472,COc1cc2ccccc2cc1-n1ccnc1,224.26,0.0,IC50,129.0,nM,Intermediate
CHEMBL350074,CSCC[C@]12CCC(=O)C=C1CCC1C2CC[C@]2(C)C(=O)CCC12,346.54,0.0,IC50,22.0,nM,Active
CHEMBL422610,CC12CCC3C(Cc4c5c(nn4C/C=C/c4ccccc4)C(=O)CCC53C)C1CCC2=O,428.58,1.0,IC50,950.0,nM,Intermediate
CHEMBL362968,COc1ccc2cc(-c3cccnc3)ccc2c1,235.29,0.0,IC50,586.0,nM,Intermediate
CHEMBL4176600,Fc1ccc(-c2[nH]c3cc(F)ccc3c2Cn2cncn2)cc1,310.31,0.0,IC50,54.4,nM,Active
CHEMBL9687,COc1ccc2c(c1)OC(c1ccccc1)CC2=O,254.28,0.0,IC50,8000.0,nM,Inactive
CHEMBL252642,O=C1C[C@@H](c2ccc(O)cc2)Oc2cc(O)ccc21,256.26,0.0,IC50,2100.0,nM,Inactive
CHEMBL132066,CC(C(=O)OC1CC2CC([C@@H]1C)C2(C)C)c1cccnc1,287.4,0.0,IC50,8900.0,nM,Inactive
CHEMBL8646,CCCC[C@H]1CC2C(CCC3(C)C(=O)CCC23)C2(C)C=CC(=O)C=C12,340.51,1.0,IC50,200.0,nM,Intermediate
CHEMBL266350,CCCCCC[C@@H]1CC2C(CCC3(C)C(=O)CCC23)C2(C)C=CC(=O)C=C12,368.56,1.0,IC50,76.0,nM,Active
CHEMBL4091260,COc1ccc2cc(-c3cc4ccc(OC)cc4oc3=O)c(=O)oc2c1,350.33,0.0,IC50,10000.0,nM,Inactive
CHEMBL421149,N#Cc1ccc(Cn2ccnc2)c2oc3ccccc3c(=O)c12,301.31,0.0,IC50,43.0,nM,Active
CHEMBL437731,O=c1cc(Cn2ccnc2)c2ccc(Oc3ccccc3)cc2o1,318.33,0.0,IC50,51.0,nM,Active
CHEMBL377766,O=c1c(Cn2ccnc2)c(-c2ccc(Br)cc2)oc2ccccc12,381.23,0.0,IC50,440.0,nM,Intermediate
CHEMBL184749,O=c1c(-c2ccccc2)c(SCc2ccncc2)oc2cc(O)ccc12,361.42,0.0,IC50,610.0,nM,Intermediate
CHEMBL362906,COc1ccc2c(=O)c(-c3ccccc3)c(SCc3ccccn3)oc2c1,375.45,1.0,IC50,100000.0,nM,Inactive
CHEMBL134442,C[C@@H]1CCC2C(C)(C)C3CC21CC[C@@]3(C)OC(=O)Cc1ccncc1,341.5,0.0,IC50,440.0,nM,Intermediate
CHEMBL371430,COc1ccc2ccc(-c3cccnc3)c(Cl)c2c1,269.73,0.0,IC50,2000.0,nM,Inactive
CHEMBL225472,COc1ccc2c(Cn3ccnc3)cc(=O)oc2c1,256.26,0.0,IC50,280.0,nM,Intermediate
CHEMBL3952032,N#CCS(=O)(=O)N1CCN(c2ccc(OC[C@@H]3CO[C@@](Cn4ccnc4)(c4ccc(Cl)cc4Cl)O3)cc2)CC1,592.51,1.0,IC50,2800.0,nM,Inactive
CHEMBL3948337,Fc1ccc2nc(-c3cncc4ccccc34)c(C3CC3)n2c1,303.34,0.0,IC50,790.0,nM,Intermediate
CHEMBL69891,CCC[C@H]1CC2C(CCC3(C)C(O)CCC23)C2(C)CCCC=C12,316.53,1.0,IC50,14.0,nM,Active
CHEMBL460382,c1cc(CCn2ccnc2)c2ccsc2c1,228.32,0.0,IC50,3560.0,nM,Inactive
CHEMBL1203760,CCOC(=O)c1ccc(C2CCCc3cncn32)cc1.Cl,306.79,0.0,IC50,21.0,nM,Active
CHEMBL25735,CCCCCC1(c2ccc(N)cc2)CCC(=O)NC1=O,274.36,0.0,IC50,1300.0,nM,Inactive
CHEMBL3245349,C[C@]12CCC(=O)C=C1C[C@@H](Sc1ccccc1)[C@@H]1[C@@H]2CC[C@]2(C)C(=O)CC[C@@H]12,394.58,1.0,IC50,650.0,nM,Intermediate
CHEMBL328863,CC(=O)N1CCN(c2ccc(OC[C@@H]3CO[C@](Cn4ccnc4)(c4ccc(Cl)cc4Cl)O3)cc2)CC1,531.44,1.0,IC50,38300.0,nM,Inactive
CHEMBL488,CCC1(c2ccc(N)cc2)CCC(=O)NC1=O,232.28,0.0,IC50,5800.0,nM,Inactive
CHEMBL1956183,Clc1ccc(-n2ccc3ccncc32)cc1,228.68,0.0,IC50,523.0,nM,Intermediate
CHEMBL131984,C[C@@H]1C(OC(=O)Cc2cccnc2)CC2CC1C2(C)C,273.38,0.0,IC50,5600.0,nM,Inactive
CHEMBL39661,CCCCCCCCN1C(=O)CCC(CC)(c2ccncc2)C1=O,330.47,0.0,IC50,9000.0,nM,Inactive
CHEMBL308829,CC12CCC3C(CC=C4CCCCC43CO)C1CCC2O,290.45,0.0,IC50,62000.0,nM,Inactive
CHEMBL442262,COc1ccc2c(c1)C/C(=C\c1ccncc1)C2=O,251.28,0.0,IC50,4800.0,nM,Inactive
CHEMBL223874,c1ccc(C2(n3ccnc3)c3ccccc3-c3ccccc32)cc1,308.38,0.0,IC50,74.13,nM,Active
CHEMBL390152,O=c1ccc2ccc(OCCn3ccnc3)cc2o1,256.26,0.0,IC50,31622.78,nM,Inactive
CHEMBL224786,O=c1oc2ccccc2c(Cn2ccnc2)c1-c1ccccc1,302.33,0.0,IC50,5128.61,nM,Inactive
CHEMBL224787,COc1ccc2c(-c3ccccc3)c(Cn3ccnc3)c(=O)oc2c1,332.36,0.0,IC50,107.15,nM,Intermediate
CHEMBL174407,CCCN1C(=O)C2CC2(c2ccc(N)cc2)C1=O,244.29,0.0,IC50,200.0,nM,Intermediate
CHEMBL509750,Oc1ccc(-c2nc(-c3cccnc3)c(-c3ccc(Cl)cc3)[nH]2)cc1,347.81,1.0,IC50,47.7,nM,Active
CHEMBL375046,COc1cc(Cn2ccnc2)c2ccc(=O)oc2c1,256.26,0.0,IC50,168.0,nM,Intermediate
CHEMBL430879,N#Cc1ccc(N(Cc2ccc(OS(N)(=O)=O)cc2)n2cnnc2)cc1,370.39,0.0,IC50,100.0,nM,Intermediate
CHEMBL3753281,CO[C@H]1C[C@@H]2[C@H](CC[C@]3(C)C(=O)CC[C@@H]23)[C@@]2(C)CCCC=C12,302.46,0.0,IC50,159.96,nM,Intermediate
CHEMBL5289821,C[C@]12CCC[C@H](O)C1=CC(=O)[C@@H]1[C@@H]2CC[C@]2(C)C(=O)CC[C@@H]12,302.41,0.0,IC50,6295.06,nM,Inactive
CHEMBL5278253,C[C@]12CC[C@H]3[C@@H](C(=O)C=C4C(=O)CCC[C@@]43C=O)[C@@H]1CCC2=O,314.38,0.0,IC50,51050.5,nM,Inactive
CHEMBL1079595,C[C@]12CC[C@@H]3c4cc(Cl)c(O)cc4CC[C@H]3[C@@H]1CCC2=O,304.82,0.0,IC50,2301.44,nM,Inactive
CHEMBL5271912,COC1=C2C=C[C@@H]3[C@H](CC[C@]4(C)C(=O)CC[C@@H]34)[C@@]2(C)CCC1=O,314.43,0.0,IC50,10990.06,nM,Inactive
CHEMBL3754455,C[C@]12CC[C@@H]3c4ccc(O)cc4[C@@H](Cc4ccccc4)C[C@H]3[C@@H]1CCC2=O,360.5,1.0,IC50,3499.45,nM,Inactive
CHEMBL5282258,C[C@]12CC[C@H]3[C@@H](CCC4=CC(=O)CC[C@@]43C(F)F)[C@@H]1CC[C@@H]2O,324.41,0.0,IC50,419.76,nM,Intermediate
CHEMBL2112309,C[C@]12CC[C@H]3[C@@H](CCC4=CCCC[C@@]43C(F)F)[C@@H]1CC[C@@H]2O,310.43,0.0,IC50,26001.6,nM,Inactive
CHEMBL5281733,C[C@]12CCCC=C1CC[C@@H]1[C@@H]2CC[C@]2(C)C(=O)[C@H](O)C[C@@H]12,288.43,0.0,IC50,3999.45,nM,Inactive
CHEMBL5268832,C[C@]12CC[C@H]3[C@@H](CCC4C(=O)[C@H](O)CC[C@@]43C)[C@@H]1CC[C@@H]2O,306.45,0.0,IC50,3899.42,nM,Inactive
CHEMBL3752149,C[C@]12CCCCC1=CC(=O)[C@@H]1[C@@H]2CC[C@]2(C)C(=O)CC[C@@H]12,286.42,0.0,IC50,2301.44,nM,Inactive
CHEMBL5284198,C[C@]12C=C(CCc3ccccc3)C(=O)C=C1CC[C@@H]1[C@@H]2CC[C@]2(C)C(=O)CC[C@@H]12,388.55,1.0,IC50,2570.4,nM,Inactive
CHEMBL3753611,C[C@]12C=C(CCCc3ccccc3)C(=O)C=C1CC[C@@H]1[C@@H]2CC[C@]2(C)C(=O)CC[C@@H]12,402.58,1.0,IC50,144.88,nM,Intermediate
CHEMBL5274299,C[C@]12CCC(=O)C=C1C(=O)[C@@H](O)[C@@H]1[C@@H]2CC[C@]2(C)C(=O)CC[C@@H]12,316.4,0.0,IC50,10990.06,nM,Inactive
CHEMBL1939532,Clc1cccc(-c2nsc(-c3cccc(Cl)c3Cl)n2)c1Cl,376.09,1.0,IC50,50000.0,nM,Inactive
CHEMBL1939542,Cc1ccc(Cl)cc1-c1nsc(-c2cc(Cl)ccc2C)n1,335.26,1.0,IC50,50000.0,nM,Inactive
CHEMBL5291490,COc1ccc(/C=C2/C[C@H]3[C@@H]4CC[C@H]5C[C@@H](OC(=O)C(F)(F)F)CC[C@]5(C)[C@H]4CC[C@]3(C)C2=O)cc1,504.59,2.0,IC50,6998.42,nM,Inactive
CHEMBL5286151,C[C@]12C=CC(=O)C=C1CC[C@@H]1[C@@H]2CC[C@]2(C)C3=NN[C@H](c4ccccc4)[C@H]3C[C@@H]12,386.54,1.0,IC50,3013.01,nM,Inactive
CHEMBL5281951,COc1ccc([C@@H]2[C@H]3C[C@H]4[C@@H]5CC[C@H]6C[C@@H](O)CC[C@]6(C)[C@H]5CC[C@]4(C)C3=NN2c2ccccc2)cc1,498.71,1.0,IC50,5915.62,nM,Inactive
CHEMBL2163639,O=C1CCc2cc(C(C3CC3)n3ccnc3)cc3c2N1CC3,293.37,0.0,IC50,228.0,nM,Intermediate
CHEMBL220886,Cc1ccc(C)c(COc2cc([N+](=O)[O-])ccc2NS(C)(=O)=O)c1,350.4,0.0,IC50,370.0,nM,Intermediate
CHEMBL1444,N#Cc1ccc(C(c2ccc(C#N)cc2)n2cncn2)cc1,285.31,0.0,IC50,36.2,nM,Active
CHEMBL478647,CC(C)(C)c1ccc(CN(Cc2cccc3ccccc23)n2ccnc2)cc1,369.51,1.0,IC50,4590.0,nM,Inactive
CHEMBL493182,COc1c(OC)c(OC)c2c(C)cc(=O)[nH]c2c1OC,279.29,0.0,IC50,5680.0,nM,Inactive
CHEMBL490867,COc1ccc(OC)c2c1c(C)cc(=O)n2C,233.27,0.0,IC50,960.0,nM,Intermediate
CHEMBL455593,COc1c(OC)c(OC)c2c(c(C)cc(=O)n2C)c1OC,293.32,0.0,IC50,760.0,nM,Intermediate
CHEMBL449065,COc1cc(OC)c2c(c(C)cc(=O)n2C)c1OC,263.29,0.0,IC50,100.0,nM,Intermediate
CHEMBL177268,C(=C1\CCc2cc(OCc3ccccc3)ccc21)\c1cccnc1,313.4,1.0,IC50,36000.0,nM,Inactive
CHEMBL176287,Clc1cccc2c1CC/C2=C\c1cccnc1,241.72,0.0,IC50,130.0,nM,Intermediate
CHEMBL479551,N#Cc1ccc(C(c2ccc(OS(N)(=O)=O)c(Cl)c2)n2cncn2)cc1,389.82,0.0,IC50,12.0,nM,Active
CHEMBL307643,CC12CCC3C(C[C@H](O)C4=CCCCC43C)C1CCC2=O,288.43,0.0,IC50,0.19,nM,Active
CHEMBL3752280,C[C@]12CCCC=C1C(=O)C[C@@H]1[C@@H]2CC[C@]2(C)C(=O)CC[C@@H]12,286.42,0.0,IC50,1700.0,nM,Inactive
CHEMBL3623214,C[C@]12C=CC(=O)C=C1CC[C@@H]1[C@@H]2CC[C@]2(C)C(=O)[C@@H](n3ccnc3)C[C@@H]12,350.46,0.0,IC50,168.0,nM,Intermediate
CHEMBL424162,C#CCSCC[C@]12CCC(=O)C=C1CCC1C2=CC[C@]2(C)C(=O)CCC12,368.54,0.0,IC50,1000.0,nM,Intermediate
CHEMBL284238,C[C@@H]1CC2C3CCC(=O)C3(C)CCC2C2(C)CCC(=O)C=C12,300.44,0.0,IC50,720.0,nM,Intermediate
CHEMBL25473,CC(C)[C@H]1CC2C3CCC(=O)C3(C)CCC2C2(C)CCC(=O)C=C12,328.5,0.0,IC50,1400.0,nM,Inactive
CHEMBL323585,CC(C)CCOC(=O)Cc1ccncc1,207.27,0.0,IC50,11800.0,nM,Inactive
CHEMBL3401429,COc1ccc2c(c1)OC(c1ccc(O)c(O)c1)CC2=O,286.28,0.0,IC50,2500.35,nM,Inactive
CHEMBL361653,COc1ccc(-c2c(SCc3ccncc3)oc3cc(OC)ccc3c2=O)cc1,405.48,1.0,IC50,3097.42,nM,Inactive
CHEMBL5421164,COc1ccc2c(Cn3cnnc3)cc(=O)oc2c1,257.25,0.0,IC50,3630.78,nM,Inactive
CHEMBL375497,COc1ccc2c(OCCn3ccnc3)cc(=O)oc2c1,286.29,0.0,IC50,100000.0,nM,Inactive
CHEMBL224649,O=c1ccc2ccc(Cn3ccnc3)cc2o1,226.24,0.0,IC50,676.08,nM,Intermediate
CHEMBL53290,C1=C(CCCn2ccnc2)c2cccnc2CC1,239.32,0.0,IC50,219.79,nM,Intermediate
CHEMBL57513,C(\Cn1ccnc1)=C1\CCCc2sccc21,230.34,0.0,IC50,680.77,nM,Intermediate
CHEMBL5403749,c1cc2cc(Cn3ccnc3)ccc2cn1,209.25,0.0,IC50,1380.38,nM,Inactive
CHEMBL4206988,COc1ccc(/C=C/c2ccc([N+](=O)[O-])cc2)cc1OC,285.3,0.0,IC50,680.77,nM,Intermediate
CHEMBL5397257,Fc1ccc(C(c2cc3ccccc3o2)n2cnnn2)cc1,294.29,0.0,IC50,2167.7,nM,Inactive
CHEMBL351271,c1ccc2cc(Cn3ccnc3)ccc2c1,208.26,0.0,IC50,970.51,nM,Intermediate
CHEMBL3623232,N#Cc1ccc(N(Cc2ccc(OS(N)(=O)=O)cc2F)n2ccnc2)cc1,387.4,0.0,IC50,0.2,nM,Active
CHEMBL31224,N#Cc1ccc2c(c1)CCC=C2n1ccnc1,221.26,0.0,IC50,2.897,nM,Active
CHEMBL5438618,C1=NC=NC1CCCc1ccccc1,186.26,0.0,IC50,34994.52,nM,Inactive
CHEMBL5419141,C1=NC=NC1CCCCc1ccccc1,200.28,0.0,IC50,11994.99,nM,Inactive
CHEMBL5438879,N#Cc1ccccc1-c1cccc(Cn2cncn2)c1,260.3,0.0,IC50,7.015,nM,Active
CHEMBL72538,CCCCCCCC[C@@H]1CC2C3CCC(=O)C3(C)CCC2C2(C)CCCC=C12,384.65,1.0,IC50,50.0,nM,Active
CHEMBL5563219,O=C(COc1cccc2c1C(=O)N(C1CCC(=O)NC1=O)C2=O)NCCCOc1ccc(N(CC(F)(F)F)S(=O)(=O)C2CC3OC2C(c2ccc(-n4ccnc4)cc2)=C3c2ccc(O)cc2)cc1,954.94,2.0,IC50,100000.0,nM,Inactive
CHEMBL5396802,COc1ccc(N(CC(F)(F)F)S(=O)(=O)C2CC3OC2C(c2ccc(O)cc2)=C3c2ccc(O)cc2)cc1,547.55,1.0,IC50,100000.0,nM,Inactive
CHEMBL1688894,O=c1cc(Cn2ccnc2)c2ccc(OCc3cccc(OC(F)(F)F)c3)cc2o1,416.36,0.0,IC50,207.0,nM,Intermediate
CHEMBL3359964,O=C(Cn1ccnc1)c1ccc(OCc2ccc(OC(F)(F)F)cc2)cc1,376.33,0.0,IC50,8299.0,nM,Inactive
CHEMBL1688901,O=c1cc(Cn2ccnc2)c2ccc(OCc3ccc(F)c(F)c3)cc2o1,368.34,0.0,IC50,165.0,nM,Intermediate
CHEMBL3622063,N#Cc1ccc(N(Cc2ccc3c(Cl)c(OS(N)(=O)=O)ccc3c2)n2cnnc2)cc1,454.9,0.0,IC50,2.1,nM,Active
CHEMBL518761,N#Cc1ccc(C(c2ccc(OS(N)(=O)=O)c(Br)c2)n2cncn2)cc1,434.28,0.0,IC50,3.0,nM,Active
CHEMBL108425,N#Cc1ccc(N(Cc2ccc(Br)cc2)n2cnnc2)cc1,354.21,0.0,IC50,0.12,nM,Active
CHEMBL41033,C[C@]12CCC(=O)C(S)=C1CCC1C2=CC[C@]2(C)C(=O)CCC12,316.47,0.0,IC50,3800.0,nM,Inactive
CHEMBL3754779,CC(=O)O[C@H]1C[C@@H]2[C@H](CC[C@]3(C)C(=O)CC[C@@H]23)[C@@]2(C)CCCC=C12,330.47,0.0,IC50,190.11,nM,Intermediate
CHEMBL3752674,C[C@]12CCCC=C1CC[C@@H]1[C@@H]2CC[C@]2(C)C(=O)[C@H](Br)C[C@@H]12,351.33,1.0,IC50,4102.04,nM,Inactive
CHEMBL5288111,CC(=O)OC1CC[C@H]2[C@@H]3CCC4=CCCC[C@]4(CO)[C@H]3CC[C@]12C,332.48,0.0,IC50,100000.0,nM,Inactive
CHEMBL281947,Nc1ccc(C23CC2C(=O)N(CC2CCCCC2)C3=O)cc1,298.39,0.0,IC50,780.0,nM,Intermediate
CHEMBL3818343,N#Cc1ccc(C(Cc2ccc(OS(N)(=O)=O)c(Br)c2)n2cncn2)cc1,448.3,0.0,IC50,0.9,nM,Active
CHEMBL4211193,CC1(C)CC(=O)c2c(noc2Cc2ccc(C(N)=O)cc2)C1,298.34,0.0,IC50,19952.62,nM,Inactive
CHEMBL165,Oc1ccc(/C=C/c2cc(O)cc(O)c2)cc1,228.25,0.0,IC50,80000.0,nM,Inactive
CHEMBL488,CCC1(c2ccc(N)cc2)CCC(=O)NC1=O,232.28,0.0,IC50,7000.0,nM,Inactive
CHEMBL1650711,COc1ccc(-c2ccc3ccc(=O)oc3c2)cc1,252.27,0.0,IC50,10000.0,nM,Inactive
CHEMBL4100188,CCN(CC)c1ccc2cc(-c3coc(-c4ccccc4)n3)c(=O)oc2c1,360.41,0.0,IC50,10000.0,nM,Inactive
CHEMBL4078790,CCOC(=O)c1csc(-c2cc3ccc(N(CC)CC)cc3oc2=O)n1,372.45,0.0,IC50,1100.0,nM,Inactive
CHEMBL1430816,CCN(CC)c1ccc2ccc(=O)oc2c1,217.27,0.0,IC50,10000.0,nM,Inactive
CHEMBL1444,N#Cc1ccc(C(c2ccc(C#N)cc2)n2cncn2)cc1,285.31,0.0,IC50,18.0,nM,Active
CHEMBL404225,O=C1CC(c2ccccc2)Oc2c1ccc1ccccc21,274.32,0.0,IC50,4300.0,nM,Inactive
CHEMBL95109,COc1ccc2c(c1)OC(c1ccccc1)CC2n1ccnc1,306.37,0.0,IC50,60.0,nM,Active
CHEMBL5287894,Cc1ccc(S(=O)(=O)N2[C@@H]3[C@@H]4[C@H](CC[C@]5(C)C(=O)CC[C@@H]45)[C@@]4(C)CCC(=O)C=C4[C@@H]32)cc1,453.6,0.0,IC50,53826.98,nM,Inactive
CHEMBL1630276,C[C@H]1CCC[C@@]2(C)C1=CC[C@@H]1[C@@H]2CC[C@]2(C)C(=O)CC[C@@H]12,286.46,1.0,IC50,1798.87,nM,Inactive
CHEMBL1630265,CC(=O)OC1=C2CC[C@@H]3[C@H](CC[C@]4(C)C(=O)CC[C@@H]34)[C@@]2(CO)CCC1,346.47,0.0,IC50,3597.49,nM,Inactive
CHEMBL1630263,C[C@]12CCCC(OC(=O)c3ccccc3)=C1CC[C@@H]1[C@@H]2CC[C@]2(C)C(=O)CC[C@@H]12,392.54,1.0,IC50,639.73,nM,Intermediate
CHEMBL5271891,C[C@]12CC[C@H]3[C@@H](CCC4=CC(=O)C=C[C@@]43CCl)[C@@H]1CCC2=O,318.84,0.0,IC50,950.6,nM,Intermediate
CHEMBL3752460,CC[C@]12C=CC(=O)C=C1C=C[C@H]1[C@@H]3CCC(=O)[C@@]3(C)CC[C@@H]12,296.41,0.0,IC50,359.75,nM,Intermediate
CHEMBL5266594,C[C@]12CCC(=O)c3[nH]nc(c31)C[C@@H]1[C@@H]2CC[C@]2(C)C(=O)CC[C@@H]12,312.41,0.0,IC50,236.05,nM,Intermediate
CHEMBL1630267,C[C@]12CC[C@H]3[C@@H](C[C@@H](O)C4=CCCC[C@@]43CO)[C@@H]1CCC2=O,304.43,0.0,IC50,939.72,nM,Intermediate
CHEMBL3752011,CCCCC1=C[C@@H]2[C@H](CC[C@]3(C)C(=O)CC[C@@H]23)[C@@]2(C)C=CC(=O)C=C12,338.49,1.0,IC50,250.03,nM,Intermediate
CHEMBL5281465,C[C@]12CCCCC1=CC[C@@H]1[C@@H]2CC[C@]2(C)C(O)CC[C@@H]12,274.45,0.0,IC50,29991.63,nM,Inactive
CHEMBL5268215,C[C@]12CCC(=O)C=C1C(CCCCCc1ccccc1)=C[C@@H]1[C@@H]2CC[C@]2(C)C(=O)CC[C@@H]12,430.63,1.0,IC50,299.92,nM,Intermediate
CHEMBL5291192,C[C@]12C=CC(=O)C=C1[C@H](Cc1ccccc1)C[C@@H]1[C@@H]2CC[C@]2(C)C(=O)CC[C@@H]12,374.52,1.0,IC50,590.2,nM,Intermediate
CHEMBL2105261,C#CC[C@]12CCC(=O)C=C1CC[C@@H]1[C@@H]2CC[C@]2(C)C(=O)CC[C@@H]12,310.44,0.0,IC50,1000.0,nM,Intermediate
CHEMBL5267873,C[C@]12CC[C@H]3[C@@H](CCC4=CC(=O)CC[C@@]43CC#N)[C@@H]1CCC2=O,311.43,0.0,IC50,2600.16,nM,Inactive
CHEMBL1835547,C[C@]12CC[C@@H]3c4cc(C=O)c(O)cc4CC[C@H]3[C@@H]1CCC2=O,298.38,0.0,IC50,10990.06,nM,Inactive
CHEMBL5184565,C[C@]12CC[C@@H]3c4cc(N)c(O)cc4CC[C@H]3[C@@H]1CCC2=O,285.39,0.0,IC50,30974.19,nM,Inactive
CHEMBL5273506,C[C@]12CC[C@H]3[C@@H](CCC4=CC(=O)C(O)C[C@@]43C(F)F)[C@@H]1CCC2=O,338.39,0.0,IC50,3801.89,nM,Inactive
CHEMBL5290788,C[C@]12CCC(=O)C=C1C(=O)C[C@@H]1[C@@H]2CC[C@]2(C)C(=O)CC[C@@H]12,300.4,0.0,IC50,279.9,nM,Intermediate
CHEMBL3752192,CC1(C)C[C@@]2(C)C(=C(O)C1=O)C(=O)C[C@@H]1[C@@H]2CC[C@]2(C)C(=O)CC[C@@H]12,344.45,0.0,IC50,439.54,nM,Intermediate
CHEMBL3752174,C[C@]12C=CC(=O)C(Sc3ccccc3)=C1C=C[C@@H]1[C@@H]2CC[C@]2(C)C(=O)CC[C@@H]12,390.55,1.0,IC50,65.01,nM,Active
CHEMBL5291168,CC(=O)O[C@H]1C2=CC(=O)CC[C@]2(C)[C@H]2CC[C@]3(C)C(=O)CC[C@H]3[C@@H]2C1N=[N+]=[N-],385.46,0.0,IC50,23120.65,nM,Inactive
CHEMBL5269029,Cc1ccc(CC[C@@H]2C[C@@]3(C)C(=CC2=O)CC[C@@H]2[C@@H]3CC[C@]3(C)C(=O)CC[C@@H]23)cc1,404.59,1.0,IC50,38815.04,nM,Inactive
CHEMBL3245348,CCCCS[C@@H]1CC2=CC(=O)CC[C@]2(C)[C@H]2CC[C@]3(C)C(=O)CC[C@H]3[C@H]12,374.59,1.0,IC50,57.02,nM,Active
CHEMBL3754285,CCCCCC[C@@H]1C[C@@H]2[C@H](CC[C@]3(C)C(=O)CC[C@@H]23)[C@@]2(C)CCC(=O)C=C12,370.58,1.0,IC50,429.54,nM,Intermediate
CHEMBL5273618,C[C@H]1C[C@@H]2[C@H](CC[C@]3(C)C(=O)CC[C@@H]23)[C@@]2(C)C=CC(=O)C=C12,298.43,0.0,IC50,619.44,nM,Intermediate
CHEMBL5278102,C[C@]12CCC(=O)C=C1[C@H](c1ccccc1)C[C@@H]1[C@@H]2CC[C@]2(C)C(=O)CC[C@@H]12,362.51,1.0,IC50,1698.24,nM,Inactive
CHEMBL3754471,C[C@H]1C[C@@H]2[C@H](CC[C@]3(C)C(=O)CC[C@@H]23)[C@@]2(C)CCC(=O)C=C12,300.44,0.0,IC50,349.95,nM,Intermediate
CHEMBL3752405,CCCC1=C[C@@H]2[C@H](CC[C@]3(C)C(=O)CC[C@@H]23)[C@@]2(C)CCC(=O)C=C12,326.48,1.0,IC50,314.77,nM,Intermediate
CHEMBL5284734,C[C@]12C=CC(=O)C=C1C[C@@H](CCCc1ccc(N)cc1)[C@@H]1[C@@H]2CC[C@]2(C)C(=O)CC[C@@H]12,417.59,1.0,IC50,157.76,nM,Intermediate
CHEMBL5266519,C[C@]12CCC=CC1=CC(=O)[C@@H]1[C@@H]2CC[C@]2(C)C(=O)CC[C@@H]12,284.4,0.0,IC50,1798.87,nM,Inactive
CHEMBL5290564,C[C@]12CCC(=O)C=C1C(CCCc1ccccc1)=C[C@@H]1[C@@H]2CC[C@]2(C)C(=O)CC[C@@H]12,402.58,1.0,IC50,250.03,nM,Intermediate
CHEMBL5273116,C[C@]12C[C@@H](F)C(=O)C=C1[C@H](F)C[C@@H]1[C@@H]2CC[C@]2(C)C(=O)CC[C@@H]12,322.4,0.0,IC50,1000.0,nM,Intermediate
CHEMBL5278365,CC(=O)OC[C@]12CCCC=C1CC[C@@H]1[C@@H]2CC[C@]2(C)C(O)CC[C@@H]12,332.48,0.0,IC50,43954.16,nM,Inactive
CHEMBL2179111,CCCC#CCO[C@@H]1C[C@@H]2[C@H](CC[C@]3(C)C(=O)CC[C@@H]23)[C@@]2(C)C=CC(=O)C=C12,380.53,0.0,IC50,83.0,nM,Active
CHEMBL2179107,CO[C@@H]1C[C@@H]2[C@H](CC[C@]3(C)C(=O)CC[C@@H]23)[C@@]2(C)C=CC(=O)C=C12,314.43,0.0,IC50,5200.0,nM,Inactive
CHEMBL133724,CC(C(=O)OC1CC2CC([C@@H]1C)C2(C)C)c1ccncc1,287.4,0.0,IC50,1320.0,nM,Inactive
CHEMBL108425,N#Cc1ccc(N(Cc2ccc(Br)cc2)n2cnnc2)cc1,354.21,0.0,IC50,0.5,nM,Active
CHEMBL226738,N#Cc1ccc(N(Cc2ccc(O)c(F)c2)n2cnnc2)cc1,309.3,0.0,IC50,2.9,nM,Active
CHEMBL397728,O=C(c1ccccc1)c1cccc(Cn2ccnc2)c1,262.31,0.0,IC50,7.3,nM,Active
CHEMBL5274290,CC(=O)O[C@H]1C[C@@H]2[C@H](CC[C@]3(C)C(=O)CC[C@@H]23)[C@@]2(C)CCC(=O)C=C12,344.45,0.0,IC50,3999.45,nM,Inactive
CHEMBL5290446,CCCCCC(=O)O[C@@H]1C[C@@H]2[C@H](CC[C@]3(C)C(=O)CC[C@@H]23)[C@@]2(C)C=CC(=O)C=C12,398.54,0.0,IC50,1798.87,nM,Inactive
CHEMBL5279329,COC1=C[C@@H]2[C@H](CC[C@]3(C)C(=O)CC[C@@H]23)[C@@]2(C)CCC(=O)C=C12,314.43,0.0,IC50,699.84,nM,Intermediate
CHEMBL5275933,COc1ccc(/C=C2/C[C@H]3[C@@H]4CC[C@H]5C[C@@H](O)CC[C@]5(C)[C@H]4CC[C@]3(C)C2=O)cc1,408.58,1.0,IC50,7128.53,nM,Inactive
CHEMBL5276442,CN1N=C2[C@H](C[C@H]3[C@@H]4CC[C@H]5CC(=O)CC[C@]5(C)[C@H]4CC[C@]23C)[C@H]1c1ccccc1,404.6,1.0,IC50,4775.29,nM,Inactive
CHEMBL5285831,CCCCC[C@@H]1C[C@@]2(C)C(=CC1=O)CC[C@@H]1[C@@H]2CC[C@]2(C)C(=O)CC[C@@H]12,356.55,1.0,IC50,1279.38,nM,Inactive
CHEMBL5269979,CCCCCCC1=C[C@@]2(C)C(=CC1=O)CC[C@@H]1[C@@H]2CC[C@]2(C)C(=O)CC[C@@H]12,368.56,1.0,IC50,297.85,nM,Intermediate
CHEMBL407953,O=C(Nc1ccc([N+](=O)[O-])cc1OCc1ccccc1)c1ccccc1,348.36,0.0,IC50,25000.0,nM,Inactive
CHEMBL481092,Cl.N#Cc1ccc([C@@H]2CCCc3cncn32)cc1,259.74,0.0,IC50,3.2,nM,Active
CHEMBL480515,COc1ccc(C(c2ccc(OC)c(O)c2)n2cncn2)cc1O,327.34,0.0,IC50,169.0,nM,Intermediate
CHEMBL165342,CS[C@]12CCC(=O)C=C1CCC1C2=CC[C@]2(C)C(=O)CCC12,316.47,0.0,IC50,7400.0,nM,Inactive
CHEMBL31760,C=C(c1ccc(C#N)cc1)n1ccnc1,195.22,0.0,IC50,0.7,nM,Active
CHEMBL93828,O=C1c2cccc(O)c2CCC1Cc1ccncc1,253.3,0.0,IC50,170.0,nM,Intermediate
CHEMBL73367,C[C@@H]1CC2C(CCC3(C)C(O)CCC23)C2(C)CCCC=C12,288.48,0.0,IC50,1.6,nM,Active
CHEMBL3422039,NCCOc1ccc(C(=C(c2ccccc2)c2ccccc2)c2ccc(O)cc2)cc1,407.51,1.0,IC50,1930.0,nM,Inactive
CHEMBL3422032,CC/C(=C(/c1ccc(N)cc1)c1ccc(OCCN)cc1)c1ccccc1,358.49,0.0,IC50,53.1,nM,Active
CHEMBL3422030,CCC(CC)=C(c1ccc(O)cc1)c1ccc(OCCN)cc1,311.43,0.0,IC50,1320.0,nM,Inactive
CHEMBL176452,C=CCN1C(=O)C2CC2(c2ccc(N)cc2)C1=O,242.28,0.0,IC50,1000.0,nM,Intermediate
CHEMBL26651,CCCCCN1C(=O)C2CC2(c2ccc(N)cc2)C1=O,272.35,0.0,IC50,140.0,nM,Intermediate
CHEMBL306022,CC[C@@H]1CC2C(CCC3(C)C(O)CCC23)C2(C)CCCC=C12,302.5,1.0,IC50,3.3,nM,Active
CHEMBL15594,CCCCC/C=C\C/C=C\C/C=C\C/C=C\CCCC(=O)O,304.47,1.0,IC50,28200.0,nM,Inactive
CHEMBL267476,CCCCC/C=C\C/C=C\CCCCCCCC(=O)O,280.45,1.0,IC50,48000.0,nM,Inactive
CHEMBL23485,Oc1cccc2c1CC(Cc1ccncc1)C2,225.29,0.0,IC50,1000.0,nM,Intermediate
CHEMBL2165323,O=C1CCc2cc(-c3cccnc3)cc(-c3ccccc3)c2N1,300.36,0.0,IC50,394.0,nM,Intermediate
CHEMBL2165313,O=C1CCc2cc(-c3cccnc3)c(O)cc2N1,240.26,0.0,IC50,3073.0,nM,Inactive
CHEMBL2011190,CC(C)(C)c1ccc2c(c1)C(=O)C(c1ccccc1)CO2,280.37,0.0,IC50,61000.0,nM,Inactive
CHEMBL2011189,O=C1c2cc(Br)ccc2OCC1c1ccccc1,303.15,0.0,IC50,29000.0,nM,Inactive
CHEMBL38472,CCCCCCCCC1(c2ccncc2)CCC(=O)NC1=O,302.42,0.0,IC50,330.0,nM,Intermediate
CHEMBL282573,CC(C)C1(c2ccc(N)cc2)CCC(=O)NC1=O,246.31,0.0,IC50,16000.0,nM,Inactive
CHEMBL27591,CCCCCN1C(=O)C2CC(c3ccc(N)cc3)(C2)C1=O,286.38,0.0,IC50,31.0,nM,Active
CHEMBL192155,COc1ccc2c(c1)CC/C2=C\c1cncs1,243.33,0.0,IC50,4330.0,nM,Inactive
CHEMBL195580,Fc1ccc2c(c1)CC/C2=C\c1cccc2ncccc12,275.33,0.0,IC50,36000.0,nM,Inactive
CHEMBL8417,CCCC[C@@H]1CC2C(CCC3(C)C(=O)CCC23)C2(C)C=CC(=O)C=C12,340.51,1.0,IC50,180.0,nM,Intermediate
CHEMBL88412,CCCCCCCC[C@]1(c2ccncc2)CCC(=O)NC1=O,302.42,0.0,IC50,330.0,nM,Intermediate
CHEMBL53644,c1ccc2c(c1)CCCC2CCn1ccnc1,226.32,0.0,IC50,700.0,nM,Intermediate
CHEMBL2111947,C[C@]12CC[C@H]3[C@@H](CC=C4C[C@@H](O)CC[C@@]43C)[C@@H]1CC[C@@H]2[C@H]1CN1,315.5,0.0,IC50,50000.0,nM,Inactive
CHEMBL286506,CC(C)CN1C(=O)C2CC(c3ccc(N)cc3)(C2)C1=O,272.35,0.0,IC50,62.0,nM,Active
CHEMBL281947,Nc1ccc(C23CC2C(=O)N(CC2CCCCC2)C3=O)cc1,298.39,0.0,IC50,230.0,nM,Intermediate
CHEMBL2333330,CCOc1ccc(Cn2ccnc2)c2c(=O)c3ccccc3oc12,320.35,0.0,IC50,1973.0,nM,Inactive
CHEMBL16782,COc1ccc2c(=O)cc(-c3ccccc3)oc2c1,252.27,0.0,IC50,510.0,nM,Intermediate
CHEMBL276915,O=c1cc(-c2ccccc2)oc2cc(O)ccc12,238.24,0.0,IC50,1900.0,nM,Inactive
CHEMBL112021,Clc1ccccc1Cn1cc(Cn2ccnc2)c2ccccc21,321.81,0.0,IC50,54.0,nM,Active
CHEMBL3359965,O=C(Cn1ccnc1)c1ccc(OCc2cccnc2)cc1,293.33,0.0,IC50,31813.0,nM,Inactive
CHEMBL2312957,COc1ccc(C(c2ccncc2)c2cc3c4c(c2)CCN4C(=O)CC3)cc1,370.45,0.0,IC50,124.0,nM,Intermediate
CHEMBL2312953,O=C1CCc2cc(C(O)(c3ccccc3)c3ccncc3)cc3c2N1CC3,356.43,0.0,IC50,105.0,nM,Intermediate
CHEMBL2312948,O=C1CCc2cc(C(O)c3ccncc3)cc3c2N1CC3,280.33,0.0,IC50,5000.0,nM,Inactive
CHEMBL4449929,Cc1ccc(S(=O)(=O)NCc2cccc(CNS(=O)(=O)c3ccc(C)cc3)c2)cc1,444.58,0.0,IC50,130.0,nM,Intermediate
CHEMBL113121,C#CC[C@H]1CC2C3CCC(=O)C3(C)CCC2C2(C)CCC(=O)C=C12,324.46,0.0,IC50,176.0,nM,Intermediate
CHEMBL4444996,N#Cc1ccc(S(=O)(=O)NCc2cccc(CNS(=O)(=O)c3ccc(C#N)cc3)c2)cc1,466.54,0.0,IC50,160.0,nM,Intermediate
CHEMBL4446561,O=S(=O)(Nc1cccc(NS(=O)(=O)c2ccc(Cl)cc2)c1)c1ccc(Cl)cc1,457.36,0.0,IC50,780.0,nM,Intermediate
CHEMBL2299368,O=[N+]([O-])c1ccc(NC(=S)NCc2cccc(CNC(=S)Nc3ccc([N+](=O)[O-])cc3)c2)cc1,496.57,0.0,IC50,800.0,nM,Intermediate
CHEMBL488,CCC1(c2ccc(N)cc2)CCC(=O)NC1=O,232.28,0.0,IC50,28500.0,nM,Inactive
CHEMBL2282050,C[C@]12CCC(=O)C=C1CC[C@@H]1[C@@H]2CC[C@]2(C)C(=O)/C(=C/c3cccc(OCCCn4ccnc4)c3)C[C@@H]12,498.67,1.0,IC50,4400.0,nM,Inactive
CHEMBL294361,COc1ccc2c(c1)C1C(CC2)C1c1ccncc1,251.33,0.0,IC50,30.0,nM,Active
CHEMBL24279,O=C1c2ccc(O)cc2CC1Cc1ccncc1,239.27,0.0,IC50,9300.0,nM,Inactive
CHEMBL3219600,COc1ccc2c(c1)C(=O)/C(=C/c1c[nH]cn1)CC2,254.29,0.0,IC50,41.0,nM,Active
CHEMBL41761,CCn1ccc2cc(C(c3ccc(F)cc3)n3ccnc3)ccc21,319.38,0.0,IC50,40.0,nM,Active
CHEMBL166032,C[C@]12CC=C3C(CCC4=CC(=O)CC[C@@]43CCSC#N)C1CCC2=O,355.5,0.0,IC50,1000.0,nM,Intermediate
CHEMBL305630,CCCCC[C@H]1CC2C3CCC(=O)C3(C)CCC2C2(C)CCCC=C12,342.57,1.0,IC50,9.0,nM,Active
CHEMBL288695,CCN1CCc2cccc(C(c3cccc(Cl)c3)n3ccnc3)c21,337.85,0.0,IC50,110.0,nM,Intermediate
CHEMBL5561738,Cc1ncsc1-c1ccc([C@H](C)NC(=O)[C@@H]2C[C@@H](O)CN2C(=O)[C@@H](NC(=O)COCCOc2ccc(N(CC(F)(F)F)S(=O)(=O)C3CC4OC3C(c3ccc(-n5ccnc5)cc3)=C4c3ccc(O)cc3)cc2)C(C)(C)C)cc1,1112.26,,IC50,3900.0,nM,Inactive
CHEMBL369603,Nc1ccc(C23CC2C(=O)N(Cc2ccccc2)C3=O)cc1,292.34,0.0,IC50,7000.0,nM,Inactive
CHEMBL3941042,O=C(/C=C\Nc1ccc(S(=O)(=O)Nc2ccccn2)cc1)c1cc2ccccc2oc1=O,447.47,0.0,IC50,12530.0,nM,Inactive
CHEMBL4172433,Clc1ccc(-c2[nH]c3cc4c(cc3c2Cn2ccnc2)OCO4)cc1,351.79,0.0,IC50,2635.0,nM,Inactive
CHEMBL5082245,CCC(=C(c1ccc(O)cc1)c1ccc(O)cc1)c1cccnc1,317.39,0.0,IC50,1253.0,nM,Inactive
CHEMBL9298,N#Cc1ccc(C2CCCc3cncn32)cc1,223.28,0.0,IC50,50.0,nM,Active
CHEMBL491214,COc1ccccc1CN(Cc1ccc(-c2ccccc2)cc1)n1ccnc1,369.47,0.0,IC50,1510.0,nM,Inactive
CHEMBL490794,c1ccc(CN(Cc2ccc(-c3ccccc3)cc2)n2ccnc2)cc1,339.44,0.0,IC50,1200.0,nM,Inactive
CHEMBL516275,CC(C)(C)c1ccc(CN(Cc2ccc(-c3ccccc3)cc2)n2ccnc2)cc1,395.55,1.0,IC50,2160.0,nM,Inactive
CHEMBL1172882,Oc1cccc(-c2ccc(Cc3ccncc3)cc2)c1,261.32,0.0,IC50,663.0,nM,Intermediate
CHEMBL4160335,COc1ccc2c(Cn3ccnc3)c(-c3ccc(F)cc3)[nH]c2c1,321.36,0.0,IC50,108.7,nM,Intermediate
CHEMBL478648,Clc1ccc(CN(Cc2cccc3ccccc23)n2ccnc2)c(Cl)c1,382.29,1.0,IC50,4000.0,nM,Inactive
CHEMBL1173065,COc1cc(/C=C/c2cccc(N)c2)cc(OC)c1OC,285.34,0.0,IC50,16420.0,nM,Inactive
CHEMBL162431,Nc1ccc(C(=O)Cn2ccnc2)cc1,201.23,0.0,IC50,1840.0,nM,Inactive
CHEMBL3134109,COc1cc(O)c(C=O)c2c1[C@H](O)C[C@@H](c1ccccc1)O2,300.31,0.0,IC50,40.0,nM,Active
CHEMBL2442757,COc1ccc(-c2cc(Cn3ccnc3)c3ccc4[nH]ccc4c3n2)cc1,354.41,0.0,IC50,454.0,nM,Intermediate
CHEMBL1095413,O=C1/C(=C\c2cccnc2)C(c2ccc(OC(F)(F)F)cc2)n2cccc21,370.33,0.0,IC50,40.0,nM,Active
CHEMBL3914106,Cc1ccnc(NS(=O)(=O)c2ccc(N/C=C\C(=O)c3cc4ccccc4oc3=O)cc2)n1,462.49,0.0,IC50,9520.0,nM,Inactive
CHEMBL3622059,N#Cc1ccc(N(CCCCCSc2ccc(OS(N)(=O)=O)cc2)n2cnnc2)cc1,458.57,0.0,IC50,0.73,nM,Active
CHEMBL3622061,N#Cc1ccc(N(CC2CCc3cc(OS(N)(=O)=O)ccc3C2)n2cnnc2)cc1,424.49,0.0,IC50,5.2,nM,Active
CHEMBL108483,N#Cc1ccc(N(Cc2ccc(OS(N)(=O)=O)c(Br)c2)n2cnnc2)cc1,449.29,0.0,IC50,0.82,nM,Active
CHEMBL1672978,N#Cc1ccc(N(Cc2ccc(OS(N)(=O)=O)c(Cl)c2)n2cnnc2)cc1-c1ccccc1,480.94,0.0,IC50,0.015,nM,Active
CHEMBL1672979,N#Cc1ccc(N(Cc2ccc(OS(N)(=O)=O)c(Br)c2)n2cnnc2)cc1-c1ccccc1,525.39,1.0,IC50,0.018,nM,Active
CHEMBL1672981,N#Cc1ccc(N(Cc2ccc(OS(N)(=O)=O)cc2)n2cnnc2)cc1-c1ccc(F)cc1,464.48,0.0,IC50,0.47,nM,Active
CHEMBL3622445,Cc1nnc2n1-c1ccc(-c3cncc([C@](C)(O)C(F)(F)F)c3)cc1CC2,374.37,0.0,IC50,30000.0,nM,Inactive
CHEMBL3751913,C[C@]12CC[C@H]3[C@@H](Cc4nn(Cc5ccccc5)c5c4[C@]3(C)CCC5=O)[C@@H]1CC[C@@H]2O,404.55,0.0,IC50,245.0,nM,Intermediate
CHEMBL3753463,C[C@]12C=CC(=O)C=C1[C@@H](CC=O)C[C@@H]1[C@@H]2CC[C@]2(C)C(=O)CC[C@@H]12,326.44,0.0,IC50,2500.0,nM,Inactive
CHEMBL3980889,CS(=O)(=O)CS(=O)(=O)N1CCN(c2ccc(OC[C@@H]3CO[C@@](Cn4ccnc4)(c4ccc(Cl)cc4Cl)O3)cc2)CC1,645.59,1.0,IC50,1000.0,nM,Intermediate
CHEMBL3960724,O=S(=O)(c1cccs1)N1CCN(c2ccc(OC[C@@H]3CO[C@@](Cn4ccnc4)(c4ccc(Cl)cc4Cl)O3)cc2)CC1,635.6,2.0,IC50,10000.0,nM,Inactive
CHEMBL3622057,N#Cc1ccc(N(CCSc2ccc(OS(N)(=O)=O)c(Cl)c2)n2cnnc2)cc1,450.93,0.0,IC50,0.45,nM,Active
CHEMBL3622062,N#Cc1ccc(N(Cc2ccc3cc(OS(N)(=O)=O)ccc3c2)n2cnnc2)cc1,420.45,0.0,IC50,31.0,nM,Active
CHEMBL597808,N#Cc1ccc(Cn2cncn2)cc1-c1ccc(O)c(Cl)c1,310.74,0.0,IC50,0.15,nM,Active
CHEMBL1630911,C[C@]12CC[C@H]3[C@@H](CC=C4CCCC[C@@]43CO)[C@@H]1CCC2=O,288.43,0.0,IC50,6900.0,nM,Inactive
CHEMBL135070,C[C@@H]1C(OC(=O)C(C)(C)c2ccncc2)CC2CC1C2(C)C,301.43,0.0,IC50,3850.0,nM,Inactive
CHEMBL1630261,C[C@]12CCCC=C1[C@H](O)C[C@@H]1[C@@H]2CC[C@]2(C)C(=O)CC[C@@H]12,288.43,0.0,IC50,50.0,nM,Active
CHEMBL165106,C[C@]12CC=C3C(CCC4=CC(=O)CC[C@@]43CCSCF)C1CCC2=O,362.51,1.0,IC50,50.0,nM,Active
CHEMBL494713,COc1ccc(Cc2cc3cc(OC)ccc3cc2-c2cccnc2)cc1,355.44,1.0,IC50,38.0,nM,Active
CHEMBL3422028,CC/C(=C(/c1ccc(O)cc1)c1ccc(OCCN)cc1)c1ccc(O)cc1,375.47,0.0,IC50,45.0,nM,Active
CHEMBL3422045,NCCOc1ccc(/C(=C2\CCc3ccccc32)c2ccc(O)cc2)cc1,357.45,0.0,IC50,493.0,nM,Intermediate
CHEMBL2420685,COc1ccc2ccc(-c3cncnc3)c(Cl)c2c1,270.72,0.0,IC50,2000.0,nM,Inactive
CHEMBL2420680,Oc1ccc2ccc(-c3cncc(F)c3)c(Cl)c2c1,273.69,0.0,IC50,2000.0,nM,Inactive
CHEMBL2179113,CCCCCCCC#CCO[C@@H]1C[C@@H]2[C@H](CC[C@]3(C)C(=O)CC[C@@H]23)[C@@]2(C)C=CC(=O)C=C12,436.64,1.0,IC50,2180.0,nM,Inactive
CHEMBL287677,N#Cc1ccc([C@H]2CCCc3cncn32)cc1,223.28,0.0,IC50,6000.0,nM,Inactive
CHEMBL3134110,COc1c(C)c(OC)c2c(c1C=O)O[C@H](c1ccccc1)C[C@H]2O,328.36,0.0,IC50,1010.0,nM,Inactive
CHEMBL3134114,COc1c(C)c(O)c(C=O)c2c1[C@H](OC)C[C@@H](c1ccccc1)O2,328.36,0.0,IC50,150.0,nM,Intermediate
CHEMBL1444,N#Cc1ccc(C(c2ccc(C#N)cc2)n2cncn2)cc1,285.31,0.0,IC50,3.4,nM,Active
CHEMBL3622065,N#Cc1ccc(N(CCn2ccc3cc(OS(N)(=O)=O)ccc32)n2cnnc2)cc1,423.46,0.0,IC50,2.7,nM,Active
CHEMBL1095413,O=C1/C(=C\c2cccnc2)C(c2ccc(OC(F)(F)F)cc2)n2cccc21,370.33,0.0,IC50,1600.0,nM,Inactive
CHEMBL114447,O=C(NCc1ccncc1)C12CC3CC(CC(C3)C1)C2,270.38,0.0,IC50,1500.0,nM,Inactive
CHEMBL209047,COc1ccc2c(=O)c(Cn3ccnc3)c(-c3ccc(Br)cc3)oc2c1,411.26,0.0,IC50,4100.0,nM,Inactive
CHEMBL212168,COc1ccc2c(=O)c(Cn3ccnc3)c(-c3ccc([N+](=O)[O-])cc3)oc2c1,377.36,0.0,IC50,467.74,nM,Intermediate
CHEMBL1688897,O=c1cc(Cn2ccnc2)c2ccc(OCc3ccc(Cl)cc3)cc2o1,366.8,0.0,IC50,178.0,nM,Intermediate
CHEMBL1688905,Cc1ccc(Oc2ccc3c(Cn4ccnc4)cc(=O)oc3c2)cc1,332.36,0.0,IC50,690.0,nM,Intermediate
CHEMBL1688907,N#Cc1ccc(Oc2ccc3c(Cn4ccnc4)cc(=O)oc3c2)cc1,343.34,0.0,IC50,164.0,nM,Intermediate
CHEMBL299066,c1cc2cc(-n3ccnc3)ccc2cn1,195.22,0.0,IC50,3060.0,nM,Inactive
CHEMBL376786,O=c1c([C@H](c2ccc(Br)cc2)n2ccnc2)coc2ccccc12,381.23,0.0,IC50,288.4,nM,Intermediate
CHEMBL519436,Cn1nnc2ccc([C@@H](c3ccc(Cl)cc3)n3cncn3)cc21,324.78,0.0,IC50,3.981,nM,Active
CHEMBL224787,COc1ccc2c(-c3ccccc3)c(Cn3ccnc3)c(=O)oc2c1,332.36,0.0,IC50,106.0,nM,Intermediate
CHEMBL387892,COc1ccc2cc(Cn3ccnc3)c(=O)oc2c1,256.26,0.0,IC50,2818.38,nM,Inactive
CHEMBL4080420,Cc1nn(-c2cncc(C(C)(C)O)c2)c2cccc(F)c12,285.32,0.0,IC50,6900.0,nM,Inactive
CHEMBL478023,Clc1ccc(CN(CC/C=C/c2ccccc2)n2cncn2)c(Cl)c1,373.29,0.0,IC50,17300.0,nM,Inactive
CHEMBL491023,CC(C)(C)c1ccc(CC(Cc2ccc(-c3ccccc3)cc2)n2ccnc2)cc1,394.56,1.0,IC50,1000.0,nM,Intermediate
CHEMBL341591,CC12CCC(O)CC1=CCC1C2CCC2(C)C(CC3CN3)CCC12,329.53,0.0,IC50,7100.0,nM,Inactive
CHEMBL70317,CCC[C@@H]1CC2C3CCC(=O)C3(C)CCC2C2(C)CCCC=C12,314.51,1.0,IC50,0.44,nM,Active
CHEMBL1915152,COC(=O)[C@@H]1Cc2c([nH]c3ccccc23)CN1CC(C)C,286.38,0.0,IC50,64500.0,nM,Inactive
CHEMBL443530,CC(=O)OCC12CCCC=C1CCC1C2CCC2(C)C(O)CCC12,332.48,0.0,IC50,44000.0,nM,Inactive
CHEMBL2112739,CC(=O)O[C@H]1CCC[C@@]2(C)C1=CC[C@@H]1[C@@H]2CC[C@]2(C)C(=O)CC[C@@H]12,330.47,0.0,IC50,1000.0,nM,Intermediate
CHEMBL253570,O=c1c(O)c(-c2ccc(O)c(O)c2)oc2c(O)c(O)cc(O)c12,318.24,1.0,IC50,11000.0,nM,Inactive
CHEMBL28,O=c1cc(-c2ccc(O)cc2)oc2cc(O)cc(O)c12,270.24,0.0,IC50,1000.0,nM,Intermediate
CHEMBL328217,COc1ccc2c(c1)CC/C(=C\c1ccncc1)C2=O,265.31,0.0,IC50,8900.0,nM,Inactive
CHEMBL274318,O=C1CC(c2ccccc2)Oc2ccccc21,224.26,0.0,IC50,28500.0,nM,Inactive
CHEMBL525379,O=c1c([C@H](c2ccc([N+](=O)[O-])cc2)n2ccnc2)coc2ccccc12,347.33,0.0,IC50,95.5,nM,Active
CHEMBL224790,N#Cc1ccc(C(c2ccc(C#N)cc2)n2ncnn2)cc1,286.3,0.0,IC50,5.754,nM,Active
CHEMBL224789,N#Cc1ccc(C(c2ccc(C#N)cc2)n2ccnn2)cc1,285.31,0.0,IC50,57.54,nM,Active
CHEMBL349822,N#Cc1ccc(Cn2ccnc2)cc1,183.21,0.0,IC50,1096.48,nM,Inactive
CHEMBL285809,N#Cc1ccc(C2(c3ccc(C#N)cc3)CCCc3cncn32)cc1,324.39,0.0,IC50,870.96,nM,Intermediate
CHEMBL159073,O=c1c2ccccc2oc2c(Cn3ccnc3)ccc([N+](=O)[O-])c12,321.29,0.0,IC50,39.81,nM,Active
CHEMBL223717,COc1ccc2c(c1)[C@H]1[C@@H](CC2)[C@@H]1c1ccncc1,251.33,0.0,IC50,30.2,nM,Active
CHEMBL224060,Cn1nnc2ccc([C@H](c3ccc(Cl)cc3)n3cncn3)cc21,324.77,0.0,IC50,1.413,nM,Active
CHEMBL4515880,C[C@]12CCC(=O)C=C1[C@H](O)C[C@@H]1[C@@H]2CC[C@]2(C)C(=O)CC[C@@H]12,302.41,0.0,IC50,840.0,nM,Intermediate
CHEMBL488,CCC1(c2ccc(N)cc2)CCC(=O)NC1=O,232.28,0.0,IC50,270.0,nM,Intermediate
CHEMBL212473,COc1ccc(-c2oc3ccccc3c(=O)c2Cn2ccnc2)cc1,332.36,0.0,IC50,80.0,nM,Active
CHEMBL1601919,c1ccc(-c2nc(-c3cccnc3)cs2)cc1,238.32,0.0,IC50,900.0,nM,Intermediate
CHEMBL1957223,COc1ccc(-c2csc(-c3cccnc3)n2)cn1,269.33,0.0,IC50,590.0,nM,Intermediate
CHEMBL165,Oc1ccc(/C=C/c2cc(O)cc(O)c2)cc1,228.25,0.0,IC50,25000.0,nM,Inactive
CHEMBL132530,C[C@]12CCC(=O)C(O)=C1CC[C@@H]1[C@@H]2CC[C@]2(C)C(=O)CC[C@@H]12,302.41,0.0,IC50,92.0,nM,Active
CHEMBL446706,Oc1ccc2cc(C(c3ccc(Cl)cc3)n3cncn3)oc2c1,325.75,0.0,IC50,0.79,nM,Active
CHEMBL5205534,CCC#CCOc1ccc2cc(C(c3ccc(Cl)cc3)n3cncn3)oc2c1,391.86,1.0,IC50,2.76,nM,Active
CHEMBL5178202,Oc1ccc2oc(C(c3ccc(Cl)cc3)n3cncn3)cc2c1,325.76,0.0,IC50,5.67,nM,Active
CHEMBL1078534,C[C@]12C=CC(=O)C=C1CC[C@@H]1[C@@H]2CC[C@]2(C)C(=O)CC[C@@H]12,284.4,0.0,IC50,530.0,nM,Intermediate
CHEMBL3961452,CCC(=C(c1ccc(N)cc1)c1ccc(NCC(N)=O)cc1)c1ccc([N+](=O)[O-])cc1,416.48,0.0,IC50,286.9,nM,Intermediate
CHEMBL2386285,CC/C(=C(/c1ccc(O)cc1)c1ccc(OCCN)cc1)c1ccccc1,359.47,1.0,IC50,76.8,nM,Active
CHEMBL2386284,CC/C(=C(\c1ccc(O)cc1)c1ccc(OCCN)cc1)c1ccccc1,359.47,1.0,IC50,1029.0,nM,Inactive
CHEMBL608153,N#Cc1cc(Cn2cncn2)ccc1-c1ccccc1,260.3,0.0,IC50,4.6,nM,Active
CHEMBL70901,Nc1ccc(C2(C3CCCCC3)CCC(=O)NC2=O)cc1,286.38,0.0,IC50,4600.0,nM,Inactive
CHEMBL157925,O=c1ccoc2cc(Cn3cnnc3)ccc12,227.22,0.0,IC50,3700.0,nM,Inactive
CHEMBL9687,COc1ccc2c(c1)OC(c1ccccc1)CC2=O,254.28,0.0,IC50,8000.0,nM,Inactive
CHEMBL165552,C[C@]12CC=C3C(CCC4=CC(=O)CC[C@@]43CCSSc3ccc([N+](=O)[O-])cc3[N+](=O)[O-])C1CCC2=O,528.65,2.0,IC50,1000.0,nM,Intermediate
CHEMBL3751946,C[C@]12C=CC(=O)C=C1[C@@H](CC[N+](=O)[O-])C[C@@H]1[C@@H]2CC[C@]2(C)C(=O)CC[C@@H]12,357.45,0.0,IC50,910.0,nM,Intermediate
CHEMBL3752191,COC(=O)C1=C(C)NC(C)=C(C(=O)OC)C1C[C@H]1C[C@@H]2[C@H](CC[C@]3(C)C(=O)CC[C@@H]23)[C@@]2(C)C=CC(=O)C=C12,521.65,1.0,IC50,10000.0,nM,Inactive
CHEMBL3623223,C=CC[C@@H]1CC2=CC(=O)C=C[C@]2(C)[C@H]2CC[C@]3(C)C(=O)CC[C@H]3[C@H]12,324.46,0.0,IC50,470.0,nM,Intermediate
CHEMBL294361,COc1ccc2c(c1)C1C(CC2)C1c1ccncc1,251.33,0.0,IC50,61.0,nM,Active
CHEMBL3805388,COc1c(C)cc(S(=O)(=O)N2CCCC(Cn3ccnc3)C2)c(C)c1C,377.51,0.0,IC50,45.0,nM,Active
CHEMBL224060,Cn1nnc2ccc([C@H](c3ccc(Cl)cc3)n3cncn3)cc21,324.77,0.0,IC50,1.38,nM,Active
CHEMBL1172937,COc1ccc(/C=C/c2ccc(N)cc2)cc1OC,255.32,0.0,IC50,14510.0,nM,Inactive
CHEMBL1170663,COc1cc(/C=C/c2ccc(N)cc2)c(OC)c(OC)c1,285.34,0.0,IC50,2280.0,nM,Inactive
CHEMBL1170678,COc1cc(/C=C(\Cn2ccnc2)c2ccc([N+](=O)[O-])cc2)cc(OC)c1,365.39,0.0,IC50,70.0,nM,Active
CHEMBL363621,C(=C1/CCc2ccccc21)\c1cccnc1,207.28,0.0,IC50,3550.0,nM,Inactive
CHEMBL383806,Fc1ccc2c(c1)CC/C2=C/c1cccnc1,225.27,0.0,IC50,2490.0,nM,Inactive
CHEMBL194440,Brc1ccc2c(c1)CC/C2=C\c1cccnc1,286.17,0.0,IC50,7830.0,nM,Inactive
CHEMBL179149,C(=C1/CCc2ccccc21)\c1ccncc1,207.28,0.0,IC50,12730.0,nM,Inactive
CHEMBL179222,Brc1ccc2c(c1)CC/C2=C/c1ccncc1,286.17,0.0,IC50,3960.0,nM,Inactive
CHEMBL175609,COc1ccc2c(c1)CC/C2=C/c1ccncc1,237.3,0.0,IC50,3720.0,nM,Inactive
CHEMBL175979,COc1ccc2c(c1)CCC/C2=C\c1ccncc1,251.33,0.0,IC50,800.0,nM,Intermediate
CHEMBL195248,Fc1ccc2c(c1)CC/C2=C\c1cncnc1,226.25,0.0,IC50,7450.0,nM,Inactive
CHEMBL279940,Oc1ccc2c(c1)CCC(Cc1ccncc1)C2,239.32,0.0,IC50,750.0,nM,Intermediate
CHEMBL285155,COc1ccc2c(c1)C/C(=C/c1ccncc1)C2=O,251.28,0.0,IC50,6300.0,nM,Inactive
CHEMBL1629803,C[C@]12CC[C@H]3O[C@H]3[C@@H]1CC[C@@H]1[C@@H]2CC[C@]2(C)[C@@H](O)CC[C@@H]12,290.45,0.0,IC50,6500.0,nM,Inactive
CHEMBL132530,C[C@]12CCC(=O)C(O)=C1CC[C@@H]1[C@@H]2CC[C@]2(C)C(=O)CC[C@@H]12,302.41,0.0,IC50,42.0,nM,Active
CHEMBL488,CCC1(c2ccc(N)cc2)CCC(=O)NC1=O,232.28,0.0,IC50,18500.0,nM,Inactive
CHEMBL307160,O=c1c2ccccc2oc2c([N+](=O)[O-])ccc(Cn3ccnc3)c12,321.29,0.0,IC50,970.0,nM,Intermediate
CHEMBL73071,CCC[C@@H]1CC2C(CCC3(C)C(O)CCC23)C2(C)CCCC=C12,316.53,1.0,IC50,43.0,nM,Active
CHEMBL488848,CCC[C@@H](O)C[C@H]1OC(=O)c2c(cc(OC)c(OC)c2O)[C@H]1O,326.35,0.0,IC50,15300.0,nM,Inactive
CHEMBL23646,COc1ccc2c(c1)CC(Cc1ccncc1)C2,239.32,0.0,IC50,240.0,nM,Intermediate
CHEMBL29482,N#Cc1ccc(C(c2ccc(C#N)cc2)n2ccnc2)cc1,284.32,0.0,IC50,3.5,nM,Active
CHEMBL289766,CCCCCCCCCC1(c2ccncc2)CCC(=O)NC1=O,316.45,0.0,IC50,2400.0,nM,Inactive
CHEMBL132530,C[C@]12CCC(=O)C(O)=C1CC[C@@H]1[C@@H]2CC[C@]2(C)C(=O)CC[C@@H]12,302.41,0.0,IC50,370.0,nM,Intermediate
CHEMBL3924170,COc1cnc(NS(=O)(=O)c2ccc(N/C=C\C(=O)c3cc4ccccc4oc3=O)cc2)nc1,478.49,0.0,IC50,6070.0,nM,Inactive
CHEMBL1444,N#Cc1ccc(C(c2ccc(C#N)cc2)n2cncn2)cc1,285.31,0.0,IC50,29500.0,nM,Inactive
CHEMBL3793576,O=c1c(Cc2c[nH]cn2)coc2cc(F)ccc12,244.22,0.0,IC50,3100.0,nM,Inactive
CHEMBL2011180,COc1ccc2c(c1)C(=O)C(c1ccccc1)CO2,254.28,0.0,IC50,260.0,nM,Intermediate
CHEMBL2333334,O=c1c2ccccc2oc2c(OCC3CC3)ccc(Cn3ccnc3)c12,346.39,0.0,IC50,565.0,nM,Intermediate
CHEMBL442373,N#Cc1ccc(Cn2ccnc2)c2c(=O)c3ccccc3oc12,301.31,0.0,IC50,2300.0,nM,Inactive
CHEMBL2179108,CCO[C@@H]1C[C@@H]2[C@H](CC[C@]3(C)C(=O)CC[C@@H]23)[C@@]2(C)C=CC(=O)C=C12,328.45,0.0,IC50,18100.0,nM,Inactive
CHEMBL307160,O=c1c2ccccc2oc2c([N+](=O)[O-])ccc(Cn3ccnc3)c12,321.29,0.0,IC50,970.0,nM,Intermediate
CHEMBL185809,COc1ccc2c(=O)c(-c3ccccc3)c(SCc3ccncc3)oc2c1,375.45,1.0,IC50,1600.0,nM,Inactive
CHEMBL1915161,COC(=O)[C@@H]1Cc2c([nH]c3ccccc23)CN1CC1CC1,284.36,0.0,IC50,58600.0,nM,Inactive
CHEMBL3806159,O=S(=O)(c1ccc(F)c(F)c1)N1CCCC(Cn2ccnc2)C1,341.38,0.0,IC50,43.0,nM,Active
CHEMBL1915403,O=C(O)[C@@H]1Cc2c([nH]c3ccccc23)CN1Cc1ccc(O)cc1,322.36,0.0,IC50,10500.0,nM,Inactive
CHEMBL1629805,C[C@]12CC[C@H]3[C@@H](CCC4=CCCC[C@@]43CO)[C@@H]1CCC2=O,288.43,0.0,IC50,49.0,nM,Active
CHEMBL331522,CCCCCCCC[C@H]1C[C@](CC)(c2ccncc2)C(=O)NC1=O,330.47,0.0,IC50,2400.0,nM,Inactive
CHEMBL149238,CC1(c2ccc(N)cc2)CC(=O)NC1=O,204.23,0.0,IC50,12500.0,nM,Inactive
CHEMBL9298,N#Cc1ccc(C2CCCc3cncn32)cc1,223.28,0.0,IC50,39.0,nM,Active
CHEMBL1939525,FC(F)(F)c1ccc(-c2nsc(-c3ccc(C(F)(F)F)cc3)n2)cc1,374.31,1.0,IC50,50000.0,nM,Inactive
CHEMBL3422037,CCC/C(=C(/c1ccc(O)cc1)c1ccc(OCCN)cc1)c1ccccc1,373.5,1.0,IC50,261.0,nM,Intermediate
CHEMBL3422051,CC/C(=C(/c1ccc(O)cc1)c1ccc(CCCN)cc1)c1ccccc1,357.5,1.0,IC50,7340.0,nM,Inactive
CHEMBL488,CCC1(c2ccc(N)cc2)CCC(=O)NC1=O,232.28,0.0,IC50,37000.0,nM,Inactive
CHEMBL5561326,CCOC(=O)C(=O)Nc1ccc(/C(=C(/C)c2cccc(Br)c2)c2ccccc2)cc1,464.36,1.0,IC50,350.0,nM,Intermediate
CHEMBL5559396,COc1ccc(/C(C)=C(/c2ccccc2)c2ccc(NC(=O)C(=O)O)cc2)cc1,387.44,0.0,IC50,900.0,nM,Intermediate
CHEMBL5555812,CCOC(=O)C(=O)c1cn(CCCCCNc2ccc(C(=C(C)c3ccccc3)c3ccccc3)cc2)c2ccccc12,570.73,2.0,IC50,54.0,nM,Active
CHEMBL313774,O=C1/C(=C/c2ccncc2)CCc2ccc(O)cc21,251.29,0.0,IC50,3000.0,nM,Inactive
CHEMBL1444,N#Cc1ccc(C(c2ccc(C#N)cc2)n2cncn2)cc1,285.31,0.0,IC50,10.0,nM,Active
CHEMBL4453737,O=C(CCc1ccc(O)c(Cl)c1)NCc1csc(=O)[nH]1,312.78,0.0,IC50,21700.0,nM,Inactive
CHEMBL599442,N#Cc1ccc(-c2ccc(OS(N)(=O)=O)c(Cl)c2)cc1Cn1cncn1,389.82,0.0,IC50,146.0,nM,Intermediate
CHEMBL599455,N#Cc1cc(Cn2cncn2)cc(-c2ccccc2)c1,260.3,0.0,IC50,29.3,nM,Active
CHEMBL601840,N#Cc1cc(Cn2cncn2)cc(-c2ccc(O)cc2)c1,276.3,0.0,IC50,112.0,nM,Intermediate
CHEMBL489188,Clc1ccccc1CC(Cc1ccc(-c2ccccc2)cc1)n1ccnc1,372.9,1.0,IC50,1090.0,nM,Inactive
CHEMBL3623223,C=CC[C@@H]1CC2=CC(=O)C=C[C@]2(C)[C@H]2CC[C@]3(C)C(=O)CC[C@H]3[C@H]12,324.46,0.0,IC50,470.0,nM,Intermediate
CHEMBL90427,COc1cccc2c1CCC(Cc1ccncc1)C2=O,267.33,0.0,IC50,2200.0,nM,Inactive
CHEMBL28668,CCC(C)C1(c2ccc(N)cc2)CCC(=O)NC1=O,260.34,0.0,IC50,3000.0,nM,Inactive
CHEMBL3622064,N#Cc1ccc(N(Cc2ccc3c(Br)c(OS(N)(=O)=O)ccc3c2)n2cnnc2)cc1,499.35,0.0,IC50,0.25,nM,Active
CHEMBL29230,CC(C)CCC1(c2ccc(N)cc2)CCC(=O)NC1=O,274.36,0.0,IC50,400.0,nM,Intermediate
CHEMBL29521,CCCC(C)C1(c2ccc(N)cc2)CCC(=O)NC1=O,274.36,0.0,IC50,600.0,nM,Intermediate
CHEMBL29339,CCCCCCC1(c2ccc(N)cc2)CCC(=O)NC1=O,288.39,0.0,IC50,1500.0,nM,Inactive
CHEMBL10137,COc1ccc2c(c1)OC(c1ccccc1)/C(=C\c1ccncc1)C2=O,343.38,0.0,IC50,620.0,nM,Intermediate
CHEMBL4583456,COc1ccc2c(c1)O[C@@H](c1ccccc1)C[C@@H]2n1ccnc1,306.37,0.0,IC50,91.0,nM,Active
CHEMBL4465348,N#Cc1ccc(N(Cc2ccc(OS(N)(=O)=O)cc2F)n2cnnc2)cc1,388.38,0.0,IC50,0.2,nM,Active
CHEMBL1915401,COC(=O)[C@@H]1Cc2c([nH]c3ccccc23)CN1Cc1ccc(O)cc1,336.39,0.0,IC50,57400.0,nM,Inactive
CHEMBL179222,Brc1ccc2c(c1)CC/C2=C/c1ccncc1,286.17,0.0,IC50,3400.0,nM,Inactive
CHEMBL2208141,COc1cccc(-c2csc(-c3cccc(OC)c3)n2)c1,297.38,0.0,IC50,50000.0,nM,Inactive
CHEMBL589974,N#Cc1ccc(Cn2cncn2)cc1-c1cccc(Cl)c1,294.75,0.0,IC50,0.22,nM,Active
CHEMBL1173260,Oc1ccc(-c2ccc(Cc3ccncc3)cc2)cc1F,279.31,0.0,IC50,2693.0,nM,Inactive
CHEMBL3622064,N#Cc1ccc(N(Cc2ccc3c(Br)c(OS(N)(=O)=O)ccc3c2)n2cnnc2)cc1,499.35,0.0,IC50,0.25,nM,Active
CHEMBL1399,CC(C)(C#N)c1cc(Cn2cncn2)cc(C(C)(C)C#N)c1,293.37,0.0,IC50,1.5,nM,Active
CHEMBL597403,CC(C)(C#N)c1cc(Cn2cncn2)cc(-c2ccc(OS(N)(=O)=O)cc2)c1,397.46,0.0,IC50,17.5,nM,Active
CHEMBL598629,NS(=O)(=O)Oc1ccc(-c2cccc(Cn3cncn3)c2)cc1,330.37,0.0,IC50,275.0,nM,Intermediate
CHEMBL589247,N#Cc1ccc(-c2cccc(O)c2)cc1Cn1cncn1,276.3,0.0,IC50,14.4,nM,Active
CHEMBL2011187,O=C1c2cc(F)ccc2OCC1c1ccccc1,242.25,0.0,IC50,32000.0,nM,Inactive
CHEMBL2011188,O=C1c2cc(Cl)ccc2OCC1c1ccccc1,258.7,0.0,IC50,5100.0,nM,Inactive
CHEMBL4099909,O=c1ccc2ccc(-c3ccccn3)cc2o1,223.23,0.0,IC50,10000.0,nM,Inactive
CHEMBL4105495,CCN(CC)c1ccc2cc(-c3ncco3)c(=O)oc2c1,284.31,0.0,IC50,10000.0,nM,Inactive
CHEMBL1088570,O=C(OC[C@@H](O)[C@@H](O)COC(=O)/C(Cc1ccc(O)cc1)=N\O)/C(Cc1ccc(O)cc1)=N\O,476.44,2.0,IC50,100000.0,nM,Inactive
CHEMBL468410,N#Cc1ccc(C(c2cccc3[nH]ccc23)n2ccnc2)cc1,298.35,0.0,IC50,18.7,nM,Active
CHEMBL598020,N#Cc1cc(Cn2cncn2)ccc1-c1ccc(O)c(Cl)c1,310.74,0.0,IC50,380.0,nM,Intermediate
CHEMBL597416,CC(C)(C#N)c1cc(Cn2cncn2)cc(-c2ccc(O)c(Cl)c2)c1,352.83,0.0,IC50,0.1,nM,Active
CHEMBL598628,N#Cc1cc(Cn2cncn2)cc(-c2ccc(OS(N)(=O)=O)c(Cl)c2)c1,389.82,0.0,IC50,80.0,nM,Active
CHEMBL586557,Cc1cc(O)c2c(c1-c1ccc3c(c1O)C(=O)C[C@](C)([C@@H]1OC(=O)C[C@@H]1C)O3)O[C@](C)([C@@H]1OC(=O)C[C@H]1O)CC2=O,566.56,2.0,IC50,24400.0,nM,Inactive
CHEMBL1629804,C[C@]12CCCC=C1CC[C@@H]1[C@@H]2CC[C@]2(C)C(=O)CC[C@@H]12,272.43,0.0,IC50,530.0,nM,Intermediate
CHEMBL1783178,N#Cc1ccc(C2CC(n3ccnc3)c3ccc4ccccc4c3O2)cc1,351.41,1.0,IC50,78.0,nM,Active
CHEMBL81134,CC12CCC3C(CCC4=CCCCC43C)C1C[C@H](Br)C2=O,351.33,1.0,IC50,5900.0,nM,Inactive
CHEMBL2282053,C[C@]12CC[C@H]3[C@@H](CC=C4C[C@@H](O)CC[C@@]43C)[C@@H]1C/C(=C\c1cccc(OCCCn3ccnc3)c1)[C@@H]2O,502.7,2.0,IC50,9100.0,nM,Inactive
CHEMBL224787,COc1ccc2c(-c3ccccc3)c(Cn3ccnc3)c(=O)oc2c1,332.36,0.0,IC50,106.0,nM,Intermediate
CHEMBL225079,N#Cc1ccc([C@H](c2coc3ccccc3c2=O)n2ccnc2)cc1,327.34,0.0,IC50,110.0,nM,Intermediate
CHEMBL361653,COc1ccc(-c2c(SCc3ccncc3)oc3cc(OC)ccc3c2=O)cc1,405.48,1.0,IC50,3100.0,nM,Inactive
CHEMBL387518,O=C1c2ccccc2-c2nnc(Cn3ccnc3)cc21,262.27,0.0,IC50,26600.0,nM,Inactive
CHEMBL9298,N#Cc1ccc(C2CCCc3cncn32)cc1,223.28,0.0,IC50,41.0,nM,Active
CHEMBL2333336,O=c1c2ccccc2oc2c(O)ccc(Cn3ccnc3)c12,292.29,0.0,IC50,170.0,nM,Intermediate
CHEMBL2333332,CC(C)CCOc1ccc(Cn2ccnc2)c2c(=O)c3ccccc3oc12,362.43,0.0,IC50,837.0,nM,Intermediate
CHEMBL349514,CCSC(C[C@]12CCC(=O)C=C1CCC1C2=CC[C@]2(C)C(=O)CCC12)SCC,418.67,1.0,IC50,1000.0,nM,Intermediate
CHEMBL102409,O=C(Cc1ccncc1)OC1CCCCC1,219.28,0.0,IC50,300.0,nM,Intermediate
CHEMBL1170893,COc1cc(/C=C(\Cn2ccnc2)c2ccc(N)cc2)cc(OC)c1,335.41,0.0,IC50,36.0,nM,Active
CHEMBL1173335,CC(C)=C(c1ccncc1)c1ccc(-c2ccc(O)c(F)c2)cc1,319.38,1.0,IC50,5750.0,nM,Inactive
CHEMBL1172779,Oc1ccc(-c2ccc(Cc3ccncc3)cc2)cc1O,277.32,0.0,IC50,2440.0,nM,Inactive
CHEMBL3622055,N#Cc1ccc(N(CCSc2ccc(O)c(Cl)c2)n2cnnc2)cc1,371.85,0.0,IC50,0.26,nM,Active
CHEMBL3622058,N#Cc1ccc(N(CCCSc2ccc(OS(N)(=O)=O)cc2)n2cnnc2)cc1,430.52,0.0,IC50,0.51,nM,Active
CHEMBL480321,N#Cc1ccc([C@@H](c2ccc(OS(N)(=O)=O)c(Br)c2)n2cncn2)cc1,434.28,0.0,IC50,14.3,nM,Active
CHEMBL3622363,Cn1nnc2ccc(C(c3ccc(OS(N)(=O)=O)cc3)n3cncn3)cc21,385.41,0.0,IC50,29.0,nM,Active
CHEMBL3622069,CC(C)(C#N)c1cc(Cn2cncn2)cc(Sc2ccccc2)c1,334.45,0.0,IC50,2.3,nM,Active
CHEMBL3622073,N#CC1(c2cc(Cn3cncn3)cc(Sc3ccc(OS(N)(=O)=O)cc3)c2)CCC1,441.54,0.0,IC50,20.7,nM,Active
CHEMBL431843,CC(C)(OC(=O)C12CC3CC(CC(C3)C1)C2)c1cccnc1,299.41,0.0,IC50,51000.0,nM,Inactive
CHEMBL84230,C[C@]12CCC3C(CC[C@H]4CC(=O)CC[C@]34C)C1CC=C2c1cccnc1,349.52,1.0,IC50,50000.0,nM,Inactive
CHEMBL302741,CC12CCC3C(C(=O)C=C4CCCCC43CO)C1CCC2=O,302.41,0.0,IC50,56000.0,nM,Inactive
CHEMBL179144,Fc1ccc2c(c1)CC/C2=C/c1ccncc1,225.27,0.0,IC50,800.0,nM,Intermediate
CHEMBL366570,Cc1ccc2c(c1)/C(=C\c1cccnc1)CC2,221.3,0.0,IC50,4600.0,nM,Inactive
CHEMBL9298,N#Cc1ccc(C2CCCc3cncn32)cc1,223.28,0.0,IC50,30.0,nM,Active
CHEMBL169,C[C@H]1[C@H](C)CC[C@]2(C(=O)O)CC[C@]3(C)C(=CC[C@@H]4[C@@]5(C)CC[C@H](O)C(C)(C)[C@@H]5CC[C@]43C)[C@H]12,456.71,1.0,IC50,32000.0,nM,Inactive
CHEMBL206070,CC1CC(c2cccnc2)=Cc2ccccc21,221.3,0.0,IC50,3551.0,nM,Inactive
CHEMBL205503,CCC1=C(c2cccnc2)CCc2ccccc21,235.33,0.0,IC50,1507.0,nM,Inactive
CHEMBL163420,N#CCCCC1CCCc2cncn21,189.26,0.0,IC50,92.9,nM,Active
CHEMBL1162951,COc1ccc(C2CC(=O)c3ccccc3O2)cc1CC=C(C)C,322.4,0.0,IC50,12100.0,nM,Inactive
CHEMBL355905,CSc1nc2ccccn2c(=N)c1S(=O)(=O)c1ccccc1,331.42,0.0,IC50,860.0,nM,Intermediate
CHEMBL26065,O=C1/C(=C/c2ccncc2)Cc2cc(O)ccc21,237.26,0.0,IC50,21877.62,nM,Inactive
CHEMBL451201,N#Cc1ccc([C@@H](c2coc3ccccc3c2=O)n2ccnc2)cc1,327.34,0.0,IC50,630.0,nM,Intermediate
CHEMBL522917,O=c1c([C@@H](c2ccc(Br)cc2)n2ccnc2)coc2ccccc12,381.23,0.0,IC50,48.98,nM,Active
CHEMBL1825021,c1ccc(Cn2cncn2)cc1,159.19,0.0,IC50,4110.0,nM,Inactive
CHEMBL1825024,c1ccc(C(c2ccccc2)n2cncn2)cc1,235.29,0.0,IC50,1100.0,nM,Inactive
CHEMBL131921,COc1ccc(-c2coc3cc(O)cc(O)c3c2=O)cc1,284.27,0.0,IC50,34000.0,nM,Inactive
CHEMBL1444,N#Cc1ccc(C(c2ccc(C#N)cc2)n2cncn2)cc1,285.31,0.0,IC50,4.2,nM,Active
CHEMBL2011175,Cc1ccc(C2COc3ccccc3C2=O)cc1,238.29,0.0,IC50,41000.0,nM,Inactive
CHEMBL1165711,COc1ccc2c(c1)OCC(c1ccccc1)C2=O,254.28,0.0,IC50,41000.0,nM,Inactive
CHEMBL2011184,COc1cc(OC)cc(C2COc3ccccc3C2=O)c1,284.31,0.0,IC50,11000.0,nM,Inactive
CHEMBL27879,CCCCCCCCCCN1C(=O)C2CC(c3ccc(N)cc3)(C2)C1=O,356.51,0.0,IC50,225.0,nM,Intermediate
CHEMBL2112309,C[C@]12CC[C@H]3[C@@H](CCC4=CCCC[C@@]43C(F)F)[C@@H]1CC[C@@H]2O,310.43,0.0,IC50,26000.0,nM,Inactive
CHEMBL387518,O=C1c2ccccc2-c2nnc(Cn3ccnc3)cc21,262.27,0.0,IC50,26630.0,nM,Inactive
CHEMBL225472,COc1ccc2c(Cn3ccnc3)cc(=O)oc2c1,256.26,0.0,IC50,280.0,nM,Intermediate
CHEMBL376371,c1ccc(C2(n3cncn3)c3ccccc3-c3ccccc32)cc1,309.37,0.0,IC50,3981.07,nM,Inactive
CHEMBL73368,CCCCCCCC[C@H]1CC2C(CCC3(C)C(O)CCC23)C2(C)CCCC=C12,386.66,1.0,IC50,50.0,nM,Active
CHEMBL475943,c1ccc(CN(Cc2cccc3ccsc23)n2ccnc2)cc1,319.43,0.0,IC50,9960.0,nM,Inactive
CHEMBL523973,CC(C)(C)c1ccc(CN(Cc2cccs2)n2ccnc2)cc1,325.48,0.0,IC50,580.0,nM,Intermediate
CHEMBL491825,CC(C)(C)c1ccc(CN(Cc2ccc(Cl)cc2Cl)n2ccnc2)cc1,388.34,1.0,IC50,1520.0,nM,Inactive
CHEMBL176886,CCOc1ccc2c(c1)CC/C2=C/c1cccnc1,251.33,0.0,IC50,7680.0,nM,Inactive
CHEMBL175962,C(=C1\CCc2ccccc21)\c1ccncc1,207.28,0.0,IC50,6700.0,nM,Inactive
CHEMBL175554,Clc1ccc2c(c1)CC/C2=C\c1ccncc1,241.72,0.0,IC50,5430.0,nM,Inactive
CHEMBL175799,Clc1ccc2c(c1)CC/C2=C/c1ccncc1,241.72,0.0,IC50,1990.0,nM,Inactive
CHEMBL370281,COc1ccc2c(c1)/C(=C\c1ccncc1)CC2,237.3,0.0,IC50,770.0,nM,Intermediate
CHEMBL370317,C(=C(c1ccccc1)c1ccccc1)c1cccnc1,257.34,0.0,IC50,3680.0,nM,Inactive
CHEMBL176098,COc1ccc2c(c1)CCC/C2=C/c1cccnc1,251.33,0.0,IC50,4000.0,nM,Inactive
CHEMBL475944,Clc1ccc(CC(Cc2ccc(-c3ccccc3)cc2)n2ccnc2)s1,378.93,1.0,IC50,1070.0,nM,Inactive
CHEMBL489359,Clc1ccc(CC(Cc2ccc(-c3ccccc3)cc2)n2ccnc2)c(Cl)c1,407.34,1.0,IC50,1240.0,nM,Inactive
CHEMBL205782,C1=C(c2cccnc2)Cc2ccccc21,193.25,0.0,IC50,36000.0,nM,Inactive
CHEMBL24593,c1ccc2c(c1)CC(Cc1ccncc1)C2,209.29,0.0,IC50,2400.0,nM,Inactive
CHEMBL464007,CC(C)=CCc1cc(-c2oc3c(CC=C(C)C)c(O)cc(O)c3c(=O)c2O)ccc1O,422.48,1.0,IC50,9700.0,nM,Inactive
CHEMBL458395,O=C1C[C@@H](c2ccc(O)cc2O)Oc2cc(O)cc(O)c21,288.25,0.0,IC50,2200.0,nM,Inactive
CHEMBL1939543,Cc1cc(Br)ccc1-c1nsc(-c2ccc(Br)cc2C)n1,424.16,1.0,IC50,50000.0,nM,Inactive
CHEMBL4531367,COc1ccc(S(=O)(=O)NCc2cccc(CNS(=O)(=O)c3ccc(OC)cc3)c2)cc1,476.58,0.0,IC50,11600.0,nM,Inactive
CHEMBL4536389,O=S(=O)(NCc1cccc(CNS(=O)(=O)c2ccc(F)cc2)c1)c1ccc(F)cc1,452.5,0.0,IC50,2190.0,nM,Inactive
CHEMBL4567479,CC(=O)c1ccc(S(=O)(=O)NCc2cccc(CNS(=O)(=O)c3ccc(C(C)=O)cc3)c2)cc1,500.6,1.0,IC50,280.0,nM,Intermediate
CHEMBL4439561,O=[N+]([O-])c1cccc(S(=O)(=O)NCc2cccc(CNS(=O)(=O)c3cccc([N+](=O)[O-])c3)c2)c1,506.52,1.0,IC50,2750.0,nM,Inactive
CHEMBL321729,CC1CCC(OC(=O)Cc2ccncc2)CC1,233.31,0.0,IC50,2000.0,nM,Inactive
CHEMBL105044,CC1(OC(=O)Cc2ccncc2)CCCCC1,233.31,0.0,IC50,3200.0,nM,Inactive
CHEMBL93828,O=C1c2cccc(O)c2CCC1Cc1ccncc1,253.3,0.0,IC50,200.0,nM,Intermediate
CHEMBL92488,O=C1/C(=C/c2ccncc2)CCc2c(O)cccc21,251.29,0.0,IC50,690.0,nM,Intermediate
CHEMBL323546,O=C(Cc1ccncc1)Oc1ccccc1,213.24,0.0,IC50,13900.0,nM,Inactive
CHEMBL104126,CC(C)CC(C)OC(=O)Cc1ccncc1,221.3,0.0,IC50,9700.0,nM,Inactive
CHEMBL1215665,Nc1ccc(-c2ccc(Cc3ccncc3)cc2)cc1,260.34,0.0,IC50,24500.0,nM,Inactive
CHEMBL1444,N#Cc1ccc(C(c2ccc(C#N)cc2)n2cncn2)cc1,285.31,0.0,IC50,49.5,nM,Active
CHEMBL24014,Oc1ccc2c(c1)CC(Cc1ccncc1)C2,225.29,0.0,IC50,1900.0,nM,Inactive
CHEMBL23148,COc1cccc2c1CCC(Cc1ccncc1)C2,253.35,0.0,IC50,590.0,nM,Intermediate
CHEMBL3422034,NCCOc1ccc(/C(=C/c2ccccc2)c2ccc(O)cc2)cc1,331.42,0.0,IC50,6290.0,nM,Inactive
CHEMBL3407536,C[C@]12C=CC(=O)C=C1[C@@]1(CO1)C[C@@H]1[C@@H]2CC[C@]2(C)C(=O)CC[C@@H]12,312.41,0.0,IC50,620.0,nM,Intermediate
CHEMBL9298,N#Cc1ccc(C2CCCc3cncn32)cc1,223.28,0.0,IC50,52.0,nM,Active
CHEMBL24410,C=C[C@@H]1CC2C3CCC(=O)C3(C)CCC2C2(C)CCC(=O)C=C12,312.45,0.0,IC50,320.0,nM,Intermediate
CHEMBL377766,O=c1c(Cn2ccnc2)c(-c2ccc(Br)cc2)oc2ccccc12,381.23,0.0,IC50,436.52,nM,Intermediate
CHEMBL4288256,O=S(=O)(c1cccc(OC(F)(F)F)c1)N1CCN(c2ccc(/C=C/c3cc(Cl)cc(Cn4ccnc4)c3)cc2)CC1,603.07,2.0,IC50,10000.0,nM,Inactive
CHEMBL4128368,O=S(=O)(N1CCN(c2ccc(/C=C/c3cc(F)cc(-c4ccncc4)c3)cc2)CC1)C(F)(F)F,491.51,1.0,IC50,1000.0,nM,Intermediate
CHEMBL271794,CN(c1ccc(NC(=O)c2ccc(-c3ccccc3)cc2)cc1OCc1ccccc1)S(C)(=O)=O,486.59,1.0,IC50,120.0,nM,Intermediate
CHEMBL269877,O=C(Nc1ccc([N+](=O)[O-])cc1OCc1ccccc1)c1ccc2ccccc2c1,398.42,1.0,IC50,25000.0,nM,Inactive
CHEMBL407092,N#Cc1ccc(C(=O)Nc2ccc([N+](=O)[O-])cc2OCc2ccccc2)cc1,373.37,0.0,IC50,25000.0,nM,Inactive
CHEMBL522917,O=c1c([C@@H](c2ccc(Br)cc2)n2ccnc2)coc2ccccc12,381.23,0.0,IC50,49.0,nM,Active
CHEMBL419131,COc1ccc2c(c1)C(=O)/C(=C/c1ccncc1)CC2,265.31,0.0,IC50,12882.5,nM,Inactive
CHEMBL91101,COc1cccc2c1CC/C(=C\c1ccncc1)C2=O,265.31,0.0,IC50,6309.57,nM,Inactive
CHEMBL388515,N#Cc1ccc(C(F)(c2ccc(C#N)cc2)n2ccnn2)cc1,303.3,0.0,IC50,95.5,nM,Active
CHEMBL211207,Brc1ccc(Cn2ccnc2)cc1,237.1,0.0,IC50,338.84,nM,Intermediate
CHEMBL158635,COc1ccc2c(=O)c(Cn3ccnc3)c(-c3ccccc3)oc2c1,332.36,0.0,IC50,549.54,nM,Intermediate
CHEMBL409448,O=C(Nc1ccc([N+](=O)[O-])cc1OCc1ccccc1)c1ccc([N+](=O)[O-])cc1,393.36,0.0,IC50,25000.0,nM,Inactive
CHEMBL436515,CN(c1ccc([N+](=O)[O-])cc1OCCc1ccccc1)S(C)(=O)=O,350.4,0.0,IC50,520.0,nM,Intermediate
CHEMBL220774,CS(=O)(=O)Nc1ccc([N+](=O)[O-])cc1OCc1ccc(Cl)cc1,356.79,0.0,IC50,290.0,nM,Intermediate
CHEMBL387386,Cc1ccc(COc2cc([N+](=O)[O-])ccc2NS(C)(=O)=O)cc1,336.37,0.0,IC50,1750.0,nM,Inactive
CHEMBL437497,CS(=O)(=O)Nc1ccc([N+](=O)[O-])cc1OC1CCCC1,300.34,0.0,IC50,870.0,nM,Intermediate
CHEMBL576579,Cc1cc2c(c(O)c1-c1ccc3c(c1O)C(=O)C[C@](C)([C@@H]1OC(=O)C[C@@H]1C)O3)C(=O)C[C@@](C)([C@@H]1OC(=O)C[C@H]1O)O2,566.56,2.0,IC50,16500.0,nM,Inactive
CHEMBL118266,c1cncc(-c2csc(-c3cccnc3)n2)c1,239.3,0.0,IC50,4.0,nM,Active
CHEMBL4229074,COc1ccc(O)c(-c2csc(-c3ncccn3)n2)c1,285.33,0.0,IC50,3000.88,nM,Inactive
CHEMBL3422050,CC/C(=C(/c1ccc(O)cc1)c1ccc(OCCCN)cc1)c1ccccc1,373.5,1.0,IC50,1240.0,nM,Inactive
CHEMBL268209,CCCCCCC[C@H]1CC2C(CCC3(C)C(=O)CCC23)C2(C)C=CC(=O)C=C12,382.59,1.0,IC50,250.0,nM,Intermediate
CHEMBL83835,CC12CCC3C(CCC4=CCCCC43C(F)F)C1CCC2=O,308.41,1.0,IC50,1200.0,nM,Inactive
CHEMBL311077,CC(=O)OCC12CCCC=C1CCC1C2CCC2(C)C(OC(C)=O)CCC12,374.52,0.0,IC50,38000.0,nM,Inactive
CHEMBL3805733,O=S(=O)(c1ccc(OC2CCCC2)cc1)N1CCCC(Cn2ccnc2)C1,389.52,0.0,IC50,14.0,nM,Active
CHEMBL3622054,N#Cc1ccc(N(CCSc2ccc(O)cc2)n2cnnc2)cc1,337.41,0.0,IC50,0.28,nM,Active
CHEMBL297784,Cn1ccc2cc3c(cc21)CCN3C(=O)Nc1cccnc1,292.34,0.0,IC50,100000.0,nM,Inactive
CHEMBL2163646,COc1ccc(C(c2cc3c4c(c2)CCN4C(=O)CC3)n2ccnc2)cc1,359.43,0.0,IC50,43.0,nM,Active
CHEMBL3818279,Fc1ccc(-c2cc(-n3cccc3)c3ccccc3n2)cc1,288.32,0.0,IC50,800.0,nM,Intermediate
CHEMBL3819184,C[C@]12CCC(=O)C=C1CC[C@@H]1[C@@H]2CC[C@]2(C)C(=O)C(n3ccnc3)C[C@@H]12,352.48,0.0,IC50,180.0,nM,Intermediate
CHEMBL3359959,O=C(Cn1ccnc1)c1cccc(OCc2ccccc2)c1,292.34,0.0,IC50,17464.0,nM,Inactive
CHEMBL281947,Nc1ccc(C23CC2C(=O)N(CC2CCCCC2)C3=O)cc1,298.39,0.0,IC50,12.0,nM,Active
CHEMBL1939527,Ic1ccc(-c2nsc(-c3ccc(I)cc3)n2)cc1,490.11,1.0,IC50,50000.0,nM,Inactive
CHEMBL1939548,N#Cc1ccc(-c2nsc(-c3ccc(C#N)cc3)n2)cc1,288.34,0.0,IC50,50000.0,nM,Inactive
CHEMBL5080066,CCC(Cc1cccnc1)=C(c1ccc(O)cc1)c1ccc(O)cc1,331.42,0.0,IC50,23.0,nM,Active
CHEMBL1668328,CCC[C@H](O)C[C@@H]1Cc2cc(OC)c(O)c(O)c2C(=O)O1,296.32,0.0,IC50,16800.0,nM,Inactive
CHEMBL157101,CC(=O)N1CCN(c2ccc(OCC3COC(Cn4ccnc4)(c4ccc(Cl)cc4Cl)O3)cc2)CC1,531.44,1.0,IC50,2400.0,nM,Inactive
CHEMBL598199,N#Cc1ccc(Cn2cncn2)cc1-c1ccc(OS(N)(=O)=O)cc1,355.38,0.0,IC50,2.0,nM,Active
CHEMBL2430508,O=S(=O)(NCCc1ccccc1)c1ccc(-n2cc(COc3ccc4ccccc4c3)nn2)cc1,484.58,0.0,IC50,1300.0,nM,Inactive
CHEMBL1629800,C[C@]12CCC=C[C@@H]1CC[C@@H]1[C@@H]2CC[C@]2(C)C(=O)CC[C@@H]12,272.43,0.0,IC50,225.0,nM,Intermediate
CHEMBL1629801,C[C@]12CCC=C[C@@H]1CC[C@@H]1[C@@H]2CC[C@]2(C)[C@@H](O)CC[C@@H]12,274.45,0.0,IC50,30000.0,nM,Inactive
CHEMBL1630270,CC(=O)OC1CCC[C@@]2(C)C1=CC[C@@H]1[C@@H]2CC[C@]2(C)C(=O)CC[C@@H]12,330.47,0.0,IC50,1000.0,nM,Intermediate
CHEMBL1630272,C[C@]12CC[C@H]3[C@@H](CC=C4[C@H](O)CCC[C@]43C)[C@@H]1CCC2=O,288.43,0.0,IC50,860.0,nM,Intermediate
CHEMBL4780337,Oc1ccc(C(Cn2ccnc2)=C(c2ccc(O)cc2)c2ccc(O)cc2)cc1,384.44,0.0,IC50,60.0,nM,Active
CHEMBL4755831,Nc1ccc(C(Cn2ccnc2)=C(c2ccc(O)cc2)c2ccc(O)cc2)cc1,383.45,0.0,IC50,5.24,nM,Active
CHEMBL162496,Cc1cncn1Cc1ccc(C#N)cc1,197.24,0.0,IC50,15.0,nM,Active
CHEMBL78322,O=c1c2ccccc2oc2c(Br)ccc(Cn3ccnc3)c12,355.19,0.0,IC50,940.0,nM,Intermediate
CHEMBL4875917,CC(C)c1cc(O)c2c(c1)[C@H](O)C[C@H]1C(C)(C)CCC[C@]21C,302.46,1.0,IC50,7200.0,nM,Inactive
CHEMBL1200374,C=C1C[C@@H]2[C@H](CC[C@]3(C)C(=O)CC[C@@H]23)[C@@]2(C)C=CC(=O)C=C12,296.41,0.0,IC50,23.0,nM,Active
CHEMBL226946,N#Cc1ccc(N(Cc2ccc(Cl)c(O)c2)n2cnnc2)cc1,325.76,0.0,IC50,0.18,nM,Active
CHEMBL388506,N#Cc1ccc(N(Cc2ccc(O)c(Br)c2)n2cnnc2)cc1,370.21,0.0,IC50,1.1,nM,Active
CHEMBL226789,N#Cc1ccc(N(Cc2ccc(O)c(Cl)c2)n2cnnc2)cc1,325.76,0.0,IC50,2.5,nM,Active
CHEMBL268918,CCCCCCC[C@@H]1CC2C(CCC3(C)C(=O)CCC23)C2(C)C=CC(=O)C=C12,382.59,1.0,IC50,60.0,nM,Active
CHEMBL1956171,N#Cc1ccc(Oc2cccnc2)cc1,196.21,0.0,IC50,289.0,nM,Intermediate
CHEMBL1956180,N#Cc1ccc(Oc2cccnc2)c(Oc2cccc(Cl)c2)c1,322.75,1.0,IC50,229.0,nM,Intermediate
CHEMBL1099308,C=C1C(=O)O[C@@H]2[C@H]3C(C)=CC[C@H]3CCC[C@@H]12,218.3,0.0,IC50,7.0,nM,Active
CHEMBL2112738,CC(=O)O[C@H]1CCC[C@@]2(CO)C1=CC[C@@H]1[C@@H]2CC[C@]2(C)C(=O)CC[C@@H]12,346.47,0.0,IC50,11000.0,nM,Inactive
CHEMBL95919,Oc1ccc2c(c1)OC(c1ccccc1)CC2n1ccnc1,292.34,0.0,IC50,41.0,nM,Active
CHEMBL2312955,COc1ccccc1C(c1ccncc1)c1cc2c3c(c1)CCN3C(=O)CC2,370.45,0.0,IC50,81.0,nM,Active
CHEMBL2312951,CC(C)C(c1ccncc1)c1cc2c3c(c1)CCN3C(=O)CC2,306.41,0.0,IC50,889.0,nM,Intermediate
CHEMBL41761,CCn1ccc2cc(C(c3ccc(F)cc3)n3ccnc3)ccc21,319.38,0.0,IC50,41.0,nM,Active
CHEMBL377766,O=c1c(Cn2ccnc2)c(-c2ccc(Br)cc2)oc2ccccc12,381.23,0.0,IC50,440.0,nM,Intermediate
CHEMBL213588,O=c1c(Cn2ccnc2)c(-c2ccc([N+](=O)[O-])cc2)oc2ccccc12,347.33,0.0,IC50,44.67,nM,Active
CHEMBL3959541,O=C(/C=C\Nc1ccc(S(=O)(=O)Nc2ccnn2-c2ccccc2)cc1)c1cc2ccccc2oc1=O,512.55,1.0,IC50,5089.0,nM,Inactive
CHEMBL108425,N#Cc1ccc(N(Cc2ccc(Br)cc2)n2cnnc2)cc1,354.21,0.0,IC50,0.5,nM,Active
CHEMBL135037,O=C(Cc1cccnc1)OC12CC3CC(CC(C3)C1)C2,271.36,0.0,IC50,8900.0,nM,Inactive
CHEMBL1939366,c1cncc(-c2nsc(-c3cccnc3)n2)c1,240.29,0.0,IC50,200.0,nM,Intermediate
CHEMBL1939519,Clc1ccc(-c2nsc(-c3ccc(Cl)cc3)n2)cc1,307.21,1.0,IC50,50000.0,nM,Inactive
CHEMBL285193,CCn1ccc2cccc(C(c3ccc(Br)cc3)n3ccnc3)c21,380.29,1.0,IC50,70.0,nM,Active
CHEMBL5412790,O=S(=O)(Oc1ccc(Br)cc1)C1CC2OC1C(c1ccc(-n3ccnc3)cc1)=C2c1ccc(O)cc1,565.45,2.0,IC50,1.3,nM,Active
CHEMBL5394007,Cn1cc(-c2ccc(C3=C(c4ccc(O)cc4)C4CC(S(=O)(=O)N(CC(F)(F)F)c5ccccc5)C3O4)cc2)cn1,581.62,2.0,IC50,89.8,nM,Active
CHEMBL5423258,COc1ccc(N(C)S(=O)(=O)C2CC3OC2C(c2ccc(-n4cncn4)cc2)=C3c2ccc(O)cc2)cc1,530.61,1.0,IC50,21.8,nM,Active
CHEMBL1444,N#Cc1ccc(C(c2ccc(C#N)cc2)n2cncn2)cc1,285.31,0.0,IC50,11.5,nM,Active
CHEMBL513168,N#Cc1ccc(C(c2cccc3[nH]ccc23)n2cncn2)cc1,299.34,0.0,IC50,1620.0,nM,Inactive
CHEMBL512994,N#Cc1ccc(C(c2ccc3cc[nH]c3c2)n2cncn2)cc1,299.34,0.0,IC50,93.8,nM,Active
CHEMBL516643,O=c1c(C(c2ccc([N+](=O)[O-])cc2)n2ccnc2)coc2ccccc12,347.33,0.0,IC50,2.3,nM,Active
CHEMBL1098426,CC(C)/C=C/Cc1c(O)cc(O)c2c1OC(c1ccc(O)cc1)CC2=O,354.4,0.0,IC50,200.0,nM,Intermediate
CHEMBL93828,O=C1c2cccc(O)c2CCC1Cc1ccncc1,253.3,0.0,IC50,200.0,nM,Intermediate
CHEMBL50,O=c1c(O)c(-c2ccc(O)c(O)c2)oc2cc(O)cc(O)c12,302.24,0.0,IC50,12.0,nM,Active
CHEMBL1097980,Clc1ccc(C(c2cc3ccccc3o2)n2ccnc2)cc1,308.77,0.0,IC50,8.8,nM,Active
CHEMBL1097763,Cc1cccc(O)c1C(=O)c1c(O)cc(C(=O)O)cc1C=O,300.27,0.0,IC50,17.2,nM,Active
CHEMBL157101,CC(=O)N1CCN(c2ccc(OCC3COC(Cn4ccnc4)(c4ccc(Cl)cc4Cl)O3)cc2)CC1,531.44,1.0,IC50,60.0,nM,Active
CHEMBL131921,COc1ccc(-c2coc3cc(O)cc(O)c3c2=O)cc1,284.27,0.0,IC50,10.2,nM,Active
CHEMBL1784808,COc1ccc(S(=O)(=O)NCCCn2ccnc2)cc1C(C)(C)C,351.47,0.0,IC50,440.0,nM,Intermediate
CHEMBL1784812,O=C(Cc1ccc2c(c1)OCO2)N1CCOC(Cn2ccnc2)C1,329.36,0.0,IC50,46.7,nM,Active
CHEMBL289116,CCC1(c2ccncc2)CCC(=O)NC1=O,218.26,0.0,IC50,45000.0,nM,Inactive
CHEMBL598627,N#Cc1cc(Cn2cncn2)cc(-c2ccc(OS(N)(=O)=O)cc2)c1,355.38,0.0,IC50,280.0,nM,Intermediate
CHEMBL331522,CCCCCCCC[C@H]1C[C@](CC)(c2ccncc2)C(=O)NC1=O,330.47,0.0,IC50,2800.0,nM,Inactive
CHEMBL9179,O=C1/C(=C\c2ccncc2)C(c2ccccc2)c2ccccc21,297.36,0.0,IC50,800.0,nM,Intermediate
CHEMBL336638,c1ccc(C(c2ccccc2)n2ccnc2)cc1,234.3,0.0,IC50,20.0,nM,Active
CHEMBL1825033,N#Cc1ccc(Cn2cc(COc3ccc(C#N)cc3)nn2)cc1,315.34,0.0,IC50,9160.0,nM,Inactive
CHEMBL1825043,c1ccc(Cn2cc(-c3ccccc3)nn2)cc1,235.29,0.0,IC50,9770.0,nM,Inactive
CHEMBL1824759,CCCCCCCCCCc1cn(C(c2ccccc2)c2ccccc2)nn1,375.56,1.0,IC50,13540.0,nM,Inactive
CHEMBL1824766,Cc1ccc(OCc2cn(C(c3ccccc3)c3ccccc3)nn2)cc1,355.44,0.0,IC50,26770.0,nM,Inactive
CHEMBL349822,N#Cc1ccc(Cn2ccnc2)cc1,183.21,0.0,IC50,7.0,nM,Active
CHEMBL2105261,C#CC[C@]12CCC(=O)C=C1CC[C@@H]1[C@@H]2CC[C@]2(C)C(=O)CC[C@@H]12,310.44,0.0,IC50,56.2,nM,Active
CHEMBL287950,CCN1CCc2cc(Br)cc(C(c3ccc(F)cc3)n3ccnc3)c21,400.3,0.0,IC50,90.0,nM,Active
CHEMBL488,CCC1(c2ccc(N)cc2)CCC(=O)NC1=O,232.28,0.0,IC50,1900.0,nM,Inactive
CHEMBL63297,Fc1ccc(C(C2Cc3ccccc3O2)n2cncn2)cc1,295.32,0.0,IC50,190.0,nM,Intermediate
CHEMBL97542,O=C1CC(c2ccccc2)Oc2cc(O)ccc21,240.26,0.0,IC50,3800.0,nM,Inactive
CHEMBL572637,Cc1nc2c(cc1C#N)C(Nc1ccc(Cl)cc1)Oc1ccc([N+](=O)[O-])cc1-2,392.8,0.0,IC50,678.0,nM,Intermediate
CHEMBL176539,C#CCN1C(=O)C2CC2(c2ccc(N)cc2)C1=O,240.26,0.0,IC50,2000.0,nM,Inactive
CHEMBL39840,CCCCCCCCCCN1C(=O)CCC(CC)(c2ccncc2)C1=O,358.53,1.0,IC50,10000.0,nM,Inactive
CHEMBL488,CCC1(c2ccc(N)cc2)CCC(=O)NC1=O,232.28,0.0,IC50,29750.0,nM,Inactive
CHEMBL157101,CC(=O)N1CCN(c2ccc(OCC3COC(Cn4ccnc4)(c4ccc(Cl)cc4Cl)O3)cc2)CC1,531.44,1.0,IC50,800.0,nM,Intermediate
CHEMBL1630274,C[C@]12CC[C@H]3[C@@H](CC=C4[C@@H](O)CCC[C@@]43CO)[C@@H]1CCC2=O,304.43,0.0,IC50,31.0,nM,Active
CHEMBL1939522,COc1ccc(-c2nsc(-c3ccc(OC)cc3)n2)cc1,298.37,0.0,IC50,50000.0,nM,Inactive
CHEMBL1939546,Clc1ccc(-c2nsc(-c3ccc(Cl)cc3Cl)n2)c(Cl)c1,376.09,1.0,IC50,50000.0,nM,Inactive
CHEMBL1939552,Nc1ccc(-c2nsc(-c3ccc(N)cc3)n2)cc1,268.35,0.0,IC50,26500.0,nM,Inactive
CHEMBL87333,Oc1ccc(/C=C\c2cc(O)cc(O)c2)cc1,228.25,0.0,IC50,50000.0,nM,Inactive
CHEMBL1629805,C[C@]12CC[C@H]3[C@@H](CCC4=CCCC[C@@]43CO)[C@@H]1CCC2=O,288.43,0.0,IC50,270.0,nM,Intermediate
CHEMBL1939539,Cc1ccc(-c2nsc(-c3ccc(C)cc3)n2)cc1,266.37,0.0,IC50,50000.0,nM,Inactive
CHEMBL367149,CC/C=C\C/C=C\C/C=C\C/C=C\C/C=C\C/C=C\CCC(=O)O,328.5,1.0,IC50,33200.0,nM,Inactive
CHEMBL8739,CC/C=C\C/C=C\C/C=C\CCCCCCCC(=O)O,278.44,1.0,IC50,44200.0,nM,Inactive
CHEMBL1173130,Nc1ccc(/C=C/c2ccc3c(c2)OCO3)cc1,239.27,0.0,IC50,8490.0,nM,Inactive
CHEMBL1399,CC(C)(C#N)c1cc(Cn2cncn2)cc(C(C)(C)C#N)c1,293.37,0.0,IC50,8.0,nM,Active
CHEMBL1172400,CC(=O)Oc1cc(/C=C/c2ccc(N)cc2)cc(OC(C)=O)c1,311.34,0.0,IC50,2940.0,nM,Inactive
CHEMBL574960,C[C@H]1C2=CC(=O)CCC(C)(O2)[C@H]2CC[C@]3(C)C(=O)CC[C@H]3[C@H]12,302.41,0.0,IC50,9800.0,nM,Inactive
CHEMBL518414,O=C(/C=C/c1ccc(O)c(O)c1)OC[C@H]1O[C@@H](OCCc2ccc(O)c(O)c2)[C@H](O)[C@@H](O)[C@@H]1O,478.45,2.0,IC50,35300.0,nM,Inactive
CHEMBL1688890,O=c1cc(Cn2ccnc2)c2ccc(OCc3cccc(Cl)c3)cc2o1,366.8,0.0,IC50,130.0,nM,Intermediate
CHEMBL1688891,O=c1cc(Cn2ccnc2)c2ccc(OCc3cccc(F)c3)cc2o1,350.35,0.0,IC50,113.0,nM,Intermediate
CHEMBL1688892,O=c1cc(Cn2ccnc2)c2ccc(OCc3cccc(C(F)(F)F)c3)cc2o1,400.36,0.0,IC50,235.0,nM,Intermediate
CHEMBL1688895,O=c1cc(Cn2ccnc2)c2ccc(OCc3cccc([N+](=O)[O-])c3)cc2o1,377.36,0.0,IC50,141.0,nM,Intermediate
CHEMBL1688903,O=c1cc(Cn2ccnc2)c2ccc(Oc3cccc(Cl)c3)cc2o1,352.78,0.0,IC50,72.0,nM,Active
CHEMBL1688911,O=c1cc(Cn2ccnc2)c2ccc(Oc3ccc(F)c(F)c3)cc2o1,354.31,0.0,IC50,47.0,nM,Active
CHEMBL1688918,N#Cc1ccc(C(c2cc(=O)oc3cc(Oc4ccccc4)ccc23)n2ccnc2)cc1,419.44,1.0,IC50,4010.0,nM,Inactive
CHEMBL387892,COc1ccc2cc(Cn3ccnc3)c(=O)oc2c1,256.26,0.0,IC50,2820.0,nM,Inactive
CHEMBL134169,CC(C)(C(=O)OC12CC3CC(CC(C3)C1)C2)c1cccnc1,299.41,0.0,IC50,35000.0,nM,Inactive
CHEMBL5562423,CC(=C(c1ccccc1)c1ccc(NCCn2cc(C(=O)C(=O)O)c3ccccc32)cc1)c1ccccc1,500.6,2.0,IC50,9730.0,nM,Inactive
CHEMBL5559919,CC(=C(c1ccccc1)c1ccc(NCCCn2cc(C(=O)C(=O)O)c3ccccc32)cc1)c1ccccc1,514.63,2.0,IC50,178.0,nM,Intermediate
CHEMBL5564688,CC(=C(c1ccccc1)c1ccc(NCCCCn2cc(C(=O)C(=O)O)c3ccccc32)cc1)c1ccccc1,528.65,2.0,IC50,1370.0,nM,Inactive
CHEMBL5564606,CCOC(=O)C(=O)c1cn(CCCCCNc2ccc(/C(=C(/C)c3cccc(Br)c3)c3ccccc3)cc2)c2ccccc12,649.63,2.0,IC50,790.0,nM,Intermediate
CHEMBL5555946,C/C(=C(\c1ccccc1)c1ccc(NCCCCCn2cc(C(=O)C(=O)O)c3ccccc32)cc1)c1cccc(Br)c1,621.58,2.0,IC50,800.0,nM,Intermediate
CHEMBL5557518,COc1ccccc1/C(C)=C(/c1ccccc1)c1ccc(NCCCCCn2cc(C(=O)C(=O)O)c3ccccc32)cc1,572.71,2.0,IC50,12300.0,nM,Inactive
CHEMBL2442759,Cc1cc(Cn2ccnc2)c2ccc3[nH]ccc3c2n1,262.32,0.0,IC50,6.0,nM,Active
CHEMBL3893614,Fc1cncc(-c2nc3ccc(F)cn3c2C2CC2)c1,271.27,0.0,IC50,2200.0,nM,Inactive
CHEMBL129883,CC12CCC3C(Cc4c5c(nn4Cc4ccc([N+](=O)[O-])cc4)C(=O)CCC53C)C1CCC2=O,447.54,0.0,IC50,490.0,nM,Intermediate
CHEMBL3084923,CC(C)(C(=O)OC1(C)C2CC3CC(C2)CC1C3)c1cccnc1,313.44,0.0,IC50,40000.0,nM,Inactive
CHEMBL110524,C[C@H](OC(=O)C12CC3CC(CC(C3)C1)C2)c1ccncc1,285.39,0.0,IC50,5600.0,nM,Inactive
CHEMBL224665,O=c1c([C@@H](c2ccc([N+](=O)[O-])cc2)n2ccnc2)coc2ccccc12,347.33,0.0,IC50,2.3,nM,Active
CHEMBL525379,O=c1c([C@H](c2ccc([N+](=O)[O-])cc2)n2ccnc2)coc2ccccc12,347.33,0.0,IC50,96.0,nM,Active
CHEMBL328217,COc1ccc2c(c1)CC/C(=C\c1ccncc1)C2=O,265.31,0.0,IC50,8912.51,nM,Inactive
CHEMBL192306,COc1ccc2c(=O)c(-c3ccccc3)c(-n3ccnc3)oc2c1,318.33,0.0,IC50,770.0,nM,Intermediate
CHEMBL1939540,c1ccc2cc(-c3nsc(-c4ccc5ccccc5c4)n3)ccc2c1,338.44,1.0,IC50,50000.0,nM,Inactive
CHEMBL9352,O=C1C[C@@H](c2ccc(O)cc2)Oc2cc(O)cc(O)c21,272.26,0.0,IC50,230.0,nM,Intermediate
CHEMBL469260,N#Cc1ccc(C(c2ccc3cc[nH]c3c2)n2ccnc2)cc1,298.35,0.0,IC50,11.5,nM,Active
CHEMBL480451,Oc1ccc(C(c2ccc(O)c(Br)c2)n2cncn2)cc1Br,425.08,0.0,IC50,10.0,nM,Active
CHEMBL381194,C(=C(c1ccccc1)c1ccccc1)c1ccncc1,257.34,0.0,IC50,100.0,nM,Intermediate
CHEMBL363621,C(=C1/CCc2ccccc21)\c1cccnc1,207.28,0.0,IC50,3550.0,nM,Inactive
CHEMBL193606,C(=C1\CCCc2ccccc21)\c1cccnc1,221.3,0.0,IC50,6580.0,nM,Inactive
CHEMBL371509,Fc1ccc2c(c1)CC/C2=C\c1ccnc2ccccc12,275.33,0.0,IC50,36000.0,nM,Inactive
CHEMBL377626,COc1ccc2c(=O)c(Cn3ccnc3)c(-c3ccc(C#N)cc3)oc2c1,357.37,0.0,IC50,1819.7,nM,Inactive
CHEMBL23484,O=C1c2ccccc2CC1Cc1ccncc1,223.28,0.0,IC50,17000.0,nM,Inactive
CHEMBL1172847,CC(C)=C(c1ccncc1)c1ccc(-c2ccc(O)c(O)c2)cc1,317.39,1.0,IC50,9500.0,nM,Inactive
CHEMBL1171991,CC(C)=C(c1ccncc1)c1ccc(-c2ccc(N)c(N)c2)cc1,315.42,0.0,IC50,49500.0,nM,Inactive
CHEMBL5561336,Cc1ncsc1-c1ccc([C@H](C)NC(=O)[C@@H]2C[C@@H](O)CN2C(=O)[C@@H](NC(=O)CCCCCCCCOc2ccc(N(CC(F)(F)F)S(=O)(=O)C3CC4OC3C(c3ccc(-n5ccnc5)cc3)=C4c3ccc(O)cc3)cc2)C(C)(C)C)cc1,1166.4,,IC50,100000.0,nM,Inactive
CHEMBL5561803,O=C(COc1cccc2c1C(=O)N(C1CCC(=O)NC1=O)C2=O)NCCCCCOc1ccc(N(CC(F)(F)F)S(=O)(=O)C2CC3OC2C(c2ccc(-n4ccnc4)cc2)=C3c2ccc(O)cc2)cc1,982.99,3.0,IC50,100000.0,nM,Inactive
CHEMBL366490,Fc1cccc2c1CC/C2=C\c1cccnc1,225.27,0.0,IC50,1810.0,nM,Inactive
CHEMBL366772,COc1ccc2c(c1)/C(=C/c1cccnc1)CC2,237.3,0.0,IC50,6360.0,nM,Inactive
CHEMBL1784809,COc1ccc(S(=O)(=O)NCCCn2ccnc2)cc1F,313.35,0.0,IC50,100.0,nM,Intermediate
CHEMBL165925,COCC[C@]12CCC(=O)C=C1CCC1C2=CC[C@]2(C)C(=O)CCC12,328.45,0.0,IC50,10000.0,nM,Inactive
CHEMBL212473,COc1ccc(-c2oc3ccccc3c(=O)c2Cn2ccnc2)cc1,332.36,0.0,IC50,79.43,nM,Active
CHEMBL209731,N#Cc1ccc(-c2oc3ccccc3c(=O)c2Cn2ccnc2)cc1,327.34,0.0,IC50,69.18,nM,Active
CHEMBL158635,COc1ccc2c(=O)c(Cn3ccnc3)c(-c3ccccc3)oc2c1,332.36,0.0,IC50,549.54,nM,Intermediate
CHEMBL388374,COc1ccc2c(c1)OC(c1ccc(O)c(CC=C(C)C)c1)CC2=O,338.4,0.0,IC50,4750.0,nM,Inactive
CHEMBL389925,COc1ccc(/C=C/C(=O)c2ccc(O)cc2O)cc1CC=C(C)C,338.4,0.0,IC50,82940.0,nM,Inactive
CHEMBL229945,COCOc1ccc2c(c1)OC(c1ccc(OCOC)c(CC=C(C)C)c1)CC2=O,412.48,0.0,IC50,13950.0,nM,Inactive
CHEMBL196796,N#Cc1ccc2cc(-c3cccnc3)ccc2c1,230.27,0.0,IC50,36000.0,nM,Inactive
CHEMBL204183,CN(c1ccc([N+](=O)[O-])cc1OC1CCCCC1)S(C)(=O)=O,328.39,0.0,IC50,470.0,nM,Intermediate
CHEMBL376786,O=c1c([C@H](c2ccc(Br)cc2)n2ccnc2)coc2ccccc12,381.23,0.0,IC50,290.0,nM,Intermediate
CHEMBL23334,COc1cccc2c1C/C(=C/c1ccncc1)C2=O,251.29,0.0,IC50,3715.35,nM,Inactive
CHEMBL388959,O=C1/C(=C\c2ccncc2)CCc2ccccc21,235.29,0.0,IC50,12022.64,nM,Inactive
CHEMBL224462,CCC(c1ccc(C#N)cc1)(c1ccc(C#N)cc1)n1cncn1,313.36,0.0,IC50,93.33,nM,Active
CHEMBL225053,N#Cc1ccc(C2(n3ccnc3)CCCC2)cc1,237.31,0.0,IC50,37.15,nM,Active
CHEMBL7162,CS(=O)(=O)Nc1ccc([N+](=O)[O-])cc1OC1CCCCC1,314.36,0.0,IC50,680.0,nM,Intermediate
CHEMBL372835,COc1cc([N+](=O)[O-])ccc1N(C)S(C)(=O)=O,260.27,0.0,IC50,25000.0,nM,Inactive
CHEMBL65590,Oc1cccc2c1CCC1C(c3ccncc3)C21,237.3,0.0,IC50,5000.0,nM,Inactive
CHEMBL2442769,CCOC(=O)c1cc(-c2ccccc2)nc2c1ccc1c2ccn1CC,344.41,1.0,IC50,10000.0,nM,Inactive
CHEMBL243755,O=C(c1ccccc1)c1cc([N+](=O)[O-])ccc1Cn1ccnc1,307.31,0.0,IC50,25.9,nM,Active
CHEMBL488,CCC1(c2ccc(N)cc2)CCC(=O)NC1=O,232.28,0.0,IC50,13000.0,nM,Inactive
CHEMBL41066,CCCCCCCC1(c2ccncc2)CCC(=O)NC1=O,288.39,0.0,IC50,3200.0,nM,Inactive
CHEMBL506858,COc1cccc2c(C)cc(=O)n(C)c12,203.24,0.0,IC50,2020.0,nM,Inactive
CHEMBL493173,COc1cc(OC)c2c(c1)c(C)cc(=O)n2C,233.27,0.0,IC50,960.0,nM,Intermediate
CHEMBL102884,CC(C)(C)C1CCC(OC(=O)Cc2ccncc2)CC1,275.39,0.0,IC50,310.0,nM,Intermediate
CHEMBL175091,N#Cc1ccc2c(c1)CC/C2=C/c1ncc[nH]1,221.26,0.0,IC50,15.0,nM,Active
CHEMBL365735,c1cncc(-c2ccc3ccccc3c2)c1,205.26,0.0,IC50,2000.0,nM,Inactive
CHEMBL39152,CCCCCCC1(c2ccncc2)CCC(=O)NC1=O,274.36,0.0,IC50,3600.0,nM,Inactive
CHEMBL225472,COc1ccc2c(Cn3ccnc3)cc(=O)oc2c1,256.26,0.0,IC50,280.0,nM,Intermediate
CHEMBL350922,O=c1c2ccccc2oc2cc(Cn3ccnc3)ccc12,276.3,0.0,IC50,390.0,nM,Intermediate
CHEMBL55558,C(\Cn1ccnc1)=C1/CCCc2sccc21,230.34,0.0,IC50,3900.0,nM,Inactive
CHEMBL213588,O=c1c(Cn2ccnc2)c(-c2ccc([N+](=O)[O-])cc2)oc2ccccc12,347.33,0.0,IC50,45.0,nM,Active
CHEMBL421829,O=c1c2ccccc2oc2c(Cn3ccnc3)ccc(Br)c12,355.19,0.0,IC50,89.0,nM,Active
CHEMBL25523,CC12CCC3C(C[C@H](Cc4ccccc4)C4=CC(=O)CCC43C)C1CCC2=O,376.54,1.0,IC50,660.0,nM,Intermediate
CHEMBL274387,CC(C)Oc1cc([N+](=O)[O-])ccc1NS(C)(=O)=O,274.3,0.0,IC50,5870.0,nM,Inactive
CHEMBL381883,COc1cc([N+](=O)[O-])ccc1NS(C)(=O)=O,246.24,0.0,IC50,25000.0,nM,Inactive
CHEMBL459502,COc1ccc(C(Cn2ccnc2)Sc2ccc(Cl)c(Cl)c2)cc1,379.31,1.0,IC50,25.0,nM,Active
CHEMBL224665,O=c1c([C@@H](c2ccc([N+](=O)[O-])cc2)n2ccnc2)coc2ccccc12,347.33,0.0,IC50,2.3,nM,Active
CHEMBL351167,O=c1ccoc2c(Cn3ccnc3)ccc([N+](=O)[O-])c12,271.23,0.0,IC50,1100.0,nM,Inactive
CHEMBL298720,c1cc2ccc(Cn3ccnc3)cc2cn1,209.25,0.0,IC50,1380.0,nM,Inactive
CHEMBL442373,N#Cc1ccc(Cn2ccnc2)c2c(=O)c3ccccc3oc12,301.31,0.0,IC50,2300.0,nM,Inactive
CHEMBL157925,O=c1ccoc2cc(Cn3cnnc3)ccc12,227.22,0.0,IC50,3700.0,nM,Inactive
CHEMBL190208,COc1ccc2c(=O)c(-c3ccccc3)c(Sc3nnc[nH]3)oc2c1,351.39,0.0,IC50,50000.0,nM,Inactive
CHEMBL1444,N#Cc1ccc(C(c2ccc(C#N)cc2)n2cncn2)cc1,285.31,0.0,IC50,6.1,nM,Active
CHEMBL193863,COc1ccc2ccc(-c3cccnc3)cc2c1,235.29,0.0,IC50,2000.0,nM,Inactive
CHEMBL454705,CC1=C[C@@H]2c3c(O)cc(-c4cc5ccc(O)cc5o4)cc3O[C@]3(c4ccc(O)cc4O)Oc4cc(O)ccc4[C@@H](C1)C23,562.57,2.0,IC50,7500.0,nM,Inactive
CHEMBL457679,CC(C)=CCc1cc(-c2oc3cc(O)cc(O)c3c(=O)c2O)ccc1O,354.36,0.0,IC50,100.0,nM,Intermediate
CHEMBL1629804,C[C@]12CCCC=C1CC[C@@H]1[C@@H]2CC[C@]2(C)C(=O)CC[C@@H]12,272.43,0.0,IC50,110.0,nM,Intermediate
CHEMBL1939526,CC(C)(C)c1ccc(-c2nsc(-c3ccc(C(C)(C)C)cc3)n2)cc1,350.53,1.0,IC50,50000.0,nM,Inactive
CHEMBL1939547,O=[N+]([O-])c1ccc(-c2nsc(-c3ccc([N+](=O)[O-])cc3)n2)cc1,328.31,0.0,IC50,50000.0,nM,Inactive
CHEMBL503399,Oc1cccc(-c2nsc(-c3cccc(O)c3)n2)c1,270.31,0.0,IC50,50000.0,nM,Inactive
CHEMBL2113524,C[C@]12CCC(=O)C(SC(F)F)=C1CC[C@@H]1[C@@H]2CC[C@]2(C)C(=O)CC[C@@H]12,368.49,1.0,IC50,2700.0,nM,Inactive
CHEMBL24580,CC12CCC3C(C[C@H](c4ccccc4)C4=CC(=O)CCC43C)C1CCC2=O,362.51,1.0,IC50,1100.0,nM,Inactive
CHEMBL39661,CCCCCCCCN1C(=O)CCC(CC)(c2ccncc2)C1=O,330.47,0.0,IC50,5000.0,nM,Inactive
CHEMBL162834,N#Cc1ccc(C2CCCCc3cncn32)cc1,237.31,0.0,IC50,14.1,nM,Active
CHEMBL465435,O=c1ccc2c(o1)CCCC2,150.18,0.0,IC50,40.0,ug.mL-1,Active
CHEMBL463452,CC(C)=CCc1c(O)cc2oc(-c3ccc(O)c(O)c3)c(O)c(=O)c2c1O,370.36,0.0,IC50,40.0,ug.mL-1,Active
CHEMBL463255,COc1cc(O)c2c(c1CC=C(C)C)O[C@H](c1ccc(O)cc1O)CC2,356.42,0.0,IC50,40.0,ug.mL-1,Active
CHEMBL465881,CC(C)=CCc1cc2cc(-c3cc(O)cc(O)c3)oc2cc1O,310.35,0.0,IC50,31100.0,nM,Inactive
CHEMBL223161,CS(=O)(=O)Nc1ccc([N+](=O)[O-])cc1OCc1ccc2ccccc2c1,372.4,0.0,IC50,2170.0,nM,Inactive
CHEMBL223109,CS(=O)(=O)Nc1ccc([N+](=O)[O-])cc1OCc1ccc([N+](=O)[O-])cc1,367.34,0.0,IC50,400.0,nM,Intermediate
CHEMBL223108,CS(=O)(=O)Nc1ccc([N+](=O)[O-])cc1OCc1ccccc1,322.34,0.0,IC50,2140.0,nM,Inactive
CHEMBL105298,CC1CCC(C(C)C)C(OC(=O)Cc2ccncc2)C1,275.39,0.0,IC50,240.0,nM,Intermediate
CHEMBL131414,CC12CCC3C(Cc4nn(C/C=C/c5ccccc5)c5c4C3(C)CCC5=O)C1CCC2=O,428.58,1.0,IC50,800.0,nM,Intermediate
CHEMBL2208140,COc1cccc(-c2csc(-c3ccccc3)n2)c1,267.35,0.0,IC50,50000.0,nM,Inactive
CHEMBL73993,CC12CCC3C(C[C@@H](O)C4=CCCCC43C)C1CCC2=O,288.43,0.0,IC50,0.05,nM,Active
CHEMBL189274,COc1ccc(-c2c(-n3ccnc3)oc3cc(OCc4ccccc4)ccc3c2=O)cc1,424.46,1.0,IC50,4700.0,nM,Inactive
CHEMBL381014,COc1ccc2c(Cl)c(-c3cccnc3)ccc2c1Cl,304.18,1.0,IC50,970.0,nM,Intermediate
CHEMBL148903,Nc1ccc(C2CC(=O)NC2=O)cc1,190.2,0.0,IC50,20000.0,nM,Inactive
CHEMBL70901,Nc1ccc(C2(C3CCCCC3)CCC(=O)NC2=O)cc1,286.38,0.0,IC50,300.0,nM,Intermediate
CHEMBL5433532,COc1ccc(N(CC(F)(F)F)S(=O)(=O)C2CC3OC2C(c2ccc(-n4ccnc4)cc2)=C3c2ccc(O)cc2)cc1,597.62,2.0,IC50,376.2,nM,Intermediate
CHEMBL10026,O=C1/C(=C/c2ccncc2)C(c2ccccc2)Oc2ccccc21,313.36,0.0,IC50,800.0,nM,Intermediate
CHEMBL3754724,C[C@]12CCC(=O)C(SCCl)=C1CC[C@@H]1[C@@H]2CC[C@]2(C)C(=O)CC[C@@H]12,366.95,1.0,IC50,940.0,nM,Intermediate
CHEMBL1629802,C[C@]12CC[C@H]3O[C@H]3[C@@H]1CC[C@@H]1[C@@H]2CC[C@]2(C)C(=O)CC[C@@H]12,288.43,0.0,IC50,180.0,nM,Intermediate
CHEMBL1077603,C[C@]12CC[C@H](O)C=C1CC[C@@H]1[C@@H]2CC[C@]2(C)C(=O)CC[C@@H]12,288.43,0.0,IC50,140.0,nM,Intermediate
CHEMBL3623217,C[C@]12CC[C@H]3[C@@H](CCC4=C(Sc5ccccc5)C(=O)CC[C@@]43C)[C@@H]1C[C@H](C#N)[C@@H]2O,421.61,1.0,IC50,169.3,nM,Intermediate
CHEMBL1784789,O=S(=O)(NCCCn1ccnc1)c1ccc2c(c1)OCCO2,323.37,0.0,IC50,119.0,nM,Intermediate
CHEMBL1784790,O=c1oc2cc(OCC(O)Cn3cncn3)ccc2c2c1CCC2,327.34,0.0,IC50,21700.0,nM,Inactive
CHEMBL1444,N#Cc1ccc(C(c2ccc(C#N)cc2)n2cncn2)cc1,285.31,0.0,IC50,26.0,nM,Active
CHEMBL2058266,C[C@]12CC[C@H]3[C@@H](CC[C@@]45O[C@@H]4CCC[C@]35C)[C@@H]1CCC2=O,288.43,0.0,IC50,970.0,nM,Intermediate
CHEMBL1444,N#Cc1ccc(C(c2ccc(C#N)cc2)n2cncn2)cc1,285.31,0.0,IC50,2.18,nM,Active
CHEMBL4560281,O=[N+]([O-])c1ccc(N(Cc2ccc(C(F)(F)F)cc2)n2cnnc2)cc1-c1ccccc1,439.4,1.0,IC50,14.53,nM,Active
CHEMBL302249,CC12CCCCC1=CC(=O)C1C2CCC2(C)C(O)CCC12,288.43,0.0,IC50,42000.0,nM,Inactive
CHEMBL3422042,NCCOc1ccc(/C(=C(\Cn2cncn2)c2ccccc2)c2ccc(O)cc2)cc1,412.49,0.0,IC50,174.0,nM,Intermediate
CHEMBL3422029,CC/C(=C(/c1ccc(O)cc1)c1ccc(OCCN)cc1)c1ccc(F)cc1,377.46,1.0,IC50,1020.0,nM,Inactive
CHEMBL175554,Clc1ccc2c(c1)CC/C2=C\c1ccncc1,241.72,0.0,IC50,5430.0,nM,Inactive
CHEMBL363493,O=c1c(-c2ccccc2)c(-n2ccnc2)oc2cc(OCc3ccccc3)ccc12,394.43,1.0,IC50,520.0,nM,Intermediate
CHEMBL281947,Nc1ccc(C23CC2C(=O)N(CC2CCCCC2)C3=O)cc1,298.39,0.0,IC50,5.0,nM,Active
CHEMBL161230,N#Cc1ccc(Cn2ccnc2)c2occc(=O)c12,251.25,0.0,IC50,240.0,nM,Intermediate
CHEMBL52509,c1cnc2c(c1)C(n1ccnc1)CCC2,199.26,0.0,IC50,6400.0,nM,Inactive
CHEMBL55558,C(\Cn1ccnc1)=C1/CCCc2sccc21,230.34,0.0,IC50,3900.0,nM,Inactive
CHEMBL41517,C[C@]12CCC(=O)C(SCF)=C1CCC1C2CC[C@]2(C)C(=O)CCC12,350.5,1.0,IC50,800.0,nM,Intermediate
CHEMBL5082681,CC(=C(c1ccc(O)cc1)c1ccc(O)cc1)c1c[nH]cn1,292.34,0.0,IC50,596.0,nM,Intermediate
CHEMBL5069811,CC(Cc1cccnc1)=C(c1ccc(O)cc1)c1ccc(O)cc1,317.39,0.0,IC50,861.0,nM,Intermediate
CHEMBL5072101,CCC(Cn1ccnc1)=C(c1ccc(O)cc1)c1ccc(O)cc1,320.39,0.0,IC50,35.0,nM,Active
CHEMBL2336856,Fc1ccc(-n2c(Cn3ccnc3)cc3ccccc32)cc1,291.33,0.0,IC50,9.01,nM,Active
CHEMBL3359962,O=C(Cn1ccnc1)c1ccc(OCc2cccc([N+](=O)[O-])c2)cc1,337.34,0.0,IC50,3708.0,nM,Inactive
CHEMBL437731,O=c1cc(Cn2ccnc2)c2ccc(Oc3ccccc3)cc2o1,318.33,0.0,IC50,47.0,nM,Active
CHEMBL495574,O=[N+]([O-])c1cccc(Cc2nncc3ccccc23)c1,265.27,0.0,IC50,37600.0,nM,Inactive
CHEMBL213587,O=c1c(Cn2ccnc2)c(-c2ccccc2)oc2ccccc12,302.33,0.0,IC50,71.0,nM,Active
CHEMBL206300,COc1ccc2c(c1)C=C(c1cccnc1)C2,223.28,0.0,IC50,5700.0,nM,Inactive
CHEMBL67842,COc1ccc2c(c1)CCC1C(c3ccncc3)C21,251.33,0.0,IC50,69.0,nM,Active
CHEMBL201831,COc1ccc2cc(C(c3ccc(C)cc3)n3cncn3)oc2c1,319.36,0.0,IC50,100.0,nM,Intermediate
CHEMBL65590,Oc1cccc2c1CCC1C(c3ccncc3)C21,237.3,0.0,IC50,5000.0,nM,Inactive
CHEMBL157925,O=c1ccoc2cc(Cn3cnnc3)ccc12,227.22,0.0,IC50,3700.0,nM,Inactive
CHEMBL9323,O=C1c2c(O)cc(O)cc2O[C@H](c2ccc(O)cc2)[C@H]1O,288.25,0.0,IC50,40.0,ug.mL-1,Active
CHEMBL463256,CC(C)=CCc1cc([C@H]2Oc3c(CC=C(C)C)c(O)cc(O)c3C(=O)[C@@H]2O)ccc1O,424.49,0.0,IC50,40.0,ug.mL-1,Active
CHEMBL453448,Oc1ccc(CCCc2ccc(O)cc2O)cc1,244.29,0.0,IC50,40.0,ug.mL-1,Active
CHEMBL229635,COc1ccc2c(c1)OC(c1ccc(OC)c(CC=C(C)C)c1)CC2=O,352.43,0.0,IC50,3670.0,nM,Inactive
CHEMBL3622070,CC(C)(C#N)c1cc(Cn2cncn2)cc(Sc2ccc(OS(N)(=O)=O)cc2)c1,429.53,0.0,IC50,3.5,nM,Active
CHEMBL4868867,COc1ccc(S(=O)(=O)N(Cc2nc3ccccc3[nH]2)c2ccc(/N=N/c3ccccc3)cc2)c(OC)c1,527.61,2.0,IC50,5700.0,nM,Inactive
CHEMBL375292,Cc1ncc2c(n1)-c1ccccc1C2n1ccnc1,248.29,0.0,IC50,2850.0,nM,Inactive
CHEMBL225499,O=c1cc(Cn2ccnc2)c2ccc(OCc3ccccc3)cc2o1,332.36,0.0,IC50,150.0,nM,Intermediate
CHEMBL376371,c1ccc(C2(n3cncn3)c3ccccc3-c3ccccc32)cc1,309.37,0.0,IC50,4000.0,nM,Inactive
CHEMBL376649,CN(c1ccc([N+](=O)[O-])cc1OCc1ccc(F)cc1)S(C)(=O)=O,354.36,0.0,IC50,1780.0,nM,Inactive
CHEMBL382500,COc1ccc(C(c2cc3ccc(OC)cc3o2)n2ccnc2)cc1,334.38,0.0,IC50,130.0,nM,Intermediate
CHEMBL423096,C[C@]12CC=C3C(CCC4=CC(=O)CC[C@@]43CCSCCO)C1CCC2=O,374.55,0.0,IC50,1000.0,nM,Intermediate
CHEMBL202469,CCCCCCCCCOc1cc([N+](=O)[O-])ccc1NS(C)(=O)=O,358.46,0.0,IC50,910.0,nM,Intermediate
CHEMBL204483,Clc1cccc(C(c2ccc3[nH]ccc3c2)n2ccnc2)c1,307.78,0.0,IC50,29.7,nM,Active
CHEMBL193555,C(=C1\CC(c2ccccc2)c2ccccc21)\c1cccnc1,283.37,1.0,IC50,4060.0,nM,Inactive
CHEMBL479942,NS(=O)(=O)Oc1ccc(C(c2ccc(OS(N)(=O)=O)cc2)n2cncn2)cc1,425.45,0.0,IC50,3044.0,nM,Inactive
CHEMBL479559,N#Cc1ccc([C@H](c2ccc(OS(N)(=O)=O)c(Br)c2)n2cncn2)cc1,434.28,0.0,IC50,3.2,nM,Active
CHEMBL496634,CC/C=C\C/C=C\C/C=C\C/C=C\C/C=C\CCCCCC(=O)O,330.51,1.0,IC50,16800.0,nM,Inactive
CHEMBL460026,CC/C=C\C/C=C\C/C=C\C/C=C\C/C=C\CCCC(=O)O,302.46,1.0,IC50,53200.0,nM,Inactive
CHEMBL1784804,COc1ccc(S(=O)(=O)N2CCOC(Cn3ccnc3)C2)cc1.Cc1ccc(S(=O)(=O)O)cc1,509.61,0.0,IC50,78.8,nM,Active
CHEMBL491010,C(=C/c1ccccc1)\CCN(Cc1cccc2ccccc12)n1cncn1,354.46,0.0,IC50,13040.0,nM,Inactive
CHEMBL521600,COc1ccccc1CC(Cc1ccc(-c2ccccc2)cc1)n1ccnc1,368.48,1.0,IC50,510.0,nM,Intermediate
CHEMBL7162,CS(=O)(=O)Nc1ccc([N+](=O)[O-])cc1OC1CCCCC1,314.36,0.0,IC50,680.0,nM,Intermediate
CHEMBL270917,CN(c1ccc(NC(=O)C2CCCCC2)cc1OCc1ccccc1)S(C)(=O)=O,416.54,0.0,IC50,250.0,nM,Intermediate
CHEMBL272456,CC(=O)Nc1ccc(N(C)S(C)(=O)=O)c(OCc2ccccc2)c1,348.42,0.0,IC50,16670.0,nM,Inactive
CHEMBL260955,O=C(Nc1ccc([N+](=O)[O-])cc1OCc1ccccc1)C1CCCCC1,354.41,0.0,IC50,25000.0,nM,Inactive
CHEMBL373377,CN(c1ccc([N+](=O)[O-])cc1OCc1ccc(-c2ccccc2)cc1)S(C)(=O)=O,412.47,0.0,IC50,650.0,nM,Intermediate
CHEMBL220829,CS(=O)(=O)Nc1ccc([N+](=O)[O-])cc1OCc1ccc(Br)cc1,401.24,0.0,IC50,5850.0,nM,Inactive
CHEMBL222250,CN(c1ccc([N+](=O)[O-])cc1OCc1ccccc1)S(C)(=O)=O,336.37,0.0,IC50,810.0,nM,Intermediate
CHEMBL9298,N#Cc1ccc(C2CCCc3cncn32)cc1,223.28,0.0,IC50,30.0,nM,Active
CHEMBL450666,Cc1cc(=O)n(C)c2c1C(=O)C=CC2=O,203.2,0.0,IC50,98400.0,nM,Inactive
CHEMBL5564454,CCOC(=O)C(=O)Nc1ccc(/C(=C(/C)c2ccccc2OC)c2ccccc2)cc1,415.49,1.0,IC50,177.0,nM,Intermediate
CHEMBL5564449,C/C(=C(\c1ccccc1)c1ccc(NC(=O)C(=O)O)cc1)c1cccc(Br)c1,436.31,1.0,IC50,2150.0,nM,Inactive
CHEMBL5559750,CCOC(=O)C(=O)c1cn(CCCCCNc2ccc(/C(=C(/C)c3ccccc3OC)c3ccccc3)cc2)c2ccccc12,600.76,2.0,IC50,133.0,nM,Intermediate
CHEMBL314351,CCCN1C(=O)CC[C@](CC)(c2ccncc2)C1=O,260.34,0.0,IC50,31000.0,nM,Inactive
CHEMBL3422038,CC(C)/C(=C(/c1ccc(O)cc1)c1ccc(OCCN)cc1)c1ccccc1,373.5,1.0,IC50,328.0,nM,Intermediate
CHEMBL3422035,C/C(=C(/c1ccc(O)cc1)c1ccc(OCCN)cc1)c1ccccc1,345.44,0.0,IC50,337.0,nM,Intermediate
CHEMBL294361,COc1ccc2c(c1)C1C(CC2)C1c1ccncc1,251.33,0.0,IC50,30.0,nM,Active
CHEMBL518761,N#Cc1ccc(C(c2ccc(OS(N)(=O)=O)c(Br)c2)n2cncn2)cc1,434.28,0.0,IC50,3.0,nM,Active
CHEMBL2011186,O=C1c2ccccc2OCC1c1cccnc1,225.25,0.0,IC50,5800.0,nM,Inactive
CHEMBL38472,CCCCCCCCC1(c2ccncc2)CCC(=O)NC1=O,302.42,0.0,IC50,600.0,nM,Intermediate
CHEMBL481091,N#Cc1ccc(C(c2ccc(O)c(Br)c2)n2cncn2)cc1,355.2,0.0,IC50,1.8,nM,Active
CHEMBL212168,COc1ccc2c(=O)c(Cn3ccnc3)c(-c3ccc([N+](=O)[O-])cc3)oc2c1,377.36,0.0,IC50,470.0,nM,Intermediate
CHEMBL88918,CCCCCCCCN1C(=O)CC[C@](CC)(c2ccncc2)C1=O,330.47,0.0,IC50,800.0,nM,Intermediate
CHEMBL1957211,Clc1ccc(-c2nc(-c3cccnc3)cs2)cc1,272.76,0.0,IC50,2390.0,nM,Inactive
CHEMBL1957217,COc1cc(-c2nc(-c3cccnc3)cs2)ccn1,269.33,0.0,IC50,23.0,nM,Active
CHEMBL9298,N#Cc1ccc(C2CCCc3cncn32)cc1,223.28,0.0,IC50,3.0,nM,Active
CHEMBL480718,Cl.N#Cc1ccc([C@H]2CCCc3cncn32)cc1,259.74,0.0,IC50,680.0,nM,Intermediate
CHEMBL419131,COc1ccc2c(c1)C(=O)/C(=C/c1ccncc1)CC2,265.31,0.0,IC50,3019.95,nM,Inactive
CHEMBL92488,O=C1/C(=C/c2ccncc2)CCc2c(O)cccc21,251.29,0.0,IC50,691.83,nM,Intermediate
CHEMBL225360,N#Cc1ccc(C(F)(c2ccc(C#N)cc2)n2ncnn2)cc1,304.29,0.0,IC50,147.91,nM,Intermediate
CHEMBL31456,N#Cc1ccc(/C(=N\c2ccc(Br)cc2)n2ccnc2)cc1,351.21,0.0,IC50,38.02,nM,Active
CHEMBL158984,O=c1ccoc2cc(Cn3ccnc3)ccc12,226.24,0.0,IC50,100.0,nM,Intermediate
CHEMBL1399,CC(C)(C#N)c1cc(Cn2cncn2)cc(C(C)(C)C#N)c1,293.37,0.0,IC50,15.14,nM,Active
CHEMBL596779,CN(C)S(=O)(=O)Oc1ccc(-c2cc(Cn3cncn3)ccc2C#N)cc1,383.43,0.0,IC50,0.5,nM,Active
CHEMBL598212,N#Cc1ccc(Cn2cncn2)c(-c2ccc(OS(N)(=O)=O)c(Cl)c2)c1,389.82,0.0,IC50,1.9,nM,Active
CHEMBL609618,N#Cc1cc(Cn2cncn2)ccc1-c1ccc(OS(N)(=O)=O)cc1,355.38,0.0,IC50,284.0,nM,Intermediate
CHEMBL599864,N#Cc1ccc(Cn2cncn2)cc1-c1ccc(Cl)c(O)c1,310.74,0.0,IC50,0.22,nM,Active
CHEMBL202452,CCCCCCOc1cc([N+](=O)[O-])ccc1N(C)S(C)(=O)=O,330.41,0.0,IC50,4490.0,nM,Inactive
CHEMBL202030,CCC(CC)Oc1cc([N+](=O)[O-])ccc1N(C)S(C)(=O)=O,316.38,0.0,IC50,230.0,nM,Intermediate
CHEMBL518586,Clc1ccc(CC(Cc2ccccc2)n2ccnc2)s1,302.83,0.0,IC50,870.0,nM,Intermediate
CHEMBL517347,Clc1ccc(CN(Cc2ccc(Cl)s2)n2ccnc2)c(Cl)c1,372.71,1.0,IC50,320.0,nM,Intermediate
CHEMBL491222,c1ccc(CC(Cc2ccc(-c3ccccc3)cc2)n2ccnc2)cc1,338.45,1.0,IC50,950.0,nM,Intermediate
CHEMBL490187,Cc1ccc(CN(Cc2ccc(-c3ccccc3)cc2)n2ccnc2)cc1,353.47,1.0,IC50,2200.0,nM,Inactive
CHEMBL490795,Cc1ccccc1CN(Cc1ccc(-c2ccccc2)cc1)n1ccnc1,353.47,1.0,IC50,2960.0,nM,Inactive
CHEMBL174909,CCCCN1C(=O)C2CC2(c2ccc(N)cc2)C1=O,258.32,0.0,IC50,150.0,nM,Intermediate
CHEMBL24593,c1ccc2c(c1)CC(Cc1ccncc1)C2,209.29,0.0,IC50,2400.0,nM,Inactive
CHEMBL409271,CN(c1ccc(NC(=O)c2ccc(C#N)cc2)cc1OCc1ccccc1)S(C)(=O)=O,435.51,0.0,IC50,440.0,nM,Intermediate
CHEMBL443066,CN(c1ccc(NC(=O)c2ccccc2)cc1OCc1ccccc1)S(C)(=O)=O,410.5,0.0,IC50,1770.0,nM,Inactive
CHEMBL272398,CN(c1ccc(N)cc1OCc1ccccc1)S(C)(=O)=O,306.39,0.0,IC50,1100.0,nM,Inactive
CHEMBL272464,Cc1ccc(S(=O)(=O)Nc2ccc([N+](=O)[O-])cc2OCc2ccccc2)cc1,398.44,0.0,IC50,17370.0,nM,Inactive
CHEMBL376649,CN(c1ccc([N+](=O)[O-])cc1OCc1ccc(F)cc1)S(C)(=O)=O,354.36,0.0,IC50,1780.0,nM,Inactive
CHEMBL224037,COc1ccc(COc2cc([N+](=O)[O-])ccc2N(C)S(C)(=O)=O)cc1,366.4,0.0,IC50,470.0,nM,Intermediate
CHEMBL202470,CCCCCCCCCOc1cc([N+](=O)[O-])ccc1N(C)S(C)(=O)=O,372.49,0.0,IC50,3960.0,nM,Inactive
CHEMBL202452,CCCCCCOc1cc([N+](=O)[O-])ccc1N(C)S(C)(=O)=O,330.41,0.0,IC50,4490.0,nM,Inactive
CHEMBL202030,CCC(CC)Oc1cc([N+](=O)[O-])ccc1N(C)S(C)(=O)=O,316.38,0.0,IC50,230.0,nM,Intermediate
CHEMBL204502,CN(c1ccc([N+](=O)[O-])cc1OCC1CCCCC1)S(C)(=O)=O,342.42,0.0,IC50,960.0,nM,Intermediate
CHEMBL4451962,C[C@@H]1CC2=CCCC[C@]2(C)[C@H]2CC[C@]3(C)C(=O)CC[C@H]3[C@H]12,286.46,1.0,IC50,405.0,nM,Intermediate
CHEMBL4520056,C=CC[C@H]1C[C@@H]2[C@H](CC[C@]3(C)C(=O)CC[C@@H]23)[C@@]2(C)CCCC=C12,312.5,1.0,IC50,210.0,nM,Intermediate
CHEMBL2312958,O=C1CCc2cc(C(c3ccncc3)c3cccc(F)c3)cc3c2N1CC3,358.42,0.0,IC50,74.0,nM,Active
CHEMBL194641,C[C@]12CCC3C(CC[C@H]4C=CCC[C@]34C)C1CCC2=O,272.43,0.0,IC50,225.0,nM,Intermediate
CHEMBL1629802,C[C@]12CC[C@H]3O[C@H]3[C@@H]1CC[C@@H]1[C@@H]2CC[C@]2(C)C(=O)CC[C@@H]12,288.43,0.0,IC50,145.0,nM,Intermediate
CHEMBL513615,Oc1cc2c(cc1C(c1ccc(F)cc1)n1ccnc1)OCO2,312.3,0.0,IC50,5.3,nM,Active
CHEMBL224786,O=c1oc2ccccc2c(Cn2ccnc2)c1-c1ccccc1,302.33,0.0,IC50,5130.0,nM,Inactive
CHEMBL4874326,O=C(Nc1ccc(Cl)cc1)OC(COc1ccccc1)Cn1ccnc1,371.82,0.0,IC50,860.0,nM,Intermediate
CHEMBL495563,COc1ccc(-c2cnnn2Cc2ccco2)cc1,255.28,0.0,IC50,3100.0,nM,Inactive
CHEMBL2311169,C[C@]12CCCCC1=CC[C@@H]1[C@@H]2CC[C@]2(C)C(=O)CC[C@@H]12,272.43,0.0,IC50,660.0,nM,Intermediate
CHEMBL223421,CC(C)c1ccc(COc2cc([N+](=O)[O-])ccc2NS(C)(=O)=O)cc1,364.42,0.0,IC50,7450.0,nM,Inactive
CHEMBL223162,CS(=O)(=O)Nc1ccc([N+](=O)[O-])cc1OCc1ccccc1-c1ccccc1,398.44,0.0,IC50,260.0,nM,Intermediate
CHEMBL293122,C1=C(CCn2ccnc2)c2cccnc2CC1,225.29,0.0,IC50,500.0,nM,Intermediate
CHEMBL158635,COc1ccc2c(=O)c(Cn3ccnc3)c(-c3ccccc3)oc2c1,332.36,0.0,IC50,550.0,nM,Intermediate
CHEMBL224228,O=c1ccc2cc(Cn3ccnc3)ccc2o1,226.24,0.0,IC50,1130.0,nM,Inactive
CHEMBL161530,O=c1ccoc2c(Cn3ccnc3)ccc(Br)c12,305.13,0.0,IC50,2100.0,nM,Inactive
CHEMBL2333335,O=c1c2ccccc2oc2c(OC3CCCC3)ccc(Cn3ccnc3)c12,360.41,0.0,IC50,260.0,nM,Intermediate
CHEMBL2333327,O=c1c2ccccc2oc2c(I)ccc(Cn3ccnc3)c12,402.19,0.0,IC50,460.0,nM,Intermediate
CHEMBL258257,N#Cc1cccc(C2CC(=O)c3ccc4ccccc4c3O2)c1,299.33,0.0,IC50,1370.0,nM,Inactive
CHEMBL441367,Clc1ccc(Cn2ccnc2)cc1,192.65,0.0,IC50,70.0,nM,Active
CHEMBL157101,CC(=O)N1CCN(c2ccc(OCC3COC(Cn4ccnc4)(c4ccc(Cl)cc4Cl)O3)cc2)CC1,531.44,1.0,IC50,39600.0,nM,Inactive
CHEMBL193858,COc1cc2c(cc1OC)/C(=C/c1ccncc1)CCC2,281.36,0.0,IC50,89949.76,nM,Inactive
CHEMBL133240,CC12CCC3C(Cc4nn(Cc5ccccc5)c5c4C3(C)CCC5=O)C1CCC2=O,402.54,0.0,IC50,342.0,nM,Intermediate
CHEMBL451201,N#Cc1ccc([C@@H](c2coc3ccccc3c2=O)n2ccnc2)cc1,327.34,0.0,IC50,630.96,nM,Intermediate
CHEMBL225378,N#Cc1ccc(C(F)(c2ccc(C#N)cc2)n2ccnc2)cc1,302.31,0.0,IC50,870.96,nM,Intermediate
CHEMBL225550,N#Cc1ccc(C(F)(c2ccc(C#N)cc2)n2cncn2)cc1,303.3,0.0,IC50,61.66,nM,Active
CHEMBL374934,N#Cc1ccccc1Cn1ccnc1,183.21,0.0,IC50,47.86,nM,Active
CHEMBL224391,Cc1oc2c(C#N)ccc(Cn3ccnc3)c2c1C,251.29,0.0,IC50,18.2,nM,Active
CHEMBL161530,O=c1ccoc2c(Cn3ccnc3)ccc(Br)c12,305.13,0.0,IC50,2089.3,nM,Inactive
CHEMBL351167,O=c1ccoc2c(Cn3ccnc3)ccc([N+](=O)[O-])c12,271.23,0.0,IC50,1096.48,nM,Inactive
CHEMBL225447,c1ccc2c(c1)-c1ccccc1C2n1ccnc1,232.29,0.0,IC50,2850.0,nM,Inactive
CHEMBL437731,O=c1cc(Cn2ccnc2)c2ccc(Oc3ccccc3)cc2o1,318.33,0.0,IC50,51.0,nM,Active
CHEMBL387518,O=C1c2ccccc2-c2nnc(Cn3ccnc3)cc21,262.27,0.0,IC50,26915.35,nM,Inactive
CHEMBL225472,COc1ccc2c(Cn3ccnc3)cc(=O)oc2c1,256.26,0.0,IC50,281.84,nM,Intermediate
CHEMBL375497,COc1ccc2c(OCCn3ccnc3)cc(=O)oc2c1,286.29,0.0,IC50,100000.0,nM,Inactive
CHEMBL204039,Clc1ccc(C(c2ccc3[nH]ccc3c2)n2ccnc2)cc1,307.78,0.0,IC50,45.0,nM,Active
CHEMBL71169,CC12CCC3C(C(=O)C=C4CCCCC43C=O)C1CCC2=O,300.4,0.0,IC50,60000.0,nM,Inactive
CHEMBL195996,c1ccc2cc(-n3ccnc3)ccc2c1,194.24,0.0,IC50,2800.0,nM,Inactive
CHEMBL229908,COc1ccc(C2CC(=O)c3ccc(OC)cc3O2)cc1,284.31,0.0,IC50,1860.0,nM,Inactive
CHEMBL463453,O=C1c2c(O)cc(O)cc2O[C@H](c2ccc(O)cc2O)[C@H]1O,304.25,0.0,IC50,40.0,ug.mL-1,Active
CHEMBL270283,CN(c1ccc(NC(=O)c2ccc3ccccc3c2)cc1OCc1ccccc1)S(C)(=O)=O,460.56,1.0,IC50,1070.0,nM,Inactive
CHEMBL223369,COc1ccc(COc2cc([N+](=O)[O-])ccc2NS(C)(=O)=O)cc1,352.37,0.0,IC50,7820.0,nM,Inactive
CHEMBL222260,Cc1ccc(COc2cc([N+](=O)[O-])ccc2N(C)S(C)(=O)=O)cc1,350.4,0.0,IC50,2330.0,nM,Inactive
CHEMBL220793,CN(c1ccc([N+](=O)[O-])cc1OCc1ccc(Br)cc1)S(C)(=O)=O,415.27,0.0,IC50,330.0,nM,Intermediate
CHEMBL373427,CS(=O)(=O)Nc1ccc([N+](=O)[O-])cc1OCc1ccc(F)cc1,340.33,0.0,IC50,580.0,nM,Intermediate
CHEMBL376303,CN(c1ccc([N+](=O)[O-])cc1OCc1ccc([N+](=O)[O-])cc1)S(C)(=O)=O,381.37,0.0,IC50,490.0,nM,Intermediate
CHEMBL319026,CC1C(OC(=O)Cc2ccncc2)CC2CC1C2(C)C,273.38,0.0,IC50,120.0,nM,Intermediate
CHEMBL174407,CCCN1C(=O)C2CC2(c2ccc(N)cc2)C1=O,244.29,0.0,IC50,600.0,nM,Intermediate
CHEMBL316262,CCCCCCN1C(=O)CC[C@](CC)(c2ccncc2)C1=O,302.42,0.0,IC50,6600.0,nM,Inactive
CHEMBL2312957,COc1ccc(C(c2ccncc2)c2cc3c4c(c2)CCN4C(=O)CC3)cc1,370.45,0.0,IC50,273.0,nM,Intermediate
CHEMBL2312954,O=C1CCc2cc(C(c3ccccc3)c3ccncc3)cc3c2N1CC3,340.43,0.0,IC50,880.0,nM,Intermediate
CHEMBL2312971,O=C1CCc2cc(C(c3cccnc3)c3cccc(Cl)c3)cc3c2N1CC3,374.87,0.0,IC50,1350.0,nM,Inactive
CHEMBL2312969,COc1ccccc1C(c1cccnc1)c1cc2c3c(c1)CCN3C(=O)CC2,370.45,0.0,IC50,3660.0,nM,Inactive
CHEMBL362441,COc1ccc2c(c1)CCC/C2=C\c1cccnc1,251.33,0.0,IC50,1130.0,nM,Inactive
CHEMBL1784806,CCOc1ccc(S(=O)(=O)NCCCn2ccnc2)c2ccccc12,359.45,0.0,IC50,761.0,nM,Intermediate
CHEMBL1939524,Clc1ccccc1-c1nsc(-c2ccccc2Cl)n1,307.21,1.0,IC50,50000.0,nM,Inactive
CHEMBL1939535,FC(F)(F)c1ccccc1-c1nsc(-c2ccccc2C(F)(F)F)n1,374.31,1.0,IC50,50000.0,nM,Inactive
CHEMBL1939538,Cc1c(Cl)cccc1-c1nsc(-c2cccc(Cl)c2C)n1,335.26,1.0,IC50,50000.0,nM,Inactive
CHEMBL3422036,NCCOc1ccc(/C(=C(\CCCl)c2ccccc2)c2ccc(O)cc2)cc1,393.91,1.0,IC50,143.0,nM,Intermediate
CHEMBL24021,CC[C@H]1CC2C3CCC(=O)C3(C)CCC2C2(C)CCC(=O)C=C12,314.47,0.0,IC50,260.0,nM,Intermediate
CHEMBL368631,CC(C)(C)CN1C(=O)C2CC2(c2ccc(N)cc2)C1=O,272.35,0.0,IC50,440.0,nM,Intermediate
CHEMBL39661,CCCCCCCCN1C(=O)CCC(CC)(c2ccncc2)C1=O,330.47,0.0,IC50,800.0,nM,Intermediate
CHEMBL519937,N#Cc1ccc(C(c2ccc(O)cc2)n2cncn2)cc1,276.3,0.0,IC50,7.2,nM,Active
CHEMBL415753,O=C1/C(=C/c2cc[nH]n2)CCc2ccccc21,224.26,0.0,IC50,18000.0,nM,Inactive
CHEMBL9298,N#Cc1ccc(C2CCCc3cncn32)cc1,223.28,0.0,IC50,4.6,nM,Active
CHEMBL1825038,CCCc1cn(Cc2ccccc2)nn1,201.27,0.0,IC50,12630.0,nM,Inactive
CHEMBL105298,CC1CCC(C(C)C)C(OC(=O)Cc2ccncc2)C1,275.39,0.0,IC50,310.0,nM,Intermediate
CHEMBL3805149,COc1ccc(S(=O)(=O)N2CCCC(Cn3ccnc3)C2)cc1OC,365.45,0.0,IC50,42.0,nM,Active
CHEMBL3805048,O=S(=O)(c1ccc(F)cc1)N1CCCC(Cn2ccnc2)C1,323.39,0.0,IC50,51.0,nM,Active
CHEMBL3805657,CS(=O)(=O)c1ccc(S(=O)(=O)N2CCCC(Cn3ccnc3)C2)cc1,383.5,0.0,IC50,48.0,nM,Active
CHEMBL3805008,O=[N+]([O-])c1ccc(S(=O)(=O)N2CCCC(Cn3ccnc3)C2)cc1C(F)(F)F,418.4,0.0,IC50,16.0,nM,Active
CHEMBL1630265,CC(=O)OC1=C2CC[C@@H]3[C@H](CC[C@]4(C)C(=O)CC[C@@H]34)[C@@]2(CO)CCC1,346.47,0.0,IC50,3600.0,nM,Inactive
CHEMBL224060,Cn1nnc2ccc([C@H](c3ccc(Cl)cc3)n3cncn3)cc21,324.77,0.0,IC50,29.0,nM,Active
CHEMBL592131,N#Cc1ccc(Cn2cncn2)cc1-c1ccc(OS(N)(=O)=O)c(Cl)c1,389.82,0.0,IC50,0.12,nM,Active
CHEMBL314991,CC[C@]1(c2ccncc2)CCC(=O)N(C)C1=O,232.28,0.0,IC50,30000.0,nM,Inactive
CHEMBL441367,Clc1ccc(Cn2ccnc2)cc1,192.65,0.0,IC50,70.0,nM,Active
CHEMBL367719,C(=C1/CCCc2ccccc21)\c1c[nH]cn1,210.28,0.0,IC50,190.0,nM,Intermediate
CHEMBL1078534,C[C@]12C=CC(=O)C=C1CC[C@@H]1[C@@H]2CC[C@]2(C)C(=O)CC[C@@H]12,284.4,0.0,IC50,300.0,nM,Intermediate
CHEMBL2430507,O=S(=O)(NCCc1ccccc1)c1ccc(-n2cc(COc3cccc4ccccc34)nn2)cc1,484.58,0.0,IC50,3400.0,nM,Inactive
CHEMBL3264684,COc1cc2c(cc1OC)CN(S(=O)(=O)c1ccc(-n3cc(COc4ccc([N+](=O)[O-])cc4)nn3)cc1)CC2,551.58,1.0,IC50,12500.0,nM,Inactive
CHEMBL3264681,COc1cc2c(cc1OC)CN(S(=O)(=O)c1ccc(-n3cc(COc4ccccc4C(C)=O)nn3)cc1)CC2,548.62,1.0,IC50,12500.0,nM,Inactive
CHEMBL3589964,O=c1cc(OCc2cn(-c3cccc(S(=O)(=O)N4CCc5ccccc5C4)c3)nn2)c2ccccc2o1,514.56,1.0,IC50,12500.0,nM,Inactive
CHEMBL3407539,C[C@]12C=CC(=O)C=C1C(CO)=C[C@@H]1[C@@H]2CC[C@]2(C)C(=O)CC[C@@H]12,312.41,0.0,IC50,670.0,nM,Intermediate
CHEMBL1630263,C[C@]12CCCC(OC(=O)c3ccccc3)=C1CC[C@@H]1[C@@H]2CC[C@]2(C)C(=O)CC[C@@H]12,392.54,1.0,IC50,640.0,nM,Intermediate
CHEMBL1630264,CC(=O)OC1=C2CC[C@@H]3[C@H](CC[C@]4(C)C(=O)CC[C@@H]34)[C@@]2(C)CCC1,330.47,0.0,IC50,660.0,nM,Intermediate
CHEMBL1630278,CCC[C@H]1CCC[C@@]2(C)C1=CC[C@@H]1[C@@H]2CC[C@]2(C)C(=O)CC[C@@H]12,314.51,1.0,IC50,5500.0,nM,Inactive
CHEMBL8498,CC[C@H]1CC2C(CCC3(C)C(=O)CCC23)C2(C)C=CC(=O)C=C12,312.45,0.0,IC50,250.0,nM,Intermediate
CHEMBL174308,CC(C)CN1C(=O)C2CC2(c2ccc(N)cc2)C1=O,258.32,0.0,IC50,200.0,nM,Intermediate
CHEMBL354401,CCN1C(=O)C2CC2(c2ccc(N)cc2)C1=O,230.27,0.0,IC50,7000.0,nM,Inactive
CHEMBL442542,C[C@]12CCC(=O)C(SCCl)=C1CCC1C2=CC[C@]2(C)C(=O)CCC12,364.94,1.0,IC50,860.0,nM,Intermediate
CHEMBL442373,N#Cc1ccc(Cn2ccnc2)c2c(=O)c3ccccc3oc12,301.31,0.0,IC50,2300.0,nM,Inactive
CHEMBL89102,CCCCC[C@]1(c2ccncc2)CCC(=O)NC1=O,260.34,0.0,IC50,2500.0,nM,Inactive
CHEMBL451532,C[C@@H]1O[C@@H](O[C@H]2[C@H](Oc3cc(O)c4c(c3)O[C@H](c3ccc(O)cc3)CC4=O)O[C@H](CO)[C@@H](O)[C@@H]2O)[C@H](O)[C@H](O)[C@H]1O,580.54,3.0,IC50,5000.0,nM,Inactive
CHEMBL374651,CS(=O)(=O)Nc1ccc([N+](=O)[O-])cc1OCCc1ccccc1,336.37,0.0,IC50,230.0,nM,Intermediate
CHEMBL264724,C=CCSc1oc2cc(OC)ccc2c(=O)c1-c1ccccc1,324.4,0.0,IC50,100000.0,nM,Inactive
CHEMBL184051,COc1ccc2c(=O)c(-c3ccc(C)cc3)c(SCc3ccncc3)oc2c1,389.48,1.0,IC50,3000.0,nM,Inactive
CHEMBL186079,COc1ccc(-c2c(SCc3ccncc3)oc3cc(OCc4ccccc4)ccc3c2=O)cc1,481.57,1.0,IC50,530.0,nM,Intermediate
CHEMBL364326,O=c1c(-c2ccccc2)c(SCc2cccnc2)oc2cc(O)ccc12,361.42,0.0,IC50,3600.0,nM,Inactive
CHEMBL334391,CC12CCC3C(CCC4=C(Oc5ccccc5)C(=O)CCC43C)C1CCC2=O,378.51,1.0,IC50,530.0,nM,Intermediate
CHEMBL304788,Clc1ccc(C(C2Cc3ccccc3O2)n2cncn2)c(Cl)c1,346.22,0.0,IC50,880.0,nM,Intermediate
CHEMBL2336847,COc1ccc2cc(Cn3ccnc3)n(-c3ccccc3)c2c1,303.37,0.0,IC50,6.23,nM,Active
CHEMBL2336862,Cc1ccc(-n2c(Cn3ccnc3)cc3ccc(C)cc32)cc1,301.39,0.0,IC50,164.01,nM,Intermediate
CHEMBL224228,O=c1ccc2cc(Cn3ccnc3)ccc2o1,226.24,0.0,IC50,144.0,nM,Intermediate
CHEMBL359942,COc1ccc2c(c1)CC/C2=C\c1ccncc1,237.3,0.0,IC50,3960.0,nM,Inactive
CHEMBL175979,COc1ccc2c(c1)CCC/C2=C\c1ccncc1,251.33,0.0,IC50,800.0,nM,Intermediate
CHEMBL287677,N#Cc1ccc([C@H]2CCCc3cncn32)cc1,223.28,0.0,IC50,794.33,nM,Intermediate
CHEMBL129795,O=C(/C=C/c1ccc(O)cc1)c1ccc(O)cc1O,256.26,0.0,IC50,3800.0,nM,Inactive
CHEMBL283196,O=c1cc(-c2ccccc2)oc2c1ccc1ccccc12,272.3,0.0,IC50,2000.0,nM,Inactive
CHEMBL26651,CCCCCN1C(=O)C2CC2(c2ccc(N)cc2)C1=O,272.35,0.0,IC50,85.0,nM,Active
CHEMBL1824764,N#Cc1ccc(OCc2cn(C(c3ccccc3)c3ccccc3)nn2)cc1,366.42,0.0,IC50,16410.0,nM,Inactive
CHEMBL1824769,N#Cc1ccc(Cn2ccnn2)cc1,184.2,0.0,IC50,100.0,nM,Intermediate
CHEMBL1825017,N#Cc1ccc(Cn2nccn2)cc1,184.2,0.0,IC50,12200.0,nM,Inactive
CHEMBL368732,CN1C(=O)C2CC2(c2ccc(N)cc2)C1=O,216.24,0.0,IC50,2500.0,nM,Inactive
CHEMBL132530,C[C@]12CCC(=O)C(O)=C1CC[C@@H]1[C@@H]2CC[C@]2(C)C(=O)CC[C@@H]12,302.41,0.0,IC50,48.6,nM,Active
CHEMBL23097,COc1ccc2c(c1)CCC(Cc1ccncc1)C2,253.34,0.0,IC50,230.0,nM,Intermediate
CHEMBL23364,Oc1cccc2c1CCC(Cc1ccncc1)C2,239.32,0.0,IC50,530.0,nM,Intermediate
CHEMBL2386286,CC/C(=C(\c1ccc(O)cc1)c1ccc(OCC(N)=O)cc1)c1ccccc1,373.45,0.0,IC50,9257.0,nM,Inactive
CHEMBL1784791,COc1cc(CC(=O)N2CCOC(Cn3ccnc3)C2)cc(OC)c1OC,375.43,0.0,IC50,59.2,nM,Active
CHEMBL1784797,O=C(CCn1ccnc1)NC[C@H]1CC[C@H](c2ncncc2-c2ccccn2)CC1,390.49,0.0,IC50,3100.0,nM,Inactive
CHEMBL1351273,COc1cc(Cl)c(S(=O)(=O)NCCCn2ccnc2)cc1Cl,364.25,0.0,IC50,63.7,nM,Active
CHEMBL1538978,C=CCN(c1ccc(C(=O)NCCCn2ccnc2)cc1)S(C)(=O)=O,362.46,0.0,IC50,2500.0,nM,Inactive
CHEMBL3350384,CCC(=C(c1ccc(O)cc1)c1ccc(OCCN)cc1)c1ccccc1,359.47,1.0,IC50,90.0,nM,Active
CHEMBL437497,CS(=O)(=O)Nc1ccc([N+](=O)[O-])cc1OC1CCCC1,300.34,0.0,IC50,870.0,nM,Intermediate
CHEMBL204502,CN(c1ccc([N+](=O)[O-])cc1OCC1CCCCC1)S(C)(=O)=O,342.42,0.0,IC50,960.0,nM,Intermediate
CHEMBL446706,Oc1ccc2cc(C(c3ccc(Cl)cc3)n3cncn3)oc2c1,325.75,0.0,IC50,1460.0,nM,Inactive
CHEMBL324070,Cc1ccc(S(=O)(=O)n2cc(C(c3ccccc3)n3ccnc3)c3ccccc32)cc1,427.53,1.0,IC50,5400.0,nM,Inactive
CHEMBL29230,CC(C)CCC1(c2ccc(N)cc2)CCC(=O)NC1=O,274.36,0.0,IC50,400.0,nM,Intermediate
CHEMBL9298,N#Cc1ccc(C2CCCc3cncn32)cc1,223.28,0.0,IC50,5.0,nM,Active
CHEMBL178036,C(=C1/CCc2ccccc21)\c1c[nH]cn1,196.25,0.0,IC50,130.0,nM,Intermediate
CHEMBL177274,N#Cc1ccc2c(c1)/C(=C\c1c[nH]cn1)CCC2,235.29,0.0,IC50,810.0,nM,Intermediate
CHEMBL362187,C(=C1\CCCc2ccccc21)\c1c[nH]cn1,210.28,0.0,IC50,226.0,nM,Intermediate
CHEMBL102536,CC1(C)C2CCC1(C)C(OC(=O)Cc1ccncc1)C2,273.38,0.0,IC50,97.0,nM,Active
CHEMBL255110,O=C1CC(c2cccc(O)c2)Oc2cc(O)ccc21,256.26,0.0,IC50,3400.0,nM,Inactive
CHEMBL190208,COc1ccc2c(=O)c(-c3ccccc3)c(Sc3nnc[nH]3)oc2c1,351.39,0.0,IC50,50000.0,nM,Inactive
CHEMBL164,O=c1c(O)c(-c2cc(O)c(O)c(O)c2)oc2cc(O)cc(O)c12,318.24,1.0,IC50,10000.0,nM,Inactive
CHEMBL489360,Fc1ccc(CC(Cc2ccc(-c3ccccc3)cc2)n2ccnc2)c(F)c1,374.43,1.0,IC50,260.0,nM,Intermediate
CHEMBL489187,Cc1ccccc1CC(Cc1ccc(-c2ccccc2)cc1)n1ccnc1,352.48,1.0,IC50,1040.0,nM,Inactive
CHEMBL3818720,COc1ccc2c(Cc3ccccc3)c(-c3ccc(Cl)cc3)c(=O)oc2c1,376.84,1.0,IC50,80.0,nM,Active
CHEMBL451201,N#Cc1ccc([C@@H](c2coc3ccccc3c2=O)n2ccnc2)cc1,327.34,0.0,IC50,630.0,nM,Intermediate
CHEMBL56059,C(\Cn1ccnc1)=C1/CCCc2occc21,214.27,0.0,IC50,2400.0,nM,Inactive
CHEMBL441260,C=C1C(=O)O[C@@H]2[C@H]3C(C)=CC(=O)C3=C(C)CC[C@@H]12,244.29,0.0,IC50,15.0,nM,Active
CHEMBL256665,O=C1CC(c2ccc(O)cc2)Oc2c1ccc1ccccc21,290.32,0.0,IC50,630.0,nM,Intermediate
CHEMBL439241,O=C1CC(c2cccc(O)c2)Oc2c1ccc1ccccc21,290.32,0.0,IC50,610.0,nM,Intermediate
CHEMBL225499,O=c1cc(Cn2ccnc2)c2ccc(OCc3ccccc3)cc2o1,332.36,0.0,IC50,150.0,nM,Intermediate
CHEMBL389924,CC(C)=CCc1cc(C2CC(=O)c3ccc(O)cc3O2)ccc1O,324.38,0.0,IC50,40950.0,nM,Inactive
CHEMBL177692,Clc1ccc2c(c1)CC/C2=C\c1c[nH]cn1,230.7,0.0,IC50,330.0,nM,Intermediate
CHEMBL175688,Clc1ccc2c(c1)CC/C2=C/c1c[nH]cn1,230.7,0.0,IC50,39.0,nM,Active
CHEMBL2312970,Cc1cccc(C(c2cccnc2)c2cc3c4c(c2)CCN4C(=O)CC3)c1,354.45,0.0,IC50,5000.0,nM,Inactive
CHEMBL2312965,O=C1CCc2cc(Cc3cccnc3)cc3c2N1CC3,264.33,0.0,IC50,3340.0,nM,Inactive
CHEMBL338746,CCCCCCCC[C@H]1C[C@](CCCCCCCC)(c2ccncc2)C(=O)NC1=O,414.63,1.0,IC50,26000.0,nM,Inactive
CHEMBL357775,CN1C(=O)CC(c2ccc(N)cc2)C1=O,204.23,0.0,IC50,16600.0,nM,Inactive
CHEMBL488,CCC1(c2ccc(N)cc2)CCC(=O)NC1=O,232.28,0.0,IC50,5200.0,nM,Inactive
CHEMBL3099734,O=C1/C(=C\c2cccnc2)C(c2ccccc2)n2cccc21,286.33,0.0,IC50,3000.0,nM,Inactive
CHEMBL304903,c1ccc2c(c1)CCC1C(c3ccncc3)C21,221.3,0.0,IC50,370.0,nM,Intermediate
CHEMBL112074,CCn1ccc2cc(C(c3ccccc3)n3ccnc3)ccc21,301.39,0.0,IC50,205.0,nM,Intermediate
CHEMBL1630261,C[C@]12CCCC=C1[C@H](O)C[C@@H]1[C@@H]2CC[C@]2(C)C(=O)CC[C@@H]12,288.43,0.0,IC50,50.0,nM,Active
CHEMBL3359956,O=c1cc(Cn2ccnc2)c2ccc(OCCc3ccccc3)cc2o1,346.39,0.0,IC50,639.0,nM,Intermediate
CHEMBL1688898,COc1ccc(COc2ccc3c(Cn4ccnc4)cc(=O)oc3c2)cc1,362.39,0.0,IC50,127.0,nM,Intermediate
CHEMBL4439573,Fc1cc2nc(-c3cncnc3C(F)(F)F)n(C3CC3)c2cc1F,340.26,0.0,IC50,6445.0,nM,Inactive
CHEMBL309656,CC(=O)OCC12CCCC=C1CCC1C3CCC(=O)C3(C)CCC12,330.47,0.0,IC50,4000.0,nM,Inactive
CHEMBL424185,C[C@]12CC=C3C(CCC4=CC(=O)CC[C@@]43CCOS(C)(=O)=O)C1CCC2=O,392.52,0.0,IC50,10000.0,nM,Inactive
CHEMBL24946,CCCC[C@H]1CC2C3CCC(=O)C3(C)CCC2C2(C)CCC(=O)C=C12,342.52,1.0,IC50,790.0,nM,Intermediate
CHEMBL105289,O=C(Cc1ccncc1)OC1CCCC1,205.26,0.0,IC50,2300.0,nM,Inactive
CHEMBL9352,O=C1C[C@@H](c2ccc(O)cc2)Oc2cc(O)cc(O)c21,272.26,0.0,IC50,1000.0,nM,Intermediate
CHEMBL55083,C(\Cn1ccnc1)=C1\CCCc2occc21,214.27,0.0,IC50,2400.0,nM,Inactive
CHEMBL1399,CC(C)(C#N)c1cc(Cn2cncn2)cc(C(C)(C)C#N)c1,293.37,0.0,IC50,12.0,nM,Active
CHEMBL2011174,Cc1cccc(C2COc3ccccc3C2=O)c1,238.29,0.0,IC50,20000.0,nM,Inactive
CHEMBL206550,CC1Cc2ccccc2C=C1c1cccnc1,221.3,0.0,IC50,1787.0,nM,Inactive
CHEMBL1688896,O=c1cc(Cn2ccnc2)c2ccc(OCc3ccc(F)cc3)cc2o1,350.35,0.0,IC50,267.0,nM,Intermediate
CHEMBL1688914,COc1ccc2c(C(c3ccccc3)n3ccnc3)cc(=O)oc2c1,332.36,0.0,IC50,455.0,nM,Intermediate
CHEMBL1688915,O=c1cc(C(c2ccccc2)n2ccnc2)c2ccc(Oc3ccccc3)cc2o1,394.43,1.0,IC50,67.0,nM,Active
CHEMBL202469,CCCCCCCCCOc1cc([N+](=O)[O-])ccc1NS(C)(=O)=O,358.46,0.0,IC50,910.0,nM,Intermediate
CHEMBL3349656,C[C@]12CCC(=O)C=C1C[C@H](Cc1ccccc1)[C@@H]1[C@@H]2CC[C@]2(C)C(=O)CC[C@@H]12,376.54,1.0,IC50,44.46,nM,Active
CHEMBL488,CCC1(c2ccc(N)cc2)CCC(=O)NC1=O,232.28,0.0,IC50,270.0,nM,Intermediate
CHEMBL5290960,C[C@]12CCC(=O)C=C1C=C(Cc1ccc(N)cc1)[C@@H]1[C@@H]2CC[C@]2(C)C(=O)CC[C@@H]12,389.54,1.0,IC50,489.78,nM,Intermediate
CHEMBL3752500,CSC1=C2CC[C@@H]3[C@H](CC[C@]4(C)C(=O)CC[C@@H]34)[C@@]2(C)CCC1=O,332.51,0.0,IC50,4395.42,nM,Inactive
CHEMBL5289279,C[C@]12C=CC(=O)C=C1[C@@H](Oc1ccccc1)C[C@@H]1[C@@H]2CC[C@]2(C)C(=O)CC[C@@H]12,376.5,0.0,IC50,529.66,nM,Intermediate
CHEMBL5290788,C[C@]12CCC(=O)C=C1C(=O)C[C@@H]1[C@@H]2CC[C@]2(C)C(=O)CC[C@@H]12,300.4,0.0,IC50,279.9,nM,Intermediate
CHEMBL5285644,C[C@]12CC[C@H](OC(=O)C(F)(F)F)C[C@@H]1CC[C@@H]1[C@@H]2CC[C@]2(C)C(=O)/C(=C\c3ccccc3)C[C@@H]12,474.56,1.0,IC50,7112.14,nM,Inactive
CHEMBL387892,COc1ccc2cc(Cn3ccnc3)c(=O)oc2c1,256.26,0.0,IC50,2820.0,nM,Inactive
CHEMBL388604,COc1ccc2c(Cn3cncn3)cc(=O)oc2c1,257.25,0.0,IC50,3600.0,nM,Inactive
CHEMBL225178,O=c1cc(OCCn2ccnc2)c2ccccc2o1,256.26,0.0,IC50,760.0,nM,Intermediate
CHEMBL224600,S=c1ccc2cc(Cn3ccnc3)ccc2o1,242.3,0.0,IC50,1130.0,nM,Inactive
CHEMBL224228,O=c1ccc2cc(Cn3ccnc3)ccc2o1,226.24,0.0,IC50,144.54,nM,Intermediate
CHEMBL223929,O=c1ccc2ccc(Cn3cncn3)cc2o1,227.22,0.0,IC50,31622.78,nM,Inactive
CHEMBL223983,COc1ccc2ccc(=O)oc2c1Cn1ccnc1,256.26,0.0,IC50,31622.78,nM,Inactive
CHEMBL161230,N#Cc1ccc(Cn2ccnc2)c2occc(=O)c12,251.25,0.0,IC50,239.88,nM,Intermediate
CHEMBL4159524,O=[N+]([O-])c1ccc(C(c2[nH]c3ccccc3c2CCNS(=O)(=O)c2ccc(C(F)(F)F)cc2)c2[nH]c3ccccc3c2CCNS(=O)(=O)c2ccc(C(F)(F)F)cc2)cc1,869.87,2.0,IC50,4000.0,nM,Inactive
CHEMBL4160591,O=S(=O)(NCCc1c(C(c2ccc(Br)cc2)c2[nH]c3ccccc3c2CCNS(=O)(=O)c2ccc(C(F)(F)F)cc2)[nH]c2ccccc12)c1ccc(C(F)(F)F)cc1,903.77,2.0,IC50,3400.0,nM,Inactive
CHEMBL4159184,O=S(=O)(NCCc1c(C(c2ccc(C(F)(F)F)cc2)c2[nH]c3ccccc3c2CCNS(=O)(=O)c2ccc(Br)cc2)[nH]c2ccccc12)c1ccc(Br)cc1,914.66,2.0,IC50,3800.0,nM,Inactive
CHEMBL113637,CCn1cc(C(c2ccc(F)cc2)n2ccnc2)c2ccccc21,319.38,0.0,IC50,57.0,nM,Active
CHEMBL2442771,CCOC(=O)c1cc(-c2ccccc2)nc2ccc3c(ccn3CC)c12,344.41,1.0,IC50,10000.0,nM,Inactive
CHEMBL431859,CCn1c(C(c2ccc(F)cc2)n2ccnc2)c(C)c2cc(Br)ccc21,412.31,1.0,IC50,238.0,nM,Intermediate
CHEMBL2442756,c1ccc(-c2cc(Cn3ccnc3)c3ccc4[nH]ccc4c3n2)cc1,324.39,0.0,IC50,11.4,nM,Active
CHEMBL2442753,CCn1ccc2c3nc(-c4ccccc4)cc(CO)c3ccc21,302.38,0.0,IC50,10000.0,nM,Inactive
CHEMBL4162907,O=S(=O)(NCCc1c(C(c2ccc3c(c2)Cc2ccccc2-3)c2[nH]c3ccccc3c2CCNS(=O)(=O)c2ccc(Cl)cc2)[nH]c2ccccc12)c1ccc(Cl)cc1,845.87,2.0,IC50,8800.0,nM,Inactive
CHEMBL2011177,O=C1c2ccccc2OCC1c1ccc(Oc2ccccc2)cc1,316.36,0.0,IC50,2400.0,nM,Inactive
CHEMBL2011181,COc1ccccc1C1COc2ccccc2C1=O,254.28,0.0,IC50,97000.0,nM,Inactive
CHEMBL478024,CC(C)(C)c1ccc(CN(CC/C=C/c2ccccc2)n2cncn2)cc1,360.51,0.0,IC50,5060.0,nM,Inactive
CHEMBL376303,CN(c1ccc([N+](=O)[O-])cc1OCc1ccc([N+](=O)[O-])cc1)S(C)(=O)=O,381.37,0.0,IC50,490.0,nM,Intermediate
CHEMBL4067000,CC(C)(O)c1cncc(-n2ncc3c(C(F)(F)F)cccc32)c1,321.3,0.0,IC50,4600.0,nM,Inactive
CHEMBL583989,CC/C(=C1\C=CC(=O)S1)C(CC)c1ccc(OC(C)=O)cc1,316.42,0.0,IC50,15500.0,nM,Inactive
CHEMBL23150,O=C1/C(=C/c2ccncc2)Cc2ccccc21,221.26,0.0,IC50,25000.0,nM,Inactive
CHEMBL5176279,CCOC(=O)Cc1csc(N/N=C/c2ccc3cc(OC)ccc3c2)n1,369.45,0.0,IC50,31.0,nM,Active
CHEMBL226791,COc1cc(CN(c2ccc(C#N)cc2)n2cnnc2)ccc1O,321.34,0.0,IC50,2.8,nM,Active
CHEMBL65549,Clc1ccc(C(C2Cc3ccccc3O2)n2cnnn2)c(Cl)c1,347.21,0.0,IC50,52020.0,nM,Inactive
CHEMBL185165,COc1ccc2c(c1)OC(c1ccccc1)CC2n1cncn1,307.35,0.0,IC50,1400.0,nM,Inactive
CHEMBL229789,COc1ccc(C2CC(=O)c3ccc(O)cc3O2)cc1CC=C(C)C,338.4,0.0,IC50,4080.0,nM,Inactive
CHEMBL4174373,COc1ccc(-c2[nH]c3cc(Cl)ccc3c2Cn2ccnc2)cc1,337.81,0.0,IC50,276.8,nM,Intermediate
CHEMBL4170941,COc1ccc2c(Cn3ccnc3)c(-c3ccc(Cl)cc3)[nH]c2c1,337.81,0.0,IC50,1058.0,nM,Inactive
CHEMBL2312962,Cc1cccc(C(c2ccncc2)c2cc3c4c(c2)CCN4C(=O)CC3)c1,354.45,0.0,IC50,32.0,nM,Active
CHEMBL2312950,CC(c1ccncc1)c1cc2c3c(c1)CCN3C(=O)CC2,278.36,0.0,IC50,1500.0,nM,Inactive
CHEMBL177468,C(=C1\CCc2ccccc21)\c1c[nH]cn1,196.25,0.0,IC50,955.0,nM,Intermediate
CHEMBL176098,COc1ccc2c(c1)CCC/C2=C/c1cccnc1,251.33,0.0,IC50,4000.0,nM,Inactive
CHEMBL159073,O=c1c2ccccc2oc2c(Cn3ccnc3)ccc([N+](=O)[O-])c12,321.29,0.0,IC50,40.0,nM,Active
CHEMBL202231,O=[N+]([O-])c1ccc(C(c2cc3ccc(O)cc3o2)n2cncn2)cc1,336.31,0.0,IC50,60.0,nM,Active
CHEMBL202065,COc1ccc2cc(C(c3ccc(C(F)(F)F)cc3)n3cncn3)oc2c1,373.33,0.0,IC50,130.0,nM,Intermediate
CHEMBL201831,COc1ccc2cc(C(c3ccc(C)cc3)n3cncn3)oc2c1,319.36,0.0,IC50,100.0,nM,Intermediate
CHEMBL4098604,O=C(/C=C\Nc1ccc(S(=O)(=O)Nc2ccccn2)cc1)c1ccc2c(c1)Nc1ccccc1S2,500.61,2.0,IC50,6700.0,nM,Inactive
CHEMBL2011173,Cc1ccc2c(c1)OCC(c1ccccc1)C2=O,238.29,0.0,IC50,18000.0,nM,Inactive
CHEMBL2011176,O=C1c2c(ccc3ccccc23)OCC1c1ccccc1,274.32,0.0,IC50,20000.0,nM,Inactive
CHEMBL333185,CCCC[C@H]1C[C@](CC)(c2ccncc2)C(=O)NC1=O,274.36,0.0,IC50,8700.0,nM,Inactive
CHEMBL29338,CCCCCCCC1(c2ccc(N)cc2)CCC(=O)NC1=O,302.42,0.0,IC50,1700.0,nM,Inactive
CHEMBL4068601,O=C(/C=C\Nc1ccc(S(=O)(=O)Nc2cnc3ccccc3n2)cc1)c1ccc2c(c1)Nc1ccccc1S2,551.65,2.0,IC50,8900.0,nM,Inactive
CHEMBL203981,Fc1ccc(C(c2ccc3[nH]ccc3c2)n2ccnc2)cc1,291.33,0.0,IC50,26.3,nM,Active
CHEMBL203869,CC(C)Oc1cc([N+](=O)[O-])ccc1N(C)S(C)(=O)=O,288.33,0.0,IC50,2810.0,nM,Inactive
CHEMBL274387,CC(C)Oc1cc([N+](=O)[O-])ccc1NS(C)(=O)=O,274.3,0.0,IC50,5870.0,nM,Inactive
CHEMBL204184,CCCOc1cc([N+](=O)[O-])ccc1NS(C)(=O)=O,274.3,0.0,IC50,2510.0,nM,Inactive
CHEMBL3415161,Fc1cc(-c2cccnc2)cc2c1-n1c(nnc1-c1ccccc1)CC2,342.38,0.0,IC50,10000.0,nM,Inactive
CHEMBL3415167,Cc1nnc2n1-c1c(F)cc(-c3cncc(C(C)O)c3)cc1CC2,324.36,0.0,IC50,10000.0,nM,Inactive
CHEMBL3415170,Cc1nnc2n1-c1c(F)cc(-c3cncc(C#N)c3)cc1CC2,305.32,0.0,IC50,10000.0,nM,Inactive
CHEMBL3313969,Cc1ccncc1-c1cc(F)c2c(c1)CCc1nnc(C)n1-2,294.33,0.0,IC50,10000.0,nM,Inactive
CHEMBL193343,CCOc1ccc2cc(-c3cccnc3)ccc2c1,249.31,0.0,IC50,6639.0,nM,Inactive
CHEMBL206070,CC1CC(c2cccnc2)=Cc2ccccc21,221.3,0.0,IC50,3551.0,nM,Inactive
CHEMBL270915,CN(c1ccc(NC(=O)c2ccc(Cl)c([N+](=O)[O-])c2)cc1OCc1ccccc1)S(C)(=O)=O,489.94,0.0,IC50,690.0,nM,Intermediate
CHEMBL426541,CS(=O)(=O)Nc1ccc([N+](=O)[O-])cc1OCc1ccc(-c2ccccc2)cc1,398.44,0.0,IC50,850.0,nM,Intermediate
CHEMBL457262,COc1c(-c2ccc(O)c(O)c2)oc2cc(O)c(C/C=C(\C)CCC=C(C)C)c(O)c2c1=O,452.5,1.0,IC50,40.0,ug.mL-1,Active
CHEMBL457678,CC(C)(O)C1Cc2c(ccc3c2O[C@H](c2ccc(O)cc2O)CC3=O)O1,356.37,0.0,IC50,100.0,nM,Intermediate
CHEMBL2442768,CCOC(=O)c1cc(-c2ccc(OC)cc2)nc2c1ccc1[nH]ccc12,346.39,0.0,IC50,10000.0,nM,Inactive
CHEMBL1083653,O=[N+]([O-])c1ccc(Cn2ccnc2)c(Oc2ccccc2)c1,295.3,0.0,IC50,11.45,nM,Active
CHEMBL9298,N#Cc1ccc(C2CCCc3cncn32)cc1,223.28,0.0,IC50,52.0,nM,Active
CHEMBL4228495,Oc1ccc(Cl)cc1-c1csc(-c2ncccn2)n1,289.75,0.0,IC50,3565.19,nM,Inactive
CHEMBL4229012,Clc1ccccc1-c1csc(-c2ncccn2)n1,273.75,0.0,IC50,1703.22,nM,Inactive
CHEMBL4225521,c1ccc(-c2csc(-c3ncccn3)n2)nc1,240.29,0.0,IC50,1092.68,nM,Inactive
CHEMBL364080,C(=C1\CCc2ccccc21)\c1cccnc1,207.28,0.0,IC50,2040.0,nM,Inactive
CHEMBL176101,COc1ccc2c(c1)CC/C2=C/c1cccnc1,237.3,0.0,IC50,5570.0,nM,Inactive
CHEMBL193555,C(=C1\CC(c2ccccc2)c2ccccc21)\c1cccnc1,283.37,1.0,IC50,4060.0,nM,Inactive
CHEMBL4555477,O=[N+]([O-])c1ccccc1S(=O)(=O)NCc1cccc(CNS(=O)(=O)c2ccccc2[N+](=O)[O-])c1,506.52,1.0,IC50,3670.0,nM,Inactive
CHEMBL1688899,O=c1cc(Cn2ccnc2)c2ccc(OCc3ccc(OC(F)(F)F)cc3)cc2o1,416.36,0.0,IC50,481.0,nM,Intermediate
CHEMBL3926174,COc1ncnc(NS(=O)(=O)c2ccc(N/C=C\C(=O)c3cc4ccccc4oc3=O)cc2)c1OC,508.51,1.0,IC50,4660.0,nM,Inactive
CHEMBL132530,C[C@]12CCC(=O)C(O)=C1CC[C@@H]1[C@@H]2CC[C@]2(C)C(=O)CC[C@@H]12,302.41,0.0,IC50,800.0,nM,Intermediate
CHEMBL23150,O=C1/C(=C/c2ccncc2)Cc2ccccc21,221.26,0.0,IC50,25118.86,nM,Inactive
CHEMBL1173259,CC(C)=C(c1ccncc1)c1ccc(-c2cccc(O)c2)cc1,301.39,1.0,IC50,12000.0,nM,Inactive
CHEMBL1171987,Nc1cccc(-c2ccc(Cc3ccncc3)cc2)c1,260.34,0.0,IC50,2830.0,nM,Inactive
CHEMBL95109,COc1ccc2c(c1)OC(c1ccccc1)CC2n1ccnc1,306.37,0.0,IC50,91.0,nM,Active
CHEMBL1200374,C=C1C[C@@H]2[C@H](CC[C@]3(C)C(=O)CC[C@@H]23)[C@@]2(C)C=CC(=O)C=C12,296.41,0.0,IC50,42.5,nM,Active
CHEMBL2235950,COc1cc(/C=C2\Cc3ccccc3C2=O)ccc1OCCCn1ccnc1,374.44,0.0,IC50,550.0,nM,Intermediate
CHEMBL381014,COc1ccc2c(Cl)c(-c3cccnc3)ccc2c1Cl,304.18,1.0,IC50,970.0,nM,Intermediate
CHEMBL5288289,C[C@]12CC[C@H]3[C@@H](CC=C4CCCC[C@@]43C=O)[C@@H]1CCC2=O,286.42,0.0,IC50,8994.98,nM,Inactive
CHEMBL490584,COc1ccc(CC(Cc2ccc(-c3ccccc3)cc2)n2ccnc2)cc1,368.48,1.0,IC50,1680.0,nM,Inactive
CHEMBL522089,Cc1ccc(CC(Cc2ccc(-c3ccccc3)cc2)n2ccnc2)cc1,352.48,1.0,IC50,1320.0,nM,Inactive
CHEMBL4167098,O=S(=O)(NCCc1c(C(c2ccc(F)cc2)c2[nH]c3ccccc3c2CCNS(=O)(=O)c2ccc(C(F)(F)F)cc2)[nH]c2ccccc12)c1ccc(C(F)(F)F)cc1,842.86,2.0,IC50,4400.0,nM,Inactive
CHEMBL4173619,COc1ccc(S(=O)(=O)NCCc2c(C(c3cc(OC)c(O)c(OC)c3)c3[nH]c4ccccc4c3CCNS(=O)(=O)c3ccc(OC)cc3)[nH]c3ccccc23)cc1,824.98,2.0,IC50,2500.0,nM,Inactive
CHEMBL157101,CC(=O)N1CCN(c2ccc(OCC3COC(Cn4ccnc4)(c4ccc(Cl)cc4Cl)O3)cc2)CC1,531.44,1.0,IC50,2600.0,nM,Inactive
CHEMBL4227126,Oc1ccc(-c2csc(-c3ncccn3)n2)cc1,255.3,0.0,IC50,5715.79,nM,Inactive
CHEMBL304903,c1ccc2c(c1)CCC1C(c3ccncc3)C21,221.3,0.0,IC50,185.0,nM,Intermediate
CHEMBL1825047,Cc1ccc(OCc2cn(Cc3ccccc3)nn2)cc1,279.34,0.0,IC50,2270.0,nM,Inactive
CHEMBL3084324,COc1ccc([C@](O)(c2cccnc2)c2cc3ccc(OC)cc3o2)cc1,361.4,0.0,IC50,160.0,nM,Intermediate
CHEMBL195571,Oc1ccc2cc(-c3cccnc3)ccc2c1,221.26,0.0,IC50,2700.0,nM,Inactive
CHEMBL442813,CC(C)(O)[C@@H]1Cc2cc3ccc(=O)oc3cc2O1,246.26,0.0,IC50,40.0,ug.mL-1,Active
CHEMBL2336851,COc1ccc2cc(Cn3ccnc3)n(-c3ccc(C)cc3)c2c1,317.39,0.0,IC50,57.43,nM,Active
CHEMBL2336848,COc1ccc2cc(Cn3ccnc3)n(-c3ccc(F)cc3)c2c1,321.36,0.0,IC50,48.93,nM,Active
CHEMBL2336863,COc1ccc(-n2c(Cn3ccnc3)cc3ccc(C)cc32)cc1,317.39,0.0,IC50,138.72,nM,Intermediate
CHEMBL2336860,c1ccc(-n2c(Cn3ccnc3)cc3ccccc32)cc1,273.34,0.0,IC50,16.58,nM,Active
CHEMBL457686,CC(C)=CCc1c(O)ccc2c1O[C@H](c1ccc(O)cc1O)CC2=O,340.38,0.0,IC50,3400.0,nM,Inactive
CHEMBL2442755,CCn1ccc2c3c(CO)cc(-c4ccccc4)nc3ccc21,302.38,0.0,IC50,10000.0,nM,Inactive
CHEMBL175550,Cc1ccc2c(c1)/C(=C/c1cccnc1)CC2,221.3,0.0,IC50,3930.0,nM,Inactive
CHEMBL446083,CN1C(=O)CCc2cc(-c3cccnc3)ccc21,238.29,0.0,IC50,100.0,nM,Intermediate
CHEMBL4164126,Clc1ccc(-c2[nH]c3cc(Cl)ccc3c2Cn2ccnc2)cc1,342.23,1.0,IC50,260.8,nM,Intermediate
CHEMBL4163704,COc1ccc(-c2[nH]c3cc(F)ccc3c2Cn2ccnc2)cc1,321.36,0.0,IC50,36.1,nM,Active
CHEMBL3099695,N#Cc1ccc([C@H]2CCc3cncn32)c(F)c1,227.24,0.0,IC50,1584.89,nM,Inactive
CHEMBL323197,COc1c(O)cc2oc3cc(O)c(CC=C(C)C)c(O)c3c(=O)c2c1CC=C(C)C,410.47,1.0,IC50,20700.0,nM,Inactive
CHEMBL454580,CC(C)=CCc1c(O)cc2oc3c(CC=C(C)C)c(O)c(O)c(CC=C(C)C)c3c(=O)c2c1O,464.56,1.0,IC50,25100.0,nM,Inactive
CHEMBL3805839,O=S(=O)(c1ccc(F)c(F)c1F)N1CCCC(Cn2ccnc2)C1,359.37,0.0,IC50,46.0,nM,Active
CHEMBL204501,CS(=O)(=O)Nc1ccc([N+](=O)[O-])cc1OCC1CCCCC1,328.39,0.0,IC50,1210.0,nM,Inactive
CHEMBL229094,COc1ccc(C(=O)CC(O)c2ccc(OC)c(CC=C(C)C)c2)c(O)c1,370.45,0.0,IC50,54670.0,nM,Inactive
CHEMBL4129721,CC(=O)N1CCN(c2ccc(/C=C/c3cc(F)cc(-c4ccncc4)c3)cc2)CC1,401.49,0.0,IC50,10000.0,nM,Inactive
CHEMBL4126996,O=S(=O)(C1CC1)N1CCN(c2ccc(/C=C/c3cc(F)cc(-c4ccncc4)c3)cc2)CC1,463.58,0.0,IC50,10000.0,nM,Inactive
CHEMBL39275,CCCCN1C(=O)CCC(CC)(c2ccncc2)C1=O,274.36,0.0,IC50,40000.0,nM,Inactive
CHEMBL39513,CCCCCN1C(=O)CCC(CC)(c2ccncc2)C1=O,288.39,0.0,IC50,21000.0,nM,Inactive
CHEMBL382482,CCCOc1cc([N+](=O)[O-])ccc1N(C)S(C)(=O)=O,288.33,0.0,IC50,760.0,nM,Intermediate
CHEMBL202474,CCC(CC)Oc1cc([N+](=O)[O-])ccc1NS(C)(=O)=O,302.35,0.0,IC50,300.0,nM,Intermediate
CHEMBL204183,CN(c1ccc([N+](=O)[O-])cc1OC1CCCCC1)S(C)(=O)=O,328.39,0.0,IC50,470.0,nM,Intermediate
CHEMBL3407539,C[C@]12C=CC(=O)C=C1C(CO)=C[C@@H]1[C@@H]2CC[C@]2(C)C(=O)CC[C@@H]12,312.41,0.0,IC50,980.0,nM,Intermediate
CHEMBL4170504,O=S(=O)(NCCc1c(C(c2ccc(O)cc2)c2[nH]c3ccccc3c2CCNS(=O)(=O)c2ccc(C(F)(F)F)cc2)[nH]c2ccccc12)c1ccc(C(F)(F)F)cc1,840.87,2.0,IC50,1300.0,nM,Inactive
CHEMBL5268471,C[C@@H]1C[C@@]2(C=O)C(=CC1=O)CC[C@@H]1[C@@H]2CC[C@]2(C)C(=O)CC[C@@H]12,314.43,0.0,IC50,11994.99,nM,Inactive
CHEMBL5283868,CCCCO[C@@H]1C[C@@H]2[C@H](CC[C@]3(C)C(=O)CC[C@@H]23)[C@@]2(C)C=CC(=O)C=C12,356.51,0.0,IC50,460.26,nM,Intermediate
CHEMBL5277162,CCO[C@H]1C[C@@H]2[C@H](CC[C@]3(C)C(=O)CC[C@@H]23)[C@@]2(C)C=CC(=O)C=C12,328.45,0.0,IC50,1499.68,nM,Inactive
CHEMBL5276194,CCCCO[C@H]1C[C@@H]2[C@H](CC[C@]3(C)C(=O)CC[C@@H]23)[C@@]2(C)C=CC(=O)C=C12,356.51,0.0,IC50,660.69,nM,Intermediate
CHEMBL2057976,C[C@]12CCCC[C@@H]1CC[C@@H]1[C@@H]2CC[C@]2(C)C(=O)CC[C@@H]12,274.45,0.0,IC50,2301.44,nM,Inactive
CHEMBL5272328,CCCC[C@@H]1C[C@@]2(C)C(=CC1=O)CC[C@@H]1[C@@H]2CC[C@]2(C)C(=O)CC[C@@H]12,342.52,1.0,IC50,1931.97,nM,Inactive
CHEMBL3754183,CC1=C[C@@]2(C)C(=CC1=O)CC[C@@H]1[C@@H]2CC[C@]2(C)C(=O)CC[C@@H]12,298.43,0.0,IC50,579.43,nM,Intermediate
CHEMBL2420679,COc1ccc2ccc(-c3cncc(F)c3)c(Cl)c2c1,287.72,0.0,IC50,2000.0,nM,Inactive
CHEMBL5087363,CC(Cn1ccnc1)=C(c1ccc(O)cc1)c1ccc(O)cc1,306.37,0.0,IC50,1002.0,nM,Inactive
CHEMBL5092843,CC(CCc1cccnc1)=C(c1ccc(O)cc1)c1ccc(O)cc1,331.42,0.0,IC50,3240.0,nM,Inactive
CHEMBL1444,N#Cc1ccc(C(c2ccc(C#N)cc2)n2cncn2)cc1,285.31,0.0,IC50,4.0,nM,Active
CHEMBL317581,Clc1ccc(COC(Cn2cccc2)c2ccc(Cl)cc2Cl)cc1,380.7,1.0,IC50,30.0,nM,Active
CHEMBL91992,O=C1/C(=C/c2ccncc2)CCc2cc(O)ccc21,251.28,0.0,IC50,8600.0,nM,Inactive
CHEMBL195996,c1ccc2cc(-n3ccnc3)ccc2c1,194.24,0.0,IC50,2821.0,nM,Inactive
CHEMBL500976,N#Cc1ccc([C@@H](c2ccc(O)c(Br)c2)n2cncn2)cc1,355.2,0.0,IC50,3.4,nM,Active
CHEMBL453736,N#Cc1ccc([C@H](c2ccc(O)c(Br)c2)n2cncn2)cc1,355.2,0.0,IC50,0.6,nM,Active
CHEMBL462879,COc1c(O)cc2oc3cc(O)c(CC=C(C)C)c(O)c3c(=O)c2c1CCC(C)(C)O,428.48,0.0,IC50,5200.0,nM,Inactive
CHEMBL271129,CN(c1ccc(NC(=O)c2ccc(Cl)c(Cl)c2)cc1OCc1ccccc1)S(C)(=O)=O,479.39,1.0,IC50,690.0,nM,Intermediate
CHEMBL464428,CC(C)=CCc1cc(C(=O)/C=C/c2ccc(O)cc2)c(O)cc1O,324.38,0.0,IC50,40.0,ug.mL-1,Active
CHEMBL9298,N#Cc1ccc(C2CCCc3cncn32)cc1,223.28,0.0,IC50,30.0,nM,Active
CHEMBL5277776,CCC#CCOc1ccc2cc(C(O)(c3ccc(Br)cc3)c3cccnc3)oc2c1,462.34,1.0,IC50,4.9,nM,Active
CHEMBL5287750,Oc1ccc(/C=C/c2cc(O)cc(OCc3ccccc3)c2)cc1,318.37,0.0,IC50,2700.0,nM,Inactive
CHEMBL2058266,C[C@]12CC[C@H]3[C@@H](CC[C@@]45O[C@@H]4CCC[C@]35C)[C@@H]1CCC2=O,288.43,0.0,IC50,8500.0,nM,Inactive
CHEMBL197576,COc1ccc2cc(-c3cccnc3)ccc2c1Cl,269.73,0.0,IC50,1805.0,nM,Inactive
CHEMBL179144,Fc1ccc2c(c1)CC/C2=C/c1ccncc1,225.27,0.0,IC50,800.0,nM,Intermediate
CHEMBL53068,C1=C(Cn2ccnc2)c2cccnc2CC1,211.27,0.0,IC50,1500.0,nM,Inactive
CHEMBL274318,O=C1CC(c2ccccc2)Oc2ccccc21,224.26,0.0,IC50,28000.0,nM,Inactive
CHEMBL522733,COc1ccc(C(c2cc3c(cc2O)OCO3)n2ccnc2)cc1,324.34,0.0,IC50,55.0,nM,Active
CHEMBL427247,O=c1cc(Cn2ccnc2)c2ccccc2o1,226.24,0.0,IC50,2100.0,nM,Inactive
CHEMBL189472,COc1ccc(-c2c(-n3ccnc3)oc3cc(OC)ccc3c2=O)cc1,348.36,0.0,IC50,2000.0,nM,Inactive
CHEMBL9298,N#Cc1ccc(C2CCCc3cncn32)cc1,223.28,0.0,IC50,200.0,nM,Intermediate
CHEMBL2430511,O=[N+]([O-])c1ccc(OCc2cn(-c3ccc(S(=O)(=O)NCCc4ccccc4)cc3)nn2)cc1,479.52,0.0,IC50,2900.0,nM,Inactive
CHEMBL2430512,Cc1ccccc1OCc1cn(-c2ccc(S(=O)(=O)NCCc3ccccc3)cc2)nn1,448.55,0.0,IC50,3400.0,nM,Inactive
CHEMBL3264682,COC(=O)c1ccccc1OCc1cn(-c2ccc(S(=O)(=O)N3CCc4cc(OC)c(OC)cc4C3)cc2)nn1,564.62,1.0,IC50,12500.0,nM,Inactive
CHEMBL4224728,COc1ccccc1-c1csc(-c2ncccn2)n1,269.33,0.0,IC50,1181.36,nM,Inactive
CHEMBL4228819,c1cnc(-c2nc(-c3cc4ccccc4o3)cs2)nc1,279.32,0.0,IC50,3345.23,nM,Inactive
CHEMBL3942918,CC/C(=C(/c1ccc(O)cc1)c1ccc(OCC(N)=O)cc1)c1ccccc1,373.45,0.0,IC50,9257.0,nM,Inactive
CHEMBL4098297,Cc1nn(-c2cncc([C@](C)(O)C(F)(F)F)c2)c2ccccc12,321.3,0.0,IC50,6300.0,nM,Inactive
CHEMBL3800417,C[C@]12CC[C@H]3[C@@H](CC[C@]45O[C@H]4CCC[C@]35C)[C@@H]1CCC2=O,288.43,0.0,IC50,530.0,nM,Intermediate
CHEMBL4159550,COc1ccc(S(=O)(=O)NCCc2c(C3(c4[nH]c5ccccc5c4CCNS(=O)(=O)c4ccc(OC)cc4)C(=O)Nc4ccccc43)[nH]c3ccccc23)cc1,789.94,2.0,IC50,2800.0,nM,Inactive
CHEMBL2420682,COc1cncc(-c2ccc3ccc(O)cc3c2Cl)c1,285.73,0.0,IC50,2000.0,nM,Inactive
CHEMBL101743,CCC1CCC(OC(=O)Cc2ccncc2)CC1,247.34,0.0,IC50,120.0,nM,Intermediate
CHEMBL361872,COc1ccc(-c2c(SCc3ccccc3)oc3cc(OCc4ccccc4)ccc3c2=O)cc1,480.59,1.0,IC50,100000.0,nM,Inactive
CHEMBL2386285,CC/C(=C(/c1ccc(O)cc1)c1ccc(OCCN)cc1)c1ccccc1,359.47,1.0,IC50,76.8,nM,Active
CHEMBL3805211,O=S(=O)(c1ccc2c(c1)OCCO2)N1CCCC(Cn2ccnc2)C1,363.44,0.0,IC50,13.0,nM,Active
CHEMBL3806185,Cc1cc(F)ccc1S(=O)(=O)N1CCCC(Cn2ccnc2)C1,337.42,0.0,IC50,48.0,nM,Active
CHEMBL3806075,COc1c(C)cc(S(=O)(=O)N2CCCC(Cn3ccnc3)C2)cc1C,363.48,0.0,IC50,21.0,nM,Active
CHEMBL3805820,COc1ccc(S(=O)(=O)N2CCCC(Cn3ccnc3)C2)c(C)c1C,363.48,0.0,IC50,59.0,nM,Active
CHEMBL1444,N#Cc1ccc(C(c2ccc(C#N)cc2)n2cncn2)cc1,285.31,0.0,IC50,4.0,nM,Active
CHEMBL2011182,COc1cccc(C2COc3ccccc3C2=O)c1,254.28,0.0,IC50,99000.0,nM,Inactive
CHEMBL3747562,CCS(=O)(=O)NCc1cncc(-c2c(C#N)c3ccc(Cl)cc3n2C)c1,388.88,0.0,IC50,3400.0,nM,Inactive
CHEMBL3359957,COc1ccc(COc2ccc3c(Cn4ccnc4)cc(=O)oc3c2)cc1OC,392.41,0.0,IC50,445.0,nM,Intermediate
CHEMBL3099683,N#Cc1ccc([C@H]2CCCCc3cncn32)c(F)c1,255.3,0.0,IC50,1100.0,nM,Inactive
CHEMBL3221175,Cc1cc(O)cc2c1Oc1cc(O)cc(C)c1C(=O)O2,272.26,0.0,IC50,5300.0,nM,Inactive
CHEMBL193606,C(=C1\CCCc2ccccc21)\c1cccnc1,221.3,0.0,IC50,6580.0,nM,Inactive
CHEMBL193997,Fc1ccc2c(c1)CC/C2=C\c1cccnc1,225.27,0.0,IC50,2540.0,nM,Inactive
CHEMBL176076,Fc1cccc2c1CC/C2=C/c1cccnc1,225.27,0.0,IC50,180.0,nM,Intermediate
CHEMBL360026,C(=C1\CCCc2ccccc21)\c1ccncc1,221.3,0.0,IC50,650.0,nM,Intermediate
CHEMBL373074,CC1C/C(=C/c2cccnc2)c2ccccc21,221.3,0.0,IC50,2800.0,nM,Inactive
CHEMBL3407538,C=C1C[C@H]2[C@@H]3CC[C@H](O)[C@@]3(C)CC[C@@H]2[C@@]2(C)C=CC(=O)C=C12,298.43,0.0,IC50,100.0,nM,Intermediate
CHEMBL5278675,C[C@]12CC[C@H]3[C@@H](CC(=O)C4=CCCC[C@@]43CO)[C@@H]1CCC2=O,302.41,0.0,IC50,5794.29,nM,Inactive
CHEMBL3754305,C[C@]12CC[C@@H]3c4cc(F)c(O)cc4CC[C@H]3[C@@H]1CCC2=O,288.36,0.0,IC50,11587.77,nM,Inactive
CHEMBL5266109,C[C@]12CC[C@H]3[C@@H](CCC4=CC(=O)CC[C@@]43CCCl)[C@@H]1CCC2=O,334.89,0.0,IC50,7998.34,nM,Inactive
CHEMBL3753034,C[C@@H]1C[C@@H]2[C@H](CC[C@]3(C)[C@@H](O)CC[C@@H]23)c2ccc(O)cc21,286.42,0.0,IC50,60953.69,nM,Inactive
CHEMBL1444,N#Cc1ccc(C(c2ccc(C#N)cc2)n2cncn2)cc1,285.31,0.0,IC50,16.53,nM,Active
CHEMBL2336854,Cc1ccc(-n2c(Cn3ccnc3)cc3ccc(Cl)cc32)cc1,321.81,0.0,IC50,235.33,nM,Intermediate
CHEMBL220885,CS(=O)(=O)Nc1ccc([N+](=O)[O-])cc1OCc1cccc2ccccc12,372.4,0.0,IC50,5740.0,nM,Inactive
CHEMBL374535,CN(c1ccc([N+](=O)[O-])cc1OCc1ccc2ccccc2c1)S(C)(=O)=O,386.43,0.0,IC50,2680.0,nM,Inactive
CHEMBL204184,CCCOc1cc([N+](=O)[O-])ccc1NS(C)(=O)=O,274.3,0.0,IC50,2510.0,nM,Inactive
CHEMBL104047,O=C(Cc1ccncc1)OC12CC3CC(CC(C3)C1)C2,271.36,0.0,IC50,89.0,nM,Active
CHEMBL312960,CCCCCN1C(=O)CC[C@](CC)(c2ccncc2)C1=O,288.39,0.0,IC50,21000.0,nM,Inactive
CHEMBL5267423,C[C@]12CCC(=O)C[C@@H]1CC[C@@H]1[C@@H]2CC[C@]2(C)C3=NN[C@H](c4ccccc4)[C@H]3C[C@@H]12,390.57,1.0,IC50,5236.0,nM,Inactive
CHEMBL3752166,CN1N=C2[C@H](C[C@H]3[C@@H]4CCC5=CC(=O)C=C[C@]5(C)[C@H]4CC[C@]23C)[C@H]1c1ccccc1,400.57,1.0,IC50,2449.06,nM,Inactive
CHEMBL5276018,C/C=C1\CC[C@@]2(C)[C@@H](CC[C@@H]3[C@@H]2CC[C@]2(C)C4=NN(C)[C@H](c5ccccc5)[C@H]4C[C@@H]32)C1,416.65,1.0,IC50,3507.52,nM,Inactive
CHEMBL4070331,CCN(CC)c1ccc2cc(-c3cc4ccc(N(CC)CC)cc4oc3=O)c(=O)oc2c1,432.52,1.0,IC50,28.7,nM,Active
CHEMBL1650709,O=c1ccc2ccc(-c3ccccc3)cc2o1,222.24,0.0,IC50,10000.0,nM,Inactive
CHEMBL2165321,CN1C(=O)CCc2cc(-c3cccnc3)c(OCc3ccccc3)cc21,344.41,0.0,IC50,11.0,nM,Active
CHEMBL2165317,CCOc1cc2c(cc1-c1cccnc1)CCC(=O)N2C,282.34,0.0,IC50,48.0,nM,Active
CHEMBL2165315,COc1cc2c(cc1-c1cccnc1)CCC(=O)N2C,268.32,0.0,IC50,49.0,nM,Active
CHEMBL1688908,CC(=O)c1ccc(Oc2ccc3c(Cn4ccnc4)cc(=O)oc3c2)cc1,360.37,0.0,IC50,296.0,nM,Intermediate
CHEMBL1688916,O=c1cc(C(c2ccccc2)n2ccnc2)c2ccc(Oc3ccc(F)c(F)c3)cc2o1,430.41,1.0,IC50,317.0,nM,Intermediate
CHEMBL2430196,Oc1ccc(O)c(-c2cn3ccsc3n2)c1,232.26,0.0,IC50,2600.0,nM,Inactive
CHEMBL4172955,O=[N+]([O-])c1ccc(S(=O)(=O)NCCc2c(C(c3ccccc3)c3[nH]c4ccccc4c3CCNS(=O)(=O)c3ccc([N+](=O)[O-])cc3)[nH]c3ccccc23)cc1,778.87,2.0,IC50,11200.0,nM,Inactive
CHEMBL4174326,O=S(=O)(NCCc1c(C(c2ccc(C(F)(F)F)cc2)c2[nH]c3ccccc3c2CCNS(=O)(=O)c2ccc(C(F)(F)F)cc2)[nH]c2ccccc12)c1ccc(C(F)(F)F)cc1,892.87,2.0,IC50,2300.0,nM,Inactive
CHEMBL4162572,O=[N+]([O-])c1cccc(S(=O)(=O)NCCc2c(C(c3ccc(O)cc3)c3[nH]c4ccccc4c3CCNS(=O)(=O)c3cccc([N+](=O)[O-])c3)[nH]c3ccccc23)c1,794.87,2.0,IC50,2300.0,nM,Inactive
CHEMBL5269555,C[C@]12CC[C@@H]3C4CCC(=O)C=C4C(=O)C[C@H]3[C@@H]1CCC2=O,286.37,0.0,IC50,11994.99,nM,Inactive
CHEMBL5276919,COc1ccc([C@@H]2[C@H]3C[C@H]4[C@@H]5CC[C@H]6C[C@@H](OC(=O)C(F)(F)F)CC[C@]6(C)[C@H]5CC[C@]4(C)C3=NN2C(C)=O)cc1,560.66,2.0,IC50,6456.54,nM,Inactive
CHEMBL5269083,CCC(=O)N1N=C2[C@H](C[C@H]3[C@@H]4CC[C@H]5C[C@@H](OC(=O)C(F)(F)F)CC[C@]5(C)[C@H]4CC[C@]23C)[C@H]1c1ccc(OC)cc1,574.68,2.0,IC50,6606.93,nM,Inactive
CHEMBL5283268,C[C@]12CC[C@H](O)C[C@@H]1CC[C@@H]1[C@@H]2CC[C@]2(C)C3=NN[C@H](c4ccccc4)[C@H]3C[C@@H]12,392.59,1.0,IC50,6902.4,nM,Inactive
CHEMBL5287331,COc1ccc([C@@H]2[C@H]3C[C@H]4[C@@H]5CC[C@H]6CC(=O)CC[C@]6(C)[C@H]5CC[C@]4(C)C3=NN2C(C)=O)cc1,462.63,1.0,IC50,4886.52,nM,Inactive
CHEMBL5270376,CC(=O)N1N=C2[C@H](C[C@H]3[C@@H]4CCC5=CC(=O)C=C[C@]5(C)[C@H]4CC[C@]23C)[C@H]1c1ccccc1,428.58,1.0,IC50,2877.4,nM,Inactive
CHEMBL5281823,CN1N=C2[C@H](C[C@H]3[C@@H]4CC[C@H]5C[C@@H](OC(=O)C(F)(F)F)CC[C@]5(C)[C@H]4CC[C@]23C)[C@H]1c1ccccc1,502.62,2.0,IC50,5807.64,nM,Inactive
CHEMBL5269756,COc1ccc([C@@H]2[C@H]3C[C@H]4[C@@H]5CC[C@H]6C[C@@H](OC(=O)C(F)(F)F)CC[C@]6(C)[C@H]5CC[C@]4(C)C3=NN2C)cc1,532.65,2.0,IC50,5780.96,nM,Inactive
CHEMBL5289628,COc1ccc([C@@H]2[C@H]3C[C@H]4[C@@H]5CC[C@H]6C[C@@H](O)CC[C@]6(C)[C@H]5CC[C@]4(C)C3=NN2C)cc1,436.64,1.0,IC50,6123.5,nM,Inactive
CHEMBL5288725,C[C@]12CCC(=O)C[C@@H]1CC[C@@H]1[C@@H]2CC[C@]2(C)C3=NN(c4ccccc4)[C@H](c4ccccc4)[C@H]3C[C@@H]12,466.67,1.0,IC50,4265.8,nM,Inactive
CHEMBL3754378,COc1ccc([C@@H]2[C@H]3C[C@H]4[C@@H]5CCC6=CC(=O)C=C[C@]6(C)[C@H]5CC[C@]4(C)C3=NN2c2ccccc2)cc1,492.66,1.0,IC50,1819.7,nM,Inactive
CHEMBL5279864,C[C@]12C=CC(=O)C=C1CC[C@@H]1[C@@H]2CC[C@]2(C)C(=O)C(Br)C[C@@H]12,363.3,0.0,IC50,13212.96,nM,Inactive
CHEMBL3623213,C[C@]12CCC(=O)C=C1CC[C@@H]1[C@@H]2CC[C@]2(C)C(=O)[C@@H](n3ccnc3)C[C@@H]12,352.48,0.0,IC50,179.89,nM,Intermediate
CHEMBL5274501,CCCCCC[C@@H]1C[C@@]2(C)C(=CC1=O)CC[C@@H]1[C@@H]2CC[C@]2(C)C(=O)CC[C@@H]12,370.58,1.0,IC50,10399.2,nM,Inactive
CHEMBL5285990,CCCC1=C[C@@]2(C)C(=CC1=O)CC[C@@H]1[C@@H]2CC[C@]2(C)C(=O)CC[C@@H]12,326.48,1.0,IC50,1749.85,nM,Inactive
CHEMBL3753272,COC1=C[C@@]2(C)C(=CC1=O)CC[C@@H]1[C@@H]2CC[C@]2(C)C(=O)CC[C@@H]12,314.43,0.0,IC50,1099.01,nM,Inactive
CHEMBL5281599,CCOC1=C[C@@]2(C)C(=CC1=O)CC[C@@H]1[C@@H]2CC[C@]2(C)C(=O)CC[C@@H]12,328.45,0.0,IC50,17619.76,nM,Inactive
CHEMBL476143,Clc1ccc(CN(Cc2ccccc2)n2ccnc2)s1,303.82,0.0,IC50,1060.0,nM,Inactive
CHEMBL491824,Fc1ccc(CN(Cc2ccc(-c3ccccc3)cc2)n2ccnc2)c(F)c1,375.42,1.0,IC50,350.0,nM,Intermediate
CHEMBL491215,COc1ccc(CN(Cc2ccc(-c3ccccc3)cc2)n2ccnc2)cc1,369.47,0.0,IC50,1530.0,nM,Inactive
CHEMBL4173941,COc1ccc(S(=O)(=O)NCCc2c(C(c3ccc(O)cc3)c3[nH]c4ccccc4c3CCNS(=O)(=O)c3ccc(OC)cc3)[nH]c3ccccc23)cc1,764.93,2.0,IC50,700.0,nM,Intermediate
CHEMBL349822,N#Cc1ccc(Cn2ccnc2)cc1,183.21,0.0,IC50,1200.0,nM,Inactive
CHEMBL165,Oc1ccc(/C=C/c2cc(O)cc(O)c2)cc1,228.25,0.0,IC50,25000.0,nM,Inactive
CHEMBL4227458,c1cnc(-c2nc(-c3ccncc3)cs2)nc1,240.29,0.0,IC50,935.46,nM,Intermediate
CHEMBL4225998,c1cnc(-c2nc(-c3cc4ccccc4s3)cs2)nc1,295.39,0.0,IC50,1804.56,nM,Inactive
CHEMBL442262,COc1ccc2c(c1)C/C(=C\c1ccncc1)C2=O,251.28,0.0,IC50,4786.3,nM,Inactive
CHEMBL26651,CCCCCN1C(=O)C2CC2(c2ccc(N)cc2)C1=O,272.35,0.0,IC50,23.0,nM,Active
CHEMBL3421764,Nc1ccc(-c2cccnc2)c(OCc2ccccc2)c1,276.34,0.0,IC50,447.0,nM,Intermediate
CHEMBL205503,CCC1=C(c2cccnc2)CCc2ccccc21,235.33,0.0,IC50,1507.0,nM,Inactive
CHEMBL5269707,C[C@]12C=CC(=O)C=C1C(Cc1ccccc1)=C[C@@H]1[C@@H]2CC[C@]2(C)C(=O)CC[C@@H]12,372.51,1.0,IC50,92.9,nM,Active
CHEMBL3754719,CC[C@]12CCC(=O)C=C1CC[C@@H]1[C@@H]2CC[C@]2(C)C(=O)CC[C@@H]12,300.44,0.0,IC50,299.92,nM,Intermediate
CHEMBL3754222,CC1(C)C[C@@]2(C)C(=CC1=O)C(=O)C[C@@H]1[C@@H]2CC[C@]2(C)C(=O)CC[C@@H]12,328.45,0.0,IC50,299.92,nM,Intermediate
CHEMBL3754729,CC(=O)O[C@@H]1C[C@@H]2[C@H](CC[C@]3(C)C(=O)CC[C@@H]23)[C@@]2(C)CCCC=C12,330.47,0.0,IC50,119.95,nM,Intermediate
CHEMBL5290922,CO[C@H]1C[C@@H]2[C@H](CC[C@]3(C)[C@@H](O)CC[C@@H]23)c2ccc(O)cc21,302.41,0.0,IC50,99083.19,nM,Inactive
CHEMBL5271982,C[C@]12CC[C@H]3[C@@H](CCC4=CCCC[C@@]43CO)[C@@H]1CCC2O,290.45,0.0,IC50,2301.44,nM,Inactive
CHEMBL5277286,C[C@]12C=C(Cc3ccccc3)C(=O)C=C1CC[C@@H]1[C@@H]2CC[C@]2(C)C(=O)CC[C@@H]12,374.52,1.0,IC50,86496.79,nM,Inactive
CHEMBL5279628,C[C@]12CCC(=O)C=C1[C@@H](c1ccccc1)C[C@@H]1[C@@H]2CC[C@]2(C)C(=O)CC[C@@H]12,362.51,1.0,IC50,1099.01,nM,Inactive
CHEMBL5268515,C[C@]12CC[C@H]3[C@@H](CCC4=C(O)C(=O)CC[C@@]43C(F)F)[C@@H]1CCC2=O,338.39,0.0,IC50,2500.35,nM,Inactive
CHEMBL1630278,CCC[C@H]1CCC[C@@]2(C)C1=CC[C@@H]1[C@@H]2CC[C@]2(C)C(=O)CC[C@@H]12,314.51,1.0,IC50,5495.41,nM,Inactive
CHEMBL5290853,CCCCCC[C@H]1C[C@@H]2[C@H](CC[C@]3(C)C(=O)CC[C@@H]23)[C@@]2(C)CCCC=C12,356.59,1.0,IC50,8994.98,nM,Inactive
CHEMBL3754711,C[C@@H]1C[C@@H]2[C@H](CC[C@]3(C)C(=O)CC[C@@H]23)[C@@]2(C)CCCC=C12,286.46,1.0,IC50,48.98,nM,Active
CHEMBL189472,COc1ccc(-c2c(-n3ccnc3)oc3cc(OC)ccc3c2=O)cc1,348.36,0.0,IC50,2000.0,nM,Inactive
CHEMBL185819,COc1ccc2c(=O)c(-c3ccccc3)c(SCc3cccnc3)oc2c1,375.45,1.0,IC50,9200.0,nM,Inactive
CHEMBL495567,COc1ccc2nc3cc(Cl)ccc3c(Nc3cccnc3)c2c1,335.79,1.0,IC50,76.0,nM,Active
CHEMBL495777,COc1ccc2c(Cc3cccc([N+](=O)[O-])c3)cncc2c1O,310.31,0.0,IC50,1400.0,nM,Inactive
CHEMBL497614,COc1ccc(/C(=N/Nc2cnnc(Cl)c2Cl)c2ccccc2)cc1,373.24,0.0,IC50,5600.0,nM,Inactive
CHEMBL53068,C1=C(Cn2ccnc2)c2cccnc2CC1,211.27,0.0,IC50,170.0,nM,Intermediate
CHEMBL161230,N#Cc1ccc(Cn2ccnc2)c2occc(=O)c12,251.25,0.0,IC50,240.0,nM,Intermediate
CHEMBL54803,c1cc(CCn2ccnc2)c2cccnc2c1,223.28,0.0,IC50,350.0,nM,Intermediate
CHEMBL186079,COc1ccc(-c2c(SCc3ccncc3)oc3cc(OCc4ccccc4)ccc3c2=O)cc1,481.57,1.0,IC50,530.0,nM,Intermediate
CHEMBL377626,COc1ccc2c(=O)c(Cn3ccnc3)c(-c3ccc(C#N)cc3)oc2c1,357.37,0.0,IC50,1800.0,nM,Inactive
CHEMBL184051,COc1ccc2c(=O)c(-c3ccc(C)cc3)c(SCc3ccncc3)oc2c1,389.48,1.0,IC50,3000.0,nM,Inactive
CHEMBL299066,c1cc2cc(-n3ccnc3)ccc2cn1,195.22,0.0,IC50,3060.0,nM,Inactive
CHEMBL376371,c1ccc(C2(n3cncn3)c3ccccc3-c3ccccc32)cc1,309.37,0.0,IC50,4000.0,nM,Inactive
CHEMBL190099,COc1ccc2c(=O)c(-c3ccccc3)c(-n3cncn3)oc2c1,319.32,0.0,IC50,18000.0,nM,Inactive
CHEMBL3752689,COc1cc(/C=C2\C[C@H]3[C@@H]4CCC5=CC(=O)CC[C@]5(C)[C@H]4CC[C@]3(C)C2=O)ccc1OCCCn1ccnc1,528.69,2.0,IC50,4400.0,nM,Inactive
CHEMBL5423781,CCN(c1ccccc1)S(=O)(=O)C1CC2OC1C(c1ccc(-n3cncn3)cc1)=C2c1ccc(O)cc1,514.61,1.0,IC50,543.62,nM,Intermediate
CHEMBL1629802,C[C@]12CC[C@H]3O[C@H]3[C@@H]1CC[C@@H]1[C@@H]2CC[C@]2(C)C(=O)CC[C@@H]12,288.43,0.0,IC50,145.0,nM,Intermediate
CHEMBL1939530,Fc1ccccc1-c1nsc(-c2ccccc2F)n1,274.3,0.0,IC50,50000.0,nM,Inactive
CHEMBL165,Oc1ccc(/C=C/c2cc(O)cc(O)c2)cc1,228.25,0.0,IC50,25400.0,nM,Inactive
CHEMBL5568367,Cc1ncsc1-c1ccc([C@H](C)NC(=O)[C@@H]2C[C@@H](O)CN2C(=O)[C@@H](NC(=O)CCCCCCCCCCOc2ccc(N(CC(F)(F)F)S(=O)(=O)C3CC4OC3C(c3ccc(-n5ccnc5)cc3)=C4c3ccc(O)cc3)cc2)C(C)(C)C)cc1,1194.45,,IC50,100000.0,nM,Inactive
CHEMBL2011183,COc1ccc(C2COc3ccccc3C2=O)cc1,254.28,0.0,IC50,24000.0,nM,Inactive
CHEMBL2282047,C[C@]12CCC(=O)C=C1CC[C@@H]1[C@@H]2CC[C@]2(C)C(=O)/C(=C/c3ccc(OCCCn4ccnc4)cc3)C[C@@H]12,498.67,1.0,IC50,11900.0,nM,Inactive
CHEMBL1077603,C[C@]12CC[C@H](O)C=C1CC[C@@H]1[C@@H]2CC[C@]2(C)C(=O)CC[C@@H]12,288.43,0.0,IC50,183.0,nM,Intermediate
CHEMBL2312956,COc1cccc(C(c2ccncc2)c2cc3c4c(c2)CCN4C(=O)CC3)c1,370.45,0.0,IC50,59.0,nM,Active
CHEMBL2386284,CC/C(=C(\c1ccc(O)cc1)c1ccc(OCCN)cc1)c1ccccc1,359.47,1.0,IC50,30.0,nM,Active
CHEMBL3623223,C=CC[C@@H]1CC2=CC(=O)C=C[C@]2(C)[C@H]2CC[C@]3(C)C(=O)CC[C@H]3[C@H]12,324.46,0.0,IC50,470.0,nM,Intermediate
CHEMBL3818728,C=CC[C@@H]1CC2=CC(=O)CC[C@]2(C)[C@H]2CC[C@]3(C)C(=O)CC[C@H]3[C@H]12,326.48,0.0,IC50,590.0,nM,Intermediate
CHEMBL1399,CC(C)(C#N)c1cc(Cn2cncn2)cc(C(C)(C)C#N)c1,293.37,0.0,IC50,3.6,nM,Active
CHEMBL1630273,C[C@]12CC[C@H]3[C@@H](CC=C4[C@H](O)CCC[C@@]43CO)[C@@H]1CCC2=O,304.43,0.0,IC50,6800.0,nM,Inactive
CHEMBL1200374,C=C1C[C@@H]2[C@H](CC[C@]3(C)C(=O)CC[C@@H]23)[C@@]2(C)C=CC(=O)C=C12,296.41,0.0,IC50,50.1,nM,Active
CHEMBL3827037,COc1cc(C2CC(=O)Oc3cc4c(cc32)OCO4)cc(OC)c1OC(C)=O,386.36,0.0,IC50,12100.0,nM,Inactive
CHEMBL78322,O=c1c2ccccc2oc2c(Br)ccc(Cn3ccnc3)c12,355.19,0.0,IC50,940.0,nM,Intermediate
CHEMBL2312959,O=C1CCc2cc(C(c3ccncc3)c3ccc(F)cc3)cc3c2N1CC3,358.42,0.0,IC50,116.0,nM,Intermediate
CHEMBL9298,N#Cc1ccc(C2CCCc3cncn32)cc1,223.28,0.0,IC50,41.0,nM,Active
CHEMBL254328,C[C@]12CC[C@H](O)CC1=CC[C@@H]1[C@@H]2CC[C@]2(C)C(c3cccnc3)=CC[C@@H]12,349.52,1.0,IC50,5000.0,nM,Inactive
CHEMBL9352,O=C1C[C@@H](c2ccc(O)cc2)Oc2cc(O)cc(O)c21,272.26,0.0,IC50,230.0,nM,Intermediate
CHEMBL1630911,C[C@]12CC[C@H]3[C@@H](CC=C4CCCC[C@@]43CO)[C@@H]1CCC2=O,288.43,0.0,IC50,6900.0,nM,Inactive
CHEMBL1424243,Clc1ccc2[nH]c(-c3ccccc3)cc2c1,227.69,0.0,IC50,22810.0,nM,Inactive
CHEMBL4063099,CCN(CC)c1ccc2cc(-c3nc(-c4ccccc4)cs3)c(=O)oc2c1,376.48,1.0,IC50,10000.0,nM,Inactive
CHEMBL444844,CCC[C@]1(c2ccncc2)CCC(=O)NC1=O,232.28,0.0,IC50,6000.0,nM,Inactive
CHEMBL366773,Brc1ccc2c(c1)CC/C2=C\c1ccncc1,286.17,0.0,IC50,36000.0,nM,Inactive
CHEMBL359817,Fc1ccc2c(c1)CC/C2=C\c1c[nH]cn1,214.24,0.0,IC50,218.0,nM,Intermediate
CHEMBL284934,O=C1/C(=C/c2ccncc2)Cc2c(O)cccc21,237.26,0.0,IC50,22000.0,nM,Inactive
CHEMBL90585,O=C1/C(=C/c2ccncc2)CCc2ccccc21,235.29,0.0,IC50,4600.0,nM,Inactive
CHEMBL289116,CCC1(c2ccncc2)CCC(=O)NC1=O,218.26,0.0,IC50,10000.0,nM,Inactive
CHEMBL3752976,C[C@]12C[C@@H](O)C(=O)C=C1CC[C@@H]1[C@@H]2CC[C@]2(C)C(=O)CC[C@@H]12,302.41,0.0,IC50,15310.87,nM,Inactive
CHEMBL3753620,C[C@]12C[C@@H](Br)C(=O)C=C1CC[C@@H]1[C@@H]2CC[C@]2(C)C(=O)CC[C@@H]12,365.31,0.0,IC50,2197.86,nM,Inactive
CHEMBL5271509,C[C@]12CC[C@@H]3C4CCC(=O)C=C4CC[C@H]3[C@@H]1CCC2=O,272.39,0.0,IC50,1199.5,nM,Inactive
CHEMBL5270644,COc1ccc([C@@H]2[C@H]3C[C@H]4[C@@H]5CC[C@H]6C[C@@H](OC(=O)C(F)(F)F)CC[C@]6(C)[C@H]5CC[C@]4(C)C3=NN2c2ccccc2)cc1,594.72,2.0,IC50,5445.03,nM,Inactive
CHEMBL5274777,C[C@]12CC[C@H](O)C[C@@H]1CC[C@@H]1[C@@H]2CC[C@]2(C)C3=NN(c4ccccc4)[C@H](c4ccccc4)[C@H]3C[C@@H]12,468.69,1.0,IC50,6011.74,nM,Inactive
CHEMBL5267929,C[C@]12CC[C@@H]3c4ccc(O)c(NC(=O)c5cccnc5)c4CC[C@H]3[C@@H]1CCC2=O,390.48,0.0,IC50,95719.41,nM,Inactive
CHEMBL5268721,CCCCC1=C[C@@]2(C)C(=CC1=O)CC[C@@H]1[C@@H]2CC[C@]2(C)C(=O)CC[C@@H]12,340.51,1.0,IC50,1840.77,nM,Inactive
CHEMBL1444,N#Cc1ccc(C(c2ccc(C#N)cc2)n2cncn2)cc1,285.31,0.0,IC50,10.0,nM,Active
CHEMBL95109,COc1ccc2c(c1)OC(c1ccccc1)CC2n1ccnc1,306.37,0.0,IC50,90.0,nM,Active
CHEMBL111868,Cn1cc(C(c2ccc(F)cc2)n2ccnc2)c2cc(Br)ccc21,384.25,0.0,IC50,78.5,nM,Active
CHEMBL404225,O=C1CC(c2ccccc2)Oc2c1ccc1ccccc21,274.32,0.0,IC50,4300.0,nM,Inactive
CHEMBL3798461,C[C@]12CC[C@H]3C[C@H]3[C@@H]1CC[C@@H]1[C@@H]2CC[C@]2(C)C(=O)CC[C@@H]12,286.46,0.0,IC50,110.0,nM,Intermediate
CHEMBL288804,CCN1CCc2cc(Cl)cc(C(c3ccc(F)cc3)n3ccnc3)c21,355.84,0.0,IC50,63.0,nM,Active
CHEMBL1097371,CC1=CC[C@@H]2[C@H]1[C@H]1OC(=O)[C@@H](C)[C@@H]1CC[C@]2(C)O,250.34,0.0,IC50,2.0,nM,Active
CHEMBL5271144,C#CCOc1ccc(C(=O)c2ccc(Cn3ccnc3)cc2)cc1,316.36,0.0,IC50,210.0,nM,Intermediate
CHEMBL4095313,CCN(CC)c1ccc2cc(-c3nc(CC(=O)OC)cs3)c(=O)oc2c1,372.45,0.0,IC50,10000.0,nM,Inactive
CHEMBL2417553,Cc1cncc(Cc2ccc(-c3ccccc3)nc2)c1,260.34,0.0,IC50,5000.0,nM,Inactive
CHEMBL2420676,Oc1ccc2ccc(-c3cccnc3)c(F)c2c1,239.25,0.0,IC50,2000.0,nM,Inactive
CHEMBL4537791,O=S(=O)(Cc1ccccc1)Nc1ccc2[nH]ccc2c1,286.36,0.0,IC50,160.0,nM,Intermediate
CHEMBL2386285,CC/C(=C(/c1ccc(O)cc1)c1ccc(OCCN)cc1)c1ccccc1,359.47,1.0,IC50,90.0,nM,Active
CHEMBL70436,CC[C@H]1CC2C3CCC(=O)C3(C)CCC2C2(C)CCCC=C12,300.49,1.0,IC50,0.11,nM,Active
CHEMBL29863,CCCCC1(c2ccc(N)cc2)CCC(=O)NC1=O,260.34,0.0,IC50,2300.0,nM,Inactive
CHEMBL351226,CSC(C[C@]12CCC(=O)C=C1CCC1C2=CC[C@]2(C)C(=O)CCC12)SC,390.61,1.0,IC50,1000.0,nM,Intermediate
CHEMBL349704,CSCC[C@]12CCC(=O)C=C1CCC1C2=CC[C@]2(C)C(=O)CCC12,344.52,0.0,IC50,12.0,nM,Active
CHEMBL166060,C[C@]12CC=C3C(CCC4=CC(=O)CC[C@@]43CCI)C1CCC2=O,424.32,0.0,IC50,10000.0,nM,Inactive
CHEMBL2058267,C[C@]12CC=CC[C@@H]1CC[C@@H]1[C@@H]2CC[C@]2(C)C(=O)CC[C@@H]12,272.43,0.0,IC50,1733.0,nM,Inactive
CHEMBL394855,O=C(/C=C/c1ccc(O)cc1O)c1ccc(O)cc1O,272.26,0.0,IC50,40.0,ug.mL-1,Active
CHEMBL463454,COc1cc(O)ccc1CCCc1ccc(O)cc1,258.32,0.0,IC50,40.0,ug.mL-1,Active
CHEMBL469444,CC(C)=CCc1cc2c(cc1O)O[C@H](c1ccc(O)cc1)CC2=O,324.38,0.0,IC50,40.0,ug.mL-1,Active
CHEMBL93666,COc1ccc2c(c1)C(=O)C(Cc1ccncc1)CC2,267.33,0.0,IC50,9600.0,nM,Inactive
CHEMBL3754259,C[C@]12C=CC(=O)C=C1C[C@@H](CCc1ccccc1)[C@@H]1[C@@H]2CC[C@]2(C)C(=O)CC[C@@H]12,388.55,1.0,IC50,16.71,nM,Active
CHEMBL3754724,C[C@]12CCC(=O)C(SCCl)=C1CC[C@@H]1[C@@H]2CC[C@]2(C)C(=O)CC[C@@H]12,366.95,1.0,IC50,939.72,nM,Intermediate
CHEMBL3754204,C[C@]12C=CC(=O)C=C1C=C(Cc1ccccc1)[C@@H]1[C@@H]2CC[C@]2(C)C(=O)CC[C@@H]12,372.51,1.0,IC50,60.95,nM,Active
CHEMBL108646,N#Cc1ccc(N(Cc2ccc(OS(N)(=O)=O)c(F)c2)n2cnnc2)cc1,388.38,0.0,IC50,12.0,nM,Active
CHEMBL2058268,C[C@]12C[C@H]3O[C@H]3C[C@@H]1CC[C@@H]1[C@@H]2CC[C@]2(C)C(=O)CC[C@@H]12,288.43,0.0,IC50,1150.0,nM,Inactive
CHEMBL2336850,COc1ccc2cc(Cn3ccnc3)n(-c3ccc(C#N)cc3)c2c1,328.38,0.0,IC50,46.92,nM,Active
CHEMBL455832,Oc1cccc(C(c2cccc(O)c2)n2cncn2)c1,267.29,0.0,IC50,2457.0,nM,Inactive
CHEMBL161530,O=c1ccoc2c(Cn3ccnc3)ccc(Br)c12,305.13,0.0,IC50,2100.0,nM,Inactive
CHEMBL5408038,O=S(=O)(Oc1ccc(Cl)cc1)C1CC2OC1C(c1ccc(-n3cncn3)cc1)=C2c1ccc(O)cc1,521.98,1.0,IC50,7.8,nM,Active
CHEMBL319160,CC(=O)N1CCN(c2ccc(OC[C@H]3CO[C@@](Cn4ccnc4)(c4ccc(Cl)cc4Cl)O3)cc2)CC1,531.44,1.0,IC50,3980.0,nM,Inactive
CHEMBL488,CCC1(c2ccc(N)cc2)CCC(=O)NC1=O,232.28,0.0,IC50,30000.0,nM,Inactive
CHEMBL328546,CCCCN1C(=O)CC[C@](CC)(c2ccncc2)C1=O,274.36,0.0,IC50,40000.0,nM,Inactive
CHEMBL3219070,O=c1c2ccccc2[nH]c2c(Cn3ccnc3)cccc12,275.31,0.0,IC50,14.4,nM,Active
CHEMBL311400,CC12CCC=CC1=CC(=O)C1C2CCC2(C)C1CC[C@@H]2O,286.42,0.0,IC50,42000.0,nM,Inactive
CHEMBL179149,C(=C1/CCc2ccccc21)\c1ccncc1,207.28,0.0,IC50,12730.0,nM,Inactive
CHEMBL2312968,O=C1CCc2cc(C(c3ccccc3)c3cccnc3)cc3c2N1CC3,340.43,0.0,IC50,2130.0,nM,Inactive
CHEMBL113647,O=C(OCc1cccnc1)C12CC3CC(CC(C3)C1)C2,271.36,0.0,IC50,8000.0,nM,Inactive
CHEMBL304305,CCC[C@H]1CC2C3CCC(=O)C3(C)CCC2C2(C)CCCC=C12,314.51,1.0,IC50,0.23,nM,Active
CHEMBL3134113,COc1c(C)c(O)c(C=O)c2c1[C@H](O)C[C@@H](c1ccccc1)O2,314.34,0.0,IC50,80.0,nM,Active
CHEMBL2208131,COc1cccc(-c2nc(-c3ccccc3)cs2)c1,267.35,0.0,IC50,50000.0,nM,Inactive
CHEMBL2420688,Oc1ccc2ccc(-c3cncc4ccccc34)c(Cl)c2c1,305.76,1.0,IC50,2000.0,nM,Inactive
CHEMBL2011172,Cc1ccc2c(c1)C(=O)C(c1ccccc1)CO2,238.29,0.0,IC50,44000.0,nM,Inactive
CHEMBL185819,COc1ccc2c(=O)c(-c3ccccc3)c(SCc3cccnc3)oc2c1,375.45,1.0,IC50,9200.0,nM,Inactive
CHEMBL3422052,CC/C(=C(/c1ccc(O)cc1)c1ccc(CCCN)cc1)c1ccc(O)cc1,373.5,1.0,IC50,491.0,nM,Intermediate
CHEMBL131921,COc1ccc(-c2coc3cc(O)cc(O)c3c2=O)cc1,284.27,0.0,IC50,34000.0,nM,Inactive
CHEMBL3421768,O=[N+]([O-])c1ccc(-c2ccncc2)c(OCc2ccccc2)c1,306.32,0.0,IC50,2425.0,nM,Inactive
CHEMBL3422046,CC/C(=C(/c1ccc(O)cc1)c1ccc(OCCO)cc1)c1ccccc1,360.45,1.0,IC50,30500.0,nM,Inactive
CHEMBL2386285,CC/C(=C(/c1ccc(O)cc1)c1ccc(OCCN)cc1)c1ccccc1,359.47,1.0,IC50,102.0,nM,Intermediate
CHEMBL1672974,N#Cc1ccc(N(Cc2ccccc2)n2cnnc2)cc1-c1ccc(OS(N)(=O)=O)cc1,446.49,0.0,IC50,0.1,nM,Active
CHEMBL370530,Fc1ccc2c(c1)CC/C2=C\c1cccc2cnccc12,275.33,0.0,IC50,720.0,nM,Intermediate
CHEMBL446083,CN1C(=O)CCc2cc(-c3cccnc3)ccc21,238.29,0.0,IC50,426.0,nM,Intermediate
CHEMBL3752998,CCCCCC(=O)O[C@H]1C[C@@H]2[C@H](CC[C@]3(C)C(=O)CC[C@@H]23)[C@@]2(C)CCC(=O)C=C12,400.56,1.0,IC50,87.9,nM,Active
CHEMBL5284663,CCCC(=O)O[C@@H]1C[C@@H]2[C@H](CC[C@]3(C)C(=O)CC[C@@H]23)[C@@]2(C)CCC(=O)C=C12,372.51,0.0,IC50,2697.74,nM,Inactive
CHEMBL2420683,COc1ccc2ccc(-c3cncc(O)c3)c(Cl)c2c1,285.73,0.0,IC50,2000.0,nM,Inactive
CHEMBL2420681,COc1cncc(-c2ccc3ccc(OC)cc3c2Cl)c1,299.76,0.0,IC50,2000.0,nM,Inactive
CHEMBL226737,N#Cc1ccc(N(Cc2ccc(OS(N)(=O)=O)c(C#N)c2)n2cnnc2)cc1,395.4,0.0,IC50,27.0,nM,Active
CHEMBL260553,CC(C)=CCc1c(O)cc2oc3cc(O)c(O)c(CC=C(C)C)c3c(=O)c2c1O,396.44,0.0,IC50,4970.0,nM,Inactive
CHEMBL479928,NS(=O)(=O)Oc1ccc(C(c2ccc(OS(N)(=O)=O)c(Br)c2)n2cncn2)cc1Br,583.24,1.0,IC50,43.0,nM,Active
CHEMBL132530,C[C@]12CCC(=O)C(O)=C1CC[C@@H]1[C@@H]2CC[C@]2(C)C(=O)CC[C@@H]12,302.41,0.0,IC50,42.0,nM,Active
CHEMBL9352,O=C1C[C@@H](c2ccc(O)cc2)Oc2cc(O)cc(O)c21,272.26,0.0,IC50,1200.0,nM,Inactive
CHEMBL90585,O=C1/C(=C/c2ccncc2)CCc2ccccc21,235.29,0.0,IC50,9300.0,nM,Inactive
CHEMBL76904,N#CC(C#N)=Cc1ccc(O)c(O)c1,186.17,0.0,IC50,70600.0,nM,Inactive
CHEMBL53343,COc1c(C)c(O)c2c(c1C)O[C@H](c1ccccc1)CC2=O,298.34,0.0,IC50,12500.0,nM,Inactive
CHEMBL2235953,O=C1/C(=C/c2cccc(OCCCn3ccnc3)c2)Cc2ccccc21,344.41,0.0,IC50,700.0,nM,Intermediate
CHEMBL454226,COc1cc2c(C)cc(=O)[nH]c2c(OC)c1OC,249.27,0.0,IC50,18470.0,nM,Inactive
CHEMBL199334,COc1ccc2cc(C(c3ccc([N+](=O)[O-])cc3)n3cncn3)oc2c1,350.33,0.0,IC50,600.0,nM,Intermediate
CHEMBL5092560,CCC(CCc1cccnc1)=C(c1ccc(O)cc1)c1ccc(O)cc1,345.44,1.0,IC50,900.0,nM,Intermediate
CHEMBL1093458,CC/C(=C(\c1ccc(O)cc1)c1ccc(OCCNC)cc1)c1ccccc1,373.5,1.0,IC50,10000.0,nM,Inactive
CHEMBL204039,Clc1ccc(C(c2ccc3[nH]ccc3c2)n2ccnc2)cc1,307.78,0.0,IC50,15.3,nM,Active
CHEMBL482693,Cc1cc(=O)[nH]c2c3c(ccc12)OCO3,203.2,0.0,IC50,98490.0,nM,Inactive
CHEMBL492763,Cc1cc(=O)n(C)c2c3c(ccc12)OCO3,217.22,0.0,IC50,1250.0,nM,Inactive
CHEMBL57513,C(\Cn1ccnc1)=C1\CCCc2sccc21,230.34,0.0,IC50,680.0,nM,Intermediate
CHEMBL53290,C1=C(CCCn2ccnc2)c2cccnc2CC1,239.32,0.0,IC50,220.0,nM,Intermediate
CHEMBL376786,O=c1c([C@H](c2ccc(Br)cc2)n2ccnc2)coc2ccccc12,381.23,0.0,IC50,290.0,nM,Intermediate
CHEMBL212168,COc1ccc2c(=O)c(Cn3ccnc3)c(-c3ccc([N+](=O)[O-])cc3)oc2c1,377.36,0.0,IC50,470.0,nM,Intermediate
CHEMBL224649,O=c1ccc2ccc(Cn3ccnc3)cc2o1,226.24,0.0,IC50,680.0,nM,Intermediate
CHEMBL225447,c1ccc2c(c1)-c1ccccc1C2n1ccnc1,232.29,0.0,IC50,2850.0,nM,Inactive
CHEMBL364326,O=c1c(-c2ccccc2)c(SCc2cccnc2)oc2cc(O)ccc12,361.42,0.0,IC50,3600.0,nM,Inactive
CHEMBL189274,COc1ccc(-c2c(-n3ccnc3)oc3cc(OCc4ccccc4)ccc3c2=O)cc1,424.46,1.0,IC50,4700.0,nM,Inactive
CHEMBL448463,COc1ccc2c(c1)CCC(CC1C=NC=N1)=C2C,254.33,0.0,IC50,17000.0,nM,Inactive
CHEMBL3753920,C=C[C@@H]1C[C@@H]2[C@H](CC[C@]3(C)C(=O)CC[C@@H]23)[C@@]2(C)CCC(=O)C=C12,312.45,0.0,IC50,319.89,nM,Intermediate
CHEMBL3132924,COc1ccccc1/C=C/c1ccc(OC)c(OC)c1,270.33,0.0,IC50,85000.0,nM,Inactive
CHEMBL3752414,C[C@@H]1C[C@@]2(C)C(=CC1=O)CC[C@@H]1[C@@H]2CC[C@]2(C)C(=O)CC[C@@H]12,300.44,0.0,IC50,690.0,nM,Intermediate
CHEMBL132530,C[C@]12CCC(=O)C(O)=C1CC[C@@H]1[C@@H]2CC[C@]2(C)C(=O)CC[C@@H]12,302.41,0.0,IC50,1200.0,nM,Inactive
CHEMBL3753352,CC1=C[C@@]2(C)C(=CC1=O)[C@@H](Br)C[C@@H]1[C@@H]2CC[C@]2(C)C(=O)CC[C@@H]12,377.32,0.0,IC50,710.0,nM,Intermediate
CHEMBL3754538,C[C@]12CCC(=O)C(c3ccc(OS(N)(=O)=O)cc3)=C1CC[C@@H]1[C@@H]2CC[C@]2(C)C(=O)CC[C@@H]12,457.59,0.0,IC50,990.0,nM,Intermediate
CHEMBL1200374,C=C1C[C@@H]2[C@H](CC[C@]3(C)C(=O)CC[C@@H]23)[C@@]2(C)C=CC(=O)C=C12,296.41,0.0,IC50,230.0,nM,Intermediate
CHEMBL488,CCC1(c2ccc(N)cc2)CCC(=O)NC1=O,232.28,0.0,IC50,37000.0,nM,Inactive
CHEMBL298720,c1cc2ccc(Cn3ccnc3)cc2cn1,209.25,0.0,IC50,5400.0,nM,Inactive
CHEMBL3422044,NCCOc1ccc(/C(=C(\Cn2cnnc2)c2ccccc2)c2ccc(O)cc2)cc1,412.49,0.0,IC50,699.0,nM,Intermediate
CHEMBL3422047,CC/C(=C(/c1ccc(O)cc1)c1ccc(OCC(=O)O)cc1)c1ccccc1,374.44,1.0,IC50,3680.0,nM,Inactive
CHEMBL512578,Oc1cc(O)cc(-c2cc3ccc(O)cc3o2)c1,242.23,0.0,IC50,40.0,ug.mL-1,Active
CHEMBL463241,CC1(C)C=Cc2c(O)cc(-c3cc4ccc(O)cc4o3)cc2O1,308.33,0.0,IC50,40.0,ug.mL-1,Active
CHEMBL464472,COc1ccc(CCCc2ccc(OC)c(O)c2)c(O)c1,288.34,0.0,IC50,40.0,ug.mL-1,Active
CHEMBL174909,CCCCN1C(=O)C2CC2(c2ccc(N)cc2)C1=O,258.32,0.0,IC50,40.0,nM,Active
CHEMBL132530,C[C@]12CCC(=O)C(O)=C1CC[C@@H]1[C@@H]2CC[C@]2(C)C(=O)CC[C@@H]12,302.41,0.0,IC50,42.0,nM,Active
CHEMBL1173067,COc1ccc(/C=C/c2ccc(N)cc2)c(OC)c1OC,285.34,0.0,IC50,3570.0,nM,Inactive
CHEMBL2442765,CCn1ccc2c3c(C(=O)O)cc(-c4ccccc4)nc3ccc21,316.36,0.0,IC50,1472.0,nM,Inactive
CHEMBL1083970,O=c1c2cccnc2oc2c(Cn3ccnc3)ccc([N+](=O)[O-])c12,322.28,0.0,IC50,101.0,nM,Intermediate
CHEMBL583076,CC1C2=CC(=O)CCC2(C)C2CCC3(C)C(=O)CCC3C12,286.42,0.0,IC50,274.0,nM,Intermediate
CHEMBL5273888,CCCC(=O)O[C@H]1C[C@@H]2[C@H](CC[C@]3(C)C(=O)CC[C@@H]23)[C@@]2(C)CCC(=O)C=C12,372.51,0.0,IC50,199.99,nM,Intermediate
CHEMBL1171680,COc1ccc(CCc2ccc(N)cc2)cc1OC,257.33,0.0,IC50,670.0,nM,Intermediate
CHEMBL86928,COc1cc(CCc2ccc(N)cc2)cc(OC)c1OC,287.36,0.0,IC50,2790.0,nM,Inactive
CHEMBL463435,COc1cc(O)cc(-c2cc3ccc(O)cc3o2)c1CC=C(C)C,324.38,1.0,IC50,40.0,ug.mL-1,Active
CHEMBL465845,COc1ccc(CCCc2ccc(O)c(OC)c2)c(OC)c1,302.37,0.0,IC50,40.0,ug.mL-1,Active
CHEMBL9352,O=C1C[C@@H](c2ccc(O)cc2)Oc2cc(O)cc(O)c21,272.26,0.0,IC50,3300.0,nM,Inactive
CHEMBL132530,C[C@]12CCC(=O)C(O)=C1CC[C@@H]1[C@@H]2CC[C@]2(C)C(=O)CC[C@@H]12,302.41,0.0,IC50,58600.0,nM,Inactive
CHEMBL1688919,O=c1oc2cc(Oc3ccccc3)ccc2cc1C(c1ccccc1)n1ccnc1,394.43,1.0,IC50,313.0,nM,Intermediate
CHEMBL272339,c1ccc(Cn2cc(COc3ccccc3)nn2)cc1,265.32,0.0,IC50,10600.0,nM,Inactive
CHEMBL9298,N#Cc1ccc(C2CCCc3cncn32)cc1,223.28,0.0,IC50,52.0,nM,Active
CHEMBL242454,O=C(c1ccccc1)c1cc(Br)ccc1Cn1ccnc1,341.21,0.0,IC50,400.0,nM,Intermediate
CHEMBL488513,CCC[C@H]1C[C@H]2OC(=O)c3c(cc(OC)c(OC)c3O)[C@H]2O1,308.33,0.0,IC50,16200.0,nM,Inactive
CHEMBL1668326,CCC[C@H]1C[C@H]2OC(=O)c3c(cc(OC)c(O)c3O)[C@H]2O1,294.3,0.0,IC50,16900.0,nM,Inactive
CHEMBL351526,C=CCSCC[C@]12CCC(=O)C=C1CCC1C2=CC[C@]2(C)C(=O)CCC12,370.56,1.0,IC50,270.0,nM,Intermediate
CHEMBL1688901,O=c1cc(Cn2ccnc2)c2ccc(OCc3ccc(F)c(F)c3)cc2o1,368.34,0.0,IC50,165.0,nM,Intermediate
CHEMBL1688909,CN(C)c1ccc(Oc2ccc3c(Cn4ccnc4)cc(=O)oc3c2)cc1,361.4,0.0,IC50,81.0,nM,Active
CHEMBL2312967,CC(c1cccnc1)c1cc2c3c(c1)CCN3C(=O)CC2,278.36,0.0,IC50,5000.0,nM,Inactive
CHEMBL2058266,C[C@]12CC[C@H]3[C@@H](CC[C@@]45O[C@@H]4CCC[C@]35C)[C@@H]1CCC2=O,288.43,0.0,IC50,970.51,nM,Intermediate
CHEMBL5287129,CC(=O)OC1[C@@H]2[C@H](CC[C@]3(C)C(=O)CC[C@@H]23)[C@@]2(C)CCC(=O)C=C2[C@@H]1N=[N+]=[N-],385.46,0.0,IC50,399.94,nM,Intermediate
CHEMBL1630264,CC(=O)OC1=C2CC[C@@H]3[C@H](CC[C@]4(C)C(=O)CC[C@@H]34)[C@@]2(C)CCC1,330.47,0.0,IC50,660.69,nM,Intermediate
CHEMBL5285921,C[C@]12CC[C@H]3[C@@H](CCC4=CC(=O)C=C[C@@]43CBr)[C@@H]1CCC2=O,363.3,0.0,IC50,1000.0,nM,Intermediate
CHEMBL3349655,C[C@]12CCC(=O)C=C1C[C@H](CCc1ccccc1)[C@@H]1[C@@H]2CC[C@]2(C)C(=O)CC[C@@H]12,390.57,1.0,IC50,40.18,nM,Active
CHEMBL5287003,C[C@]12CCC(=O)C=C1[C@H](OC(=O)CBr)C[C@@H]1[C@@H]2CC[C@]2(C)C(=O)CC[C@@H]12,423.35,0.0,IC50,44977.99,nM,Inactive
CHEMBL193496,COc1ccc2c(c1)CCC/C2=C/c1ccncc1,251.33,0.0,IC50,1010.0,nM,Inactive
CHEMBL362906,COc1ccc2c(=O)c(-c3ccccc3)c(SCc3ccccn3)oc2c1,375.45,1.0,IC50,100000.0,nM,Inactive
CHEMBL488,CCC1(c2ccc(N)cc2)CCC(=O)NC1=O,232.28,0.0,IC50,2800.0,nM,Inactive
CHEMBL187068,COc1ccc(-c2c(SCc3ccncc3)oc3cc(O)ccc3c2=O)cc1,391.45,0.0,IC50,220.0,nM,Intermediate
CHEMBL187185,Oc1ccc2c(c1)OC(c1ccccc1)CC2n1cncn1,293.33,0.0,IC50,430.0,nM,Intermediate
CHEMBL479366,N#Cc1ccc(C(c2ccc(OS(N)(=O)=O)cc2)n2cncn2)cc1,355.38,0.0,IC50,13.0,nM,Active
CHEMBL479737,NS(=O)(=O)Oc1cccc(C(c2cccc(OS(N)(=O)=O)c2)n2cncn2)c1,425.45,0.0,IC50,99.0,nM,Active
CHEMBL157101,CC(=O)N1CCN(c2ccc(OCC3COC(Cn4ccnc4)(c4ccc(Cl)cc4Cl)O3)cc2)CC1,531.44,1.0,IC50,40.0,nM,Active
CHEMBL4077246,N#Cc1ccc(COc2ccc(C#Cc3ccc(C(F)(F)C(O)(Cn4cnnn4)c4ccc(F)cc4F)nc3)cc2)cc1,584.53,1.0,IC50,100000.0,nM,Inactive
CHEMBL1172842,CC(C)=C(c1ccncc1)c1ccc(-c2ccc3cc(O)ccc3c2)cc1,351.45,1.0,IC50,48700.0,nM,Inactive
CHEMBL87477,COc1cc(/C=C/c2ccc(N)cc2)cc(OC)c1OC,285.34,0.0,IC50,900.0,nM,Intermediate
CHEMBL264401,c1ccc(-c2nsc(-c3ccccc3)n2)cc1,238.32,0.0,IC50,50000.0,nM,Inactive
CHEMBL1939521,Brc1ccc(-c2nsc(-c3ccc(Br)cc3)n2)cc1,396.11,1.0,IC50,50000.0,nM,Inactive
CHEMBL39248,CSC1=C2CCC3C(CC[C@]4(C)C(=O)CCC34)[C@@]2(C)CCC1=O,332.51,0.0,IC50,4400.0,nM,Inactive
CHEMBL157101,CC(=O)N1CCN(c2ccc(OCC3COC(Cn4ccnc4)(c4ccc(Cl)cc4Cl)O3)cc2)CC1,531.44,1.0,IC50,1600.0,nM,Inactive
CHEMBL23394,Oc1ccc2c(c1)CC(Cc1ccncc1)CC2,239.32,0.0,IC50,1300.0,nM,Inactive
CHEMBL90856,CCCCCCCCCCN1C(=O)CC[C@](CC)(c2ccncc2)C1=O,358.53,1.0,IC50,10000.0,nM,Inactive
CHEMBL102536,CC1(C)C2CCC1(C)C(OC(=O)Cc1ccncc1)C2,273.38,0.0,IC50,290.0,nM,Intermediate
CHEMBL226841,N#Cc1ccc(N(Cc2ccc(O)c(C#N)c2)n2cnnc2)cc1,316.32,0.0,IC50,24.0,nM,Active
CHEMBL132563,CC12CCC3C(Cc4n[nH]c5c4C3(C)CCC5=O)C1CCC2=O,312.41,0.0,IC50,236.0,nM,Intermediate
CHEMBL8254,CCC[C@@H]1CC2C(CCC3(C)C(=O)CCC23)C2(C)C=CC(=O)C=C12,326.48,0.0,IC50,60.0,nM,Active
CHEMBL3105526,COc1ccc2c(c1)C(=O)C(c1cccnc1)CO2,255.27,0.0,IC50,2500.0,nM,Inactive
CHEMBL39661,CCCCCCCCN1C(=O)CCC(CC)(c2ccncc2)C1=O,330.47,0.0,IC50,800.0,nM,Intermediate
CHEMBL2312961,O=C1CCc2cc(C(c3ccncc3)c3ccc(Cl)cc3)cc3c2N1CC3,374.87,0.0,IC50,55.0,nM,Active
CHEMBL440930,c1cncc(C2C3CCc4ccccc4C32)c1,221.3,0.0,IC50,13000.0,nM,Inactive
CHEMBL488,CCC1(c2ccc(N)cc2)CCC(=O)NC1=O,232.28,0.0,IC50,18500.0,nM,Inactive
CHEMBL158635,COc1ccc2c(=O)c(Cn3ccnc3)c(-c3ccccc3)oc2c1,332.36,0.0,IC50,550.0,nM,Intermediate
CHEMBL9298,N#Cc1ccc(C2CCCc3cncn32)cc1,223.28,0.0,IC50,30.0,nM,Active
CHEMBL493181,COc1cc(OC)c2[nH]c(=O)cc(C)c2c1OC,249.27,0.0,IC50,14800.0,nM,Inactive
CHEMBL492382,COc1cc2c(C)cc(=O)n(C)c2c(OC)c1OC,263.29,0.0,IC50,2720.0,nM,Inactive
CHEMBL1094149,COc1cc(C(=O)N(C)C)cc(C=O)c1C(=O)c1c(C)cccc1O,341.36,0.0,IC50,17.2,nM,Active
CHEMBL3951973,Fc1cncc(-c2nc3cc(F)c(Cl)cn3c2C2CC2)c1,305.71,0.0,IC50,2300.0,nM,Inactive
CHEMBL123494,CCCCCCCCC[C@H]1C[C@](CC)(c2ccncc2)C(=O)NC1=O,344.5,0.0,IC50,4100.0,nM,Inactive
CHEMBL3977491,CC(=C(c1ccc(O)cc1)c1ccc(O)cc1)c1ccc(N)cc1,317.39,0.0,IC50,230.0,nM,Intermediate
CHEMBL109347,O=C(NCc1cccnc1)C12CC3CC(CC(C3)C1)C2,270.38,0.0,IC50,3200.0,nM,Inactive
CHEMBL93666,COc1ccc2c(c1)C(=O)C(Cc1ccncc1)CC2,267.33,0.0,IC50,7900.0,nM,Inactive
CHEMBL166079,C[C@]12CC=C3C(CCC4=CC(=O)CC[C@@]43CCSC3CC3)C1CCC2=O,370.56,1.0,IC50,1000.0,nM,Intermediate
CHEMBL2336853,COc1ccc(-n2c(Cn3ccnc3)cc3ccc(Cl)cc32)cc1,337.81,0.0,IC50,203.34,nM,Intermediate
CHEMBL2336865,Cc1ccc2cc(Cn3ccnc3)n(-c3ccc(C#N)cc3)c2c1,312.38,0.0,IC50,27.01,nM,Active
CHEMBL5265837,C[C@]12CCC(=O)C=C1C=C(CCc1ccc([N+](=O)[O-])cc1)[C@@H]1[C@@H]2CC[C@]2(C)C(=O)CC[C@@H]12,433.55,1.0,IC50,95.06,nM,Active
CHEMBL330452,CC[C@]1(c2ccncc2)CCC(=O)NC1=O,218.26,0.0,IC50,10000.0,nM,Inactive
CHEMBL205177,N#Cc1ccc(C(c2ccc3[nH]ccc3c2)n2ccnc2)cc1,298.35,0.0,IC50,19.3,nM,Active
CHEMBL480321,N#Cc1ccc([C@@H](c2ccc(OS(N)(=O)=O)c(Br)c2)n2cncn2)cc1,434.28,0.0,IC50,14.3,nM,Active
CHEMBL1444,N#Cc1ccc(C(c2ccc(C#N)cc2)n2cncn2)cc1,285.31,0.0,IC50,0.89,nM,Active
CHEMBL307690,CC[C@@H]1CC2C3CCC(=O)C3(C)CCC2C2(C)CCCC=C12,300.49,1.0,IC50,0.32,nM,Active
CHEMBL91818,O=C1c2ccc(O)cc2CCC1Cc1ccncc1,253.3,0.0,IC50,6200.0,nM,Inactive
CHEMBL28669,CC(C)CC1(c2ccc(N)cc2)CCC(=O)NC1=O,260.34,0.0,IC50,3000.0,nM,Inactive
CHEMBL354401,CCN1C(=O)C2CC2(c2ccc(N)cc2)C1=O,230.27,0.0,IC50,2500.0,nM,Inactive
CHEMBL163413,O=C(O)c1ccc(C2CCCc3cncn32)cc1,242.28,0.0,IC50,1000.0,nM,Intermediate
CHEMBL1094426,Fc1ccc(-n2cc(Cn3ccnc3)c3ccccc32)cc1,291.33,0.0,IC50,71.8,nM,Active
CHEMBL300109,c1cnc2c(c1)C(Cn1ccnc1)CCC2,213.28,0.0,IC50,160.0,nM,Intermediate
CHEMBL1444,N#Cc1ccc(C(c2ccc(C#N)cc2)n2cncn2)cc1,285.31,0.0,IC50,11.5,nM,Active
CHEMBL300814,O=c1cc(-c2ccccc2)oc2cc(O)c(O)cc12,254.24,0.0,IC50,8.7,nM,Active
CHEMBL1094331,COc1ccc(C2=C(c3cc(OC)c(OC)c(OC)c3)COC2=O)cc1OC,386.4,0.0,IC50,13.7,nM,Active
CHEMBL1094154,O=C1OC[C@H](Cc2ccccc2)[C@H]1Cc1cccc(O)c1,282.34,0.0,IC50,6.0,nM,Active
CHEMBL2165318,O=C1CCc2cc(-c3cccnc3)c(OC3CCCC3)cc2N1,308.38,0.0,IC50,162.0,nM,Intermediate
CHEMBL2165314,COc1cc2c(cc1-c1cccnc1)CCC(=O)N2,254.29,0.0,IC50,447.0,nM,Intermediate
CHEMBL1083653,O=[N+]([O-])c1ccc(Cn2ccnc2)c(Oc2ccccc2)c1,295.3,0.0,IC50,12.0,nM,Active
CHEMBL9352,O=C1C[C@@H](c2ccc(O)cc2)Oc2cc(O)cc(O)c21,272.26,0.0,IC50,5100.0,nM,Inactive
CHEMBL3623228,COc1cc(C2CC(=O)Oc3cc4c(cc32)OCO4)cc(OC)c1O,344.32,0.0,IC50,12100.0,nM,Inactive
CHEMBL3806046,N#Cc1ccc(S(=O)(=O)N2CCCC(Cn3ccnc3)C2)cc1,330.41,0.0,IC50,36.0,nM,Active
CHEMBL291646,Clc1ccc(C(C2Cc3ccccc3O2)n2cncn2)cc1,311.77,0.0,IC50,200.0,nM,Intermediate
CHEMBL3923127,C[C@](O)(c1cncc(-c2nc3ccc(F)cn3c2C2CC2)c1)C(F)(F)F,365.33,0.0,IC50,7700.0,nM,Inactive
CHEMBL3924257,Cc1c(F)cncc1-c1nc2ccc(F)cn2c1C1CC1,285.3,0.0,IC50,420.0,nM,Intermediate
CHEMBL3916057,CC(=C(c1ccc(N)cc1)c1ccc(N)cc1)c1ccc(N)cc1,315.42,0.0,IC50,177.1,nM,Intermediate
CHEMBL3961033,CC(=C(c1ccc(N)cc1)c1ccc(NCC(N)=O)cc1)c1ccc([N+](=O)[O-])cc1,402.45,0.0,IC50,645.3,nM,Intermediate
CHEMBL3944017,CCC(=C(c1ccc(N)cc1)c1ccc(N)cc1)c1ccc(N)cc1,329.45,0.0,IC50,13.4,nM,Active
CHEMBL1444,N#Cc1ccc(C(c2ccc(C#N)cc2)n2cncn2)cc1,285.31,0.0,IC50,5.3,nM,Active
CHEMBL9165,O=C1/C(=C\c2ccncc2)C(c2ccc(Cl)cc2)Cn2cccc21,334.81,0.0,IC50,200.0,nM,Intermediate
CHEMBL3359954,CCCOc1ccc(COc2ccc3c(Cn4ccnc4)cc(=O)oc3c2)cc1,390.44,0.0,IC50,477.0,nM,Intermediate
CHEMBL1688897,O=c1cc(Cn2ccnc2)c2ccc(OCc3ccc(Cl)cc3)cc2o1,366.8,0.0,IC50,178.0,nM,Intermediate
CHEMBL3359952,COc1cccc(COc2ccc3c(Cn4ccnc4)cc(=O)oc3c2)c1,362.39,0.0,IC50,549.0,nM,Intermediate
CHEMBL243960,O=C(c1ccc(-c2ccccc2)cc1)c1ccccc1Cn1ccnc1,338.41,0.0,IC50,260.0,nM,Intermediate
CHEMBL336383,CC12CCC3C(Cc4nn(Cc5ccc([N+](=O)[O-])cc5)c5c4C3(C)CCC5=O)C1CCC2=O,447.54,0.0,IC50,658.0,nM,Intermediate
CHEMBL1689258,O=C(/C=C/c1ccc(O)c(O)c1)OC[C@H]1O[C@@H](OCCc2ccc(O)c(O)c2)[C@H](O[C@@H]2OC[C@](O)(CO)[C@H]2O)[C@@H](O)[C@@H]1O,610.57,3.0,IC50,32300.0,nM,Inactive
CHEMBL4170868,Clc1ccc(-c2[nH]c3cc4c(cc3c2Cn2cncn2)OCO4)cc1,352.78,0.0,IC50,677.4,nM,Intermediate
CHEMBL1688917,O=c1cc(C(c2ccc(Cl)cc2)n2ccnc2)c2ccc(Oc3ccccc3)cc2o1,428.88,1.0,IC50,532.0,nM,Intermediate
CHEMBL166148,C[C@]12CC=C3C(CCC4=CC(=O)CC[C@@]43CCSC(F)F)C1CCC2=O,380.5,1.0,IC50,1000.0,nM,Intermediate
CHEMBL4858552,O=C(NCc1ccccc1)OC(Cn1ccnc1)c1ccccc1,321.38,0.0,IC50,820.0,nM,Intermediate
CHEMBL2165324,O=C1CCc2cc(-c3cccnc3)cc(-c3cccnc3)c2N1,301.35,0.0,IC50,954.0,nM,Intermediate
CHEMBL172263,CC(C)N1C(=O)C2CC2(c2ccc(N)cc2)C1=O,244.29,0.0,IC50,2000.0,nM,Inactive
CHEMBL82981,C#CC(O)C12CCCC=C1CCC1C3CCC(=O)C3(C)CCC12,312.45,0.0,IC50,62000.0,nM,Inactive
CHEMBL4763409,N#CCC(=C(c1ccc(O)cc1)c1ccc(O)cc1)c1ccccc1,327.38,0.0,IC50,12800.0,nM,Inactive
CHEMBL4745681,Nc1ccc(C(Cn2cnnc2)=C(c2ccc(O)cc2)c2ccc(O)cc2)cc1,384.44,0.0,IC50,17.7,nM,Active
CHEMBL3623227,Fc1ccc2c(c1)OC(c1ccccc1)CC2n1ccnc1,294.33,0.0,IC50,41.0,nM,Active
CHEMBL1096439,COc1ccc(C2=C(c3ccc(OC)c(OC)c3)C(=O)OC2)cc1,326.35,0.0,IC50,6.9,nM,Active
CHEMBL377626,COc1ccc2c(=O)c(Cn3ccnc3)c(-c3ccc(C#N)cc3)oc2c1,357.37,0.0,IC50,1800.0,nM,Inactive
CHEMBL23365,COc1ccc2c(c1)CC(Cc1ccncc1)CC2,253.34,0.0,IC50,4300.0,nM,Inactive
CHEMBL291279,COCSC1=C2CCC3C(CC[C@]4(C)C(=O)CCC34)[C@@]2(C)CCC1=O,362.54,0.0,IC50,10000.0,nM,Inactive
CHEMBL188664,O=c1c(-c2ccccc2)c(SCc2ccncc2)oc2cc(OCc3ccccc3)ccc12,451.55,1.0,IC50,210.0,nM,Intermediate
CHEMBL288093,COc1cccc2c1C/C(=C\c1ccncc1)C2=O,251.29,0.0,IC50,23000.0,nM,Inactive
CHEMBL95919,Oc1ccc2c(c1)OC(c1ccccc1)CC2n1ccnc1,292.34,0.0,IC50,40.0,nM,Active
CHEMBL185809,COc1ccc2c(=O)c(-c3ccccc3)c(SCc3ccncc3)oc2c1,375.45,1.0,IC50,1600.0,nM,Inactive
CHEMBL336387,CC12CCC3C(CCC4=C(Sc5ccccc5)C(=O)CCC43C)C1CCC2=O,394.58,1.0,IC50,190.0,nM,Intermediate
CHEMBL488,CCC1(c2ccc(N)cc2)CCC(=O)NC1=O,232.28,0.0,IC50,18500.0,nM,Inactive
CHEMBL2163638,CC(C)C(c1cc2c3c(c1)CCN3C(=O)CC2)n1ccnc1,295.39,0.0,IC50,500.0,nM,Intermediate
CHEMBL1078534,C[C@]12C=CC(=O)C=C1CC[C@@H]1[C@@H]2CC[C@]2(C)C(=O)CC[C@@H]12,284.4,0.0,IC50,829.85,nM,Intermediate
CHEMBL5285813,C[C@]12C[C@@H](CCc3ccc(C(F)(F)F)cc3)C(=O)C=C1CC[C@@H]1[C@@H]2CC[C@]2(C)C(=O)CC[C@@H]12,458.56,1.0,IC50,46558.61,nM,Inactive
CHEMBL195653,Fc1ccc2c(c1)CC/C2=C/c1cccc2ncccc12,275.33,0.0,IC50,36000.0,nM,Inactive
CHEMBL383145,C(=C1c2ccccc2-c2ccccc21)c1ccncc1,255.32,0.0,IC50,2740.0,nM,Inactive
CHEMBL3105528,O=C1c2cc(F)ccc2OCC1c1cccnc1,243.24,0.0,IC50,800.0,nM,Intermediate
CHEMBL112908,CC(C)(OC(=O)C12CC3CC(CC(C3)C1)C2)c1ccncc1,299.41,0.0,IC50,20000.0,nM,Inactive
CHEMBL39782,CCC1(c2ccncc2)CCC(=O)N(C)C1=O,232.28,0.0,IC50,30000.0,nM,Inactive
CHEMBL91,Clc1ccc(COC(Cn2ccnc2)c2ccc(Cl)cc2Cl)c(Cl)c1,416.13,1.0,IC50,600.0,nM,Intermediate
CHEMBL1915151,C=CCOC(=O)N1Cc2[nH]c3ccccc3c2C[C@H]1C(=O)OC,314.34,0.0,IC50,44800.0,nM,Inactive
CHEMBL1093458,CC/C(=C(\c1ccc(O)cc1)c1ccc(OCCNC)cc1)c1ccccc1,373.5,1.0,IC50,6000.0,nM,Inactive
CHEMBL330452,CC[C@]1(c2ccncc2)CCC(=O)NC1=O,218.26,0.0,IC50,63000.0,nM,Inactive
CHEMBL324326,N#Cc1ccc(Cn2cc(Cn3ccnc3)c3ccccc32)cc1,312.38,0.0,IC50,50.0,nM,Active
CHEMBL1630267,C[C@]12CC[C@H]3[C@@H](C[C@@H](O)C4=CCCC[C@@]43CO)[C@@H]1CCC2=O,304.43,0.0,IC50,940.0,nM,Intermediate
CHEMBL176609,COc1ccc2c(c1)CC/C2=C\c1cccnc1,237.3,0.0,IC50,4310.0,nM,Inactive
CHEMBL176076,Fc1cccc2c1CC/C2=C/c1cccnc1,225.27,0.0,IC50,180.0,nM,Intermediate
CHEMBL287647,CCC(C)CC1(c2ccc(N)cc2)CCC(=O)NC1=O,274.36,0.0,IC50,1100.0,nM,Inactive
CHEMBL3805310,Cc1cc(S(=O)(=O)N2CCCC(Cn3ccnc3)C2)ccc1F,337.42,0.0,IC50,24.0,nM,Active
CHEMBL3805481,O=S(=O)(c1ccc(F)c(Cl)c1)N1CCCC(Cn2ccnc2)C1,357.84,0.0,IC50,14.0,nM,Active
CHEMBL3806151,O=S(=O)(c1cccc2nsnc12)N1CCCC(Cn2ccnc2)C1,363.47,0.0,IC50,54.0,nM,Active
CHEMBL3804993,COc1cc([N+](=O)[O-])ccc1S(=O)(=O)N1CCCC(Cn2ccnc2)C1,380.43,0.0,IC50,129.0,nM,Intermediate
CHEMBL2336855,Clc1ccc(-n2c(Cn3ccnc3)cc3ccc(Cl)cc32)cc1,342.23,1.0,IC50,217.43,nM,Intermediate
CHEMBL2336861,Cc1ccc2cc(Cn3ccnc3)n(-c3ccccc3)c2c1,287.37,0.0,IC50,21.39,nM,Active
CHEMBL2336857,Cc1ccc(-n2c(Cn3ccnc3)cc3ccccc32)cc1,287.37,0.0,IC50,148.93,nM,Intermediate
CHEMBL3623220,C[C@]12CC[C@@H]3c4cc(NC(=O)c5ccncc5)c(O)cc4CC[C@H]3[C@@H]1CCC2=O,390.48,0.0,IC50,31000.0,nM,Inactive
CHEMBL3359961,O=C(Cn1ccnc1)c1ccc(OCc2cccc(OC(F)(F)F)c2)cc1,376.33,0.0,IC50,5855.0,nM,Inactive
CHEMBL1688893,Cc1cccc(COc2ccc3c(Cn4ccnc4)cc(=O)oc3c2)c1,346.39,0.0,IC50,114.0,nM,Intermediate
CHEMBL3582472,Fc1cncc(-c2nc3cc(F)c(F)cc3n2C2CC2)c1,289.26,0.0,IC50,4513.0,nM,Inactive
CHEMBL2430499,COc1ccc(CCNS(=O)(=O)c2ccc(-n3cc(-c4ccccc4)nn3)cc2)cc1OC,464.55,0.0,IC50,4600.0,nM,Inactive
CHEMBL2430501,COc1ccc(CCNS(=O)(=O)c2ccc(-n3cc(COc4ccc([N+](=O)[O-])cc4)nn3)cc2)cc1OC,539.57,1.0,IC50,2700.0,nM,Inactive
CHEMBL10072,O=C1/C(=C\c2ccncc2)C(c2ccccc2)Oc2ccccc21,313.36,0.0,IC50,3300.0,nM,Inactive
CHEMBL1689259,O=C(/C=C/c1ccc(O)c(O)c1)O[C@H]1[C@H](O)[C@@H](CO)O[C@@H](OCCc2ccc(O)c(O)c2)[C@@H]1O[C@@H]1OC[C@](O)(CO)[C@H]1O,610.57,3.0,IC50,26800.0,nM,Inactive
CHEMBL1939531,Brc1cccc(-c2nsc(-c3cccc(Br)c3)n2)c1,396.11,1.0,IC50,50000.0,nM,Inactive
CHEMBL2430509,Cc1ccc(OCc2cn(-c3ccc(S(=O)(=O)NCCc4ccccc4)cc3)nn2)cc1,448.55,0.0,IC50,8000.0,nM,Inactive
CHEMBL4165988,Fc1ccc2c(Cn3cncn3)c(-c3ccc(Cl)cc3)[nH]c2c1,326.76,0.0,IC50,217.4,nM,Intermediate
CHEMBL4173231,COc1ccc2c(Cn3cncn3)c(-c3ccc(F)cc3)[nH]c2c1,322.34,0.0,IC50,237.6,nM,Intermediate
CHEMBL3264685,COc1cc2c(cc1OC)CN(S(=O)(=O)c1ccc(-n3cc(COc4cc(C=O)ccc4OC)nn3)cc1)CC2,564.62,1.0,IC50,12500.0,nM,Inactive
CHEMBL2179112,CCCCC#CCO[C@@H]1C[C@@H]2[C@H](CC[C@]3(C)C(=O)CC[C@@H]23)[C@@]2(C)C=CC(=O)C=C12,394.56,1.0,IC50,181.1,nM,Intermediate
CHEMBL165218,CCSCC[C@]12CCC(=O)C=C1CCC1C2=CC[C@]2(C)C(=O)CCC12,358.55,1.0,IC50,870.0,nM,Intermediate
CHEMBL31215,N#Cc1ccc([C@@H]2CCCc3cncn32)cc1,223.28,0.0,IC50,3.2,nM,Active
CHEMBL4207995,CC1(C)CC(=O)c2c(noc2Cc2ccccc2)C1,255.32,0.0,IC50,31622.78,nM,Inactive
CHEMBL2163641,C=C(c1cc2c3c(c1)CCN3C(=O)CC2)n1ccnc1,265.32,0.0,IC50,17.0,nM,Active
CHEMBL132530,C[C@]12CCC(=O)C(O)=C1CC[C@@H]1[C@@H]2CC[C@]2(C)C(=O)CC[C@@H]12,302.41,0.0,IC50,410.0,nM,Intermediate
CHEMBL276140,CSc1cc2c(cc1C(F)(F)F)N(C(=O)Nc1cccnc1)CC2,353.37,0.0,IC50,100000.0,nM,Inactive
CHEMBL14563,Cc1cc2c(cc1Cl)N(C(=O)Nc1ccc(Oc3cccnc3C)nc1)CC2,394.86,1.0,IC50,100000.0,nM,Inactive
CHEMBL2431525,C[C@]12CC[C@H]3[C@@H](CCC4=C(O)C(=O)CC[C@@]43C)[C@@H]1CC[C@@H]2O,304.43,0.0,IC50,47000.0,nM,Inactive
CHEMBL2442764,Cc1cc(C(=O)O)c2ccc3[nH]ccc3c2n1,226.24,0.0,IC50,6195.0,nM,Inactive
CHEMBL2442763,COc1ccc(-c2cc(C(=O)O)c3ccc4[nH]ccc4c3n2)cc1,318.33,0.0,IC50,10000.0,nM,Inactive
CHEMBL3415162,Fc1cc2c(cc1-c1cccnc1)CCc1nnc(Cc3ccccc3)n1-2,356.4,0.0,IC50,10000.0,nM,Inactive
CHEMBL3415164,Fc1cc2c(cc1-c1cccnc1)CCc1nnc(-c3ccncc3)n1-2,343.37,0.0,IC50,10000.0,nM,Inactive
CHEMBL3415171,Cc1nnc2n1-c1c(F)cc(-c3cncc(-c4ccccc4)c3)cc1CC2,356.4,0.0,IC50,10000.0,nM,Inactive
CHEMBL25700,C#C[C@@H]1CC2C3CCC(=O)C3(C)CCC2C2(C)CCC(=O)C=C12,310.44,0.0,IC50,1900.0,nM,Inactive
CHEMBL285809,N#Cc1ccc(C2(c3ccc(C#N)cc3)CCCc3cncn32)cc1,324.39,0.0,IC50,233.0,nM,Intermediate
CHEMBL81255,CC(=O)OC1CCC2C3CCC4=CCCCC4(CO)C3CCC12C,332.48,0.0,IC50,100000.0,nM,Inactive
CHEMBL1915156,COC(=O)[C@@H]1Cc2c([nH]c3ccccc23)CN1S(=O)(=O)c1ccc(C)cc1,384.46,0.0,IC50,63200.0,nM,Inactive
CHEMBL1915167,COC(=O)[C@@H]1Cc2c([nH]c3ccccc23)CN1C(=O)NC(C)C,315.37,0.0,IC50,47300.0,nM,Inactive
CHEMBL9352,O=C1C[C@@H](c2ccc(O)cc2)Oc2cc(O)cc(O)c21,272.26,0.0,IC50,230.0,nM,Intermediate
CHEMBL27546,Nc1ccc(C23CC(C2)C(=O)N(CC2CCCCC2)C3=O)cc1,312.41,0.0,IC50,97.0,nM,Active
CHEMBL598847,c1ccc(-c2cccc(Cn3cncn3)c2)cc1,235.29,0.0,IC50,210.0,nM,Intermediate
CHEMBL598224,CC(C)(C#N)c1cc(Cn2cncn2)cc(-c2ccccc2)c1,302.38,0.0,IC50,0.5,nM,Active
CHEMBL1083353,O=c1c2ccccc2sc2c(Cn3ccnc3)cccc12,292.36,0.0,IC50,3.98,nM,Active
CHEMBL1083971,O=c1c2ccccc2oc2c(Cn3ccnc3)cccc12,276.3,0.0,IC50,17.0,nM,Active
CHEMBL256665,O=C1CC(c2ccc(O)cc2)Oc2c1ccc1ccccc21,290.32,0.0,IC50,630.0,nM,Intermediate
CHEMBL1784792,COc1ccc2c(c1)OC1(CCN(C(=O)Cn3cncn3)CC1)CC2=O,356.38,0.0,IC50,5790.0,nM,Inactive
CHEMBL1784793,O=C(Cn1cncn1)NC(CCc1ccccc1)c1ccc2c(c1)OCCO2,378.43,0.0,IC50,991.0,nM,Intermediate
CHEMBL4129721,CC(=O)N1CCN(c2ccc(/C=C/c3cc(F)cc(-c4ccncc4)c3)cc2)CC1,401.49,0.0,IC50,10000.0,nM,Inactive
CHEMBL2430498,O=c1cc(OCc2cn(-c3ccc(S(=O)(=O)NCCc4ccccc4)cc3)nn2)c2ccccc2o1,502.55,1.0,IC50,1800.0,nM,Inactive
CHEMBL282525,OC(c1ccc(Cl)cc1)(c1cncnc1)C1CC1,260.72,0.0,IC50,5701.64,nM,Inactive
CHEMBL369603,Nc1ccc(C23CC2C(=O)N(Cc2ccccc2)C3=O)cc1,292.34,0.0,IC50,6998.42,nM,Inactive
CHEMBL1098737,O=C1/C(=C\c2cccnc2)C(c2ccc(Cl)cc2)Cn2cccc21,334.81,0.0,IC50,110.0,nM,Intermediate
CHEMBL244795,O=C(c1ccccc1)c1ccccc1Cn1ccnc1,262.31,0.0,IC50,560.0,nM,Intermediate
CHEMBL243756,O=C(c1ccc(-c2ccccc2)cc1)c1cc([N+](=O)[O-])ccc1Cn1ccnc1,383.41,0.0,IC50,17.7,nM,Active
CHEMBL3623213,C[C@]12CCC(=O)C=C1CC[C@@H]1[C@@H]2CC[C@]2(C)C(=O)[C@@H](n3ccnc3)C[C@@H]12,352.48,0.0,IC50,180.0,nM,Intermediate
CHEMBL2165320,O=C1CCc2cc(-c3cccnc3)c(OCc3ccccc3)cc2N1,330.39,0.0,IC50,35.0,nM,Active
CHEMBL1939523,Brc1ccccc1-c1nsc(-c2ccccc2Br)n1,396.11,1.0,IC50,50000.0,nM,Inactive
CHEMBL1939530,Fc1ccccc1-c1nsc(-c2ccccc2F)n1,274.3,0.0,IC50,50000.0,nM,Inactive
CHEMBL1939550,COc1cccc(-c2nsc(-c3cccc(OC)c3)n2)c1,298.37,0.0,IC50,50000.0,nM,Inactive
CHEMBL519436,Cn1nnc2ccc([C@@H](c3ccc(Cl)cc3)n3cncn3)cc21,324.78,0.0,IC50,1.38,nM,Active
CHEMBL1956175,N#Cc1ccc(Oc2cccnc2)cc1NCc1ccccc1,301.35,0.0,IC50,986.0,nM,Intermediate
CHEMBL1956188,N#Cc1ccc(-n2ccc3ccncc32)cc1Oc1ccccc1,311.34,0.0,IC50,114.0,nM,Intermediate
CHEMBL4437198,CC[C@H](Nc1cc(C)nc(Nc2cccc(O)c2)n1)c1nccs1,341.44,0.0,IC50,5100.0,nM,Inactive
CHEMBL164993,CSC(=O)C[C@]12CCC(=O)C=C1CCC1C2CC[C@]2(C)C(=O)CCC12,360.52,0.0,IC50,42.0,nM,Active
CHEMBL463638,COc1cc(/C=C/C(=O)OC/C(C)=C/Cc2c(O)ccc(C(=O)/C=C/c3ccc(O)cc3O)c2O)ccc1O,532.55,1.0,IC50,7100.0,nM,Inactive
CHEMBL253467,CC(C)=CCc1c(O)ccc(C(=O)/C=C/c2ccc(O)cc2)c1O,324.38,0.0,IC50,40.0,ug.mL-1,Active
CHEMBL1444,N#Cc1ccc(C(c2ccc(C#N)cc2)n2cncn2)cc1,285.31,0.0,IC50,2.8,nM,Active
CHEMBL4228753,COc1cccc(-c2csc(-c3ncccn3)n2)c1,269.33,0.0,IC50,176.82,nM,Intermediate
CHEMBL3905734,CCC(=C(c1ccc(N)cc1)c1ccc(N)cc1)c1ccc([N+](=O)[O-])cc1,359.43,1.0,IC50,62.2,nM,Active
CHEMBL3623217,C[C@]12CC[C@H]3[C@@H](CCC4=C(Sc5ccccc5)C(=O)CC[C@@]43C)[C@@H]1C[C@H](C#N)[C@@H]2O,421.61,1.0,IC50,170.0,nM,Intermediate
CHEMBL3623214,C[C@]12C=CC(=O)C=C1CC[C@@H]1[C@@H]2CC[C@]2(C)C(=O)[C@@H](n3ccnc3)C[C@@H]12,350.46,0.0,IC50,160.0,nM,Intermediate
CHEMBL3623219,CC[C@@H]1C[C@@]2(C)C(=CC1=O)CC[C@@H]1[C@@H]2CC[C@]2(C)C(=O)CC[C@@H]12,314.47,0.0,IC50,480.0,nM,Intermediate
CHEMBL3623226,Fc1ccc(C(c2cc3ccccc3o2)n2cncn2)cc1,293.3,0.0,IC50,190.0,nM,Intermediate
CHEMBL3623231,N#Cc1ccc(C(CCc2ccc(OS(N)(=O)=O)c(Br)c2)n2cncn2)cc1,462.33,0.0,IC50,0.1,nM,Active
CHEMBL5075144,CCC(=C(c1ccc(O)cc1)c1ccc(O)cc1)c1c[nH]cn1,306.37,0.0,IC50,952.0,nM,Intermediate
CHEMBL66867,COc1ccc2c(c1)C1C(CC2)C1(C)c1ccncc1,265.36,0.0,IC50,370.0,nM,Intermediate
CHEMBL419619,COc1cc2c(cc1Br)CCC1C(c3ccncc3)C21,330.23,0.0,IC50,2800.0,nM,Inactive
CHEMBL5288485,CCC(=O)O[C@@H]1C[C@@H]2[C@H](CC[C@]3(C)C(=O)CC[C@@H]23)[C@@]2(C)CCC(=O)C=C12,358.48,0.0,IC50,2197.86,nM,Inactive
CHEMBL5280059,C[C@]12CCC(=O)C=C1[C@H](OCc1ccccc1)C[C@@H]1[C@@H]2CC[C@]2(C)C(=O)CC[C@@H]12,392.54,1.0,IC50,84.92,nM,Active
CHEMBL5286289,C[C@]12C=CC(=O)C=C1C[C@H](c1ccc(N)cc1)[C@@H]1[C@@H]2CC[C@]2(C)C(=O)CC[C@@H]12,375.51,0.0,IC50,9.908,nM,Active
CHEMBL5286506,C/C=C1\CC[C@@]2(C)[C@@H](CC[C@@H]3[C@@H]2CC[C@]2(C)C4=NN(C)[C@H](c5ccc(OC)cc5)[C@H]4C[C@@H]32)C1,446.68,1.0,IC50,3396.25,nM,Inactive
CHEMBL3753169,CC1(C)C[C@@]2(C)C(=CC1=O)CC[C@@H]1[C@@H]2CC[C@]2(C)C(=O)CC[C@@H]12,314.47,0.0,IC50,88.92,nM,Active
CHEMBL3753778,C[C@]12CC[C@H]3[C@@H](/C(=N/OCCCn4ccnc4)C=C4C[C@@H](O)CC[C@@]43C)[C@@H]1CC[C@@H]2O,427.59,0.0,IC50,3100.0,nM,Inactive
CHEMBL3753104,C[C@]12CC=C3[C@@H](CCC4=CC(=O)CC[C@@]43CCSCF)[C@@H]1CCC2=O,362.51,1.0,IC50,50.0,nM,Active
CHEMBL5266995,COc1ccc([C@@H]2[C@H]3C[C@H]4[C@@H]5CC[C@H]6CC(=O)CC[C@]6(C)[C@H]5CC[C@]4(C)C3=NN2c2ccccc2)cc1,496.7,1.0,IC50,4159.11,nM,Inactive
CHEMBL5268211,CCC[C@@H]1C[C@@]2(C)C(=CC1=O)CC[C@@H]1[C@@H]2CC[C@]2(C)C(=O)CC[C@@H]12,328.5,1.0,IC50,1458.81,nM,Inactive
CHEMBL5280054,CCCCCCCC1=C[C@@]2(C)C(=CC1=O)CC[C@@H]1[C@@H]2CC[C@]2(C)C(=O)CC[C@@H]12,382.59,1.0,IC50,605.34,nM,Intermediate
CHEMBL3751945,CO[C@@H]1C[C@@]2(C)C(=CC1=O)CC[C@@H]1[C@@H]2CC[C@]2(C)C(=O)CC[C@@H]12,316.44,0.0,IC50,11803.21,nM,Inactive
CHEMBL5268776,C[C@]12CCC(=O)C(SCCl)=C1CC[C@@H]1C2=CC[C@]2(C)C(=O)CC[C@@H]12,364.94,1.0,IC50,859.01,nM,Intermediate
CHEMBL3623221,C[C@]12CC[C@@H]3c4ccc(O)c(NC(=O)c5ccncc5)c4CC[C@H]3[C@@H]1CCC2=O,390.48,0.0,IC50,28575.91,nM,Inactive
CHEMBL5273492,CCC#CCOc1ccc(C(=O)c2ccc(Cn3ccnc3)cc2)cc1,344.41,0.0,IC50,1425.0,nM,Inactive
CHEMBL5278229,COc1ccc(C(=O)c2ccc(Cn3ccnc3)cc2)cc1,292.34,0.0,IC50,237.8,nM,Intermediate
CHEMBL4167430,N#Cc1ccc(C(c2[nH]c3ccccc3c2CCNS(=O)(=O)c2ccc(Cl)cc2)c2[nH]c3ccccc3c2CCNS(=O)(=O)c2ccc(Cl)cc2)cc1,782.78,2.0,IC50,5500.0,nM,Inactive
CHEMBL4169784,O=S(=O)(NCCc1c(C(c2ccccc2O)c2[nH]c3ccccc3c2CCNS(=O)(=O)c2ccc(Cl)cc2)[nH]c2ccccc12)c1ccc(Cl)cc1,773.76,2.0,IC50,4200.0,nM,Inactive
CHEMBL3315157,CC1=C(O)C(=O)C[C@]2(C)[C@H]3CCc4cocc4[C@]3(CO)CCC12O,332.4,0.0,IC50,34400.0,nM,Inactive
CHEMBL1957209,COc1cccc(-c2nc(-c3cccnc3)ns2)c1,269.33,0.0,IC50,14900.0,nM,Inactive
CHEMBL1957210,Fc1ccc(-c2nc(-c3cccnc3)cs2)cc1,256.31,0.0,IC50,17580.0,nM,Inactive
CHEMBL1957215,Oc1ccc(-c2nc(-c3cccnc3)cs2)cc1,254.31,0.0,IC50,11210.0,nM,Inactive
CHEMBL1957220,Brc1ccc(-c2csc(-c3cccnc3)n2)cn1,318.2,0.0,IC50,7410.0,nM,Inactive
CHEMBL176452,C=CCN1C(=O)C2CC2(c2ccc(N)cc2)C1=O,242.28,0.0,IC50,699.84,nM,Intermediate
CHEMBL29863,CCCCC1(c2ccc(N)cc2)CCC(=O)NC1=O,260.34,0.0,IC50,2301.44,nM,Inactive
CHEMBL27591,CCCCCN1C(=O)C2CC(c3ccc(N)cc3)(C2)C1=O,286.38,0.0,IC50,30.97,nM,Active
CHEMBL5414198,CCn1cc(C(c2ccc(Cl)cc2)n2ccnn2)c2cc(Br)ccc21,415.72,1.0,IC50,8689.6,nM,Inactive
CHEMBL112021,Clc1ccccc1Cn1cc(Cn2ccnc2)c2ccccc21,321.81,0.0,IC50,53.95,nM,Active
CHEMBL111888,CCn1cc(C(c2ccc(F)cc2)n2ccnc2)c2cc(Br)ccc21,398.28,1.0,IC50,51.76,nM,Active
CHEMBL5436290,CCN1CCc2cc(Cl)cc(C(Cc3ccc(F)cc3)n3ccnc3)c21,369.87,0.0,IC50,62.95,nM,Active
CHEMBL5407480,CCn1ccc2cccc(C(Cc3cccc(Cl)c3)n3ccnc3)c21,349.87,1.0,IC50,169.82,nM,Intermediate
CHEMBL5393912,Clc1ccccc1Cn1cc(Cn2ccnn2)c2ccccc21,322.8,0.0,IC50,172.98,nM,Intermediate
CHEMBL5426878,Fc1ccc(CC(c2cn(Cc3ccc(F)cc3)c3ccc(Br)cc23)n2ccnn2)cc1,493.36,1.0,IC50,7095.78,nM,Inactive
CHEMBL5408823,N#Cc1ccc(CC(c2ccc3cc[nH]c3c2)n2ccnc2)cc1,312.38,0.0,IC50,11.51,nM,Active
CHEMBL5400406,N#Cc1ccc(CC(c2ccc3cc[nH]c3c2)n2ccnn2)cc1,313.36,0.0,IC50,93.76,nM,Active
CHEMBL5428001,CCn1cc(C(Cc2ccc(F)cc2)n2ccnc2)c2cc(Cl)ccc21,367.86,1.0,IC50,149.97,nM,Intermediate
CHEMBL5400347,O=C1c2ccccc2CCC1CCc1ccncc1,251.33,0.0,IC50,4698.94,nM,Inactive
CHEMBL92488,O=C1/C(=C/c2ccncc2)CCc2c(O)cccc21,251.29,0.0,IC50,690.24,nM,Intermediate
CHEMBL93666,COc1ccc2c(c1)C(=O)C(Cc1ccncc1)CC2,267.33,0.0,IC50,7906.79,nM,Inactive
CHEMBL23334,COc1cccc2c1C/C(=C/c1ccncc1)C2=O,251.29,0.0,IC50,23014.42,nM,Inactive
CHEMBL283782,COc1cccc2c1CC(Cc1ccncc1)C2=O,253.3,0.0,IC50,13995.87,nM,Inactive
CHEMBL24279,O=C1c2ccc(O)cc2CC1Cc1ccncc1,239.27,0.0,IC50,9289.66,nM,Inactive
CHEMBL24233,c1ccc2c(c1)CCC(Cc1ccncc1)C2,223.32,0.0,IC50,1199.5,nM,Inactive
CHEMBL23148,COc1cccc2c1CCC(Cc1ccncc1)C2,253.35,0.0,IC50,590.2,nM,Intermediate
CHEMBL66673,COc1cccc2c1CCC1C(c3ccncc3)C21,251.33,0.0,IC50,3349.65,nM,Inactive
CHEMBL5405156,Cc1c(Cn2ccnc2)ccc2ccc(F)cc12,240.28,0.0,IC50,510.5,nM,Intermediate
CHEMBL5413419,COc1ccc2cc(Cn3ccnc3)ccc2c1,238.29,0.0,IC50,1698.24,nM,Inactive
CHEMBL5402619,N#Cc1ccc(N(CCSCc2ccc(O)cc2)n2cnnc2)cc1,351.44,0.0,IC50,0.6501,nM,Active
CHEMBL5406968,CC(C(=O)O[C@H]1C[C@H]2C[C@@H]([C@@H]1C)C2(C)C)c1ccncc1,287.4,0.0,IC50,1321.3,nM,Inactive
CHEMBL3622058,N#Cc1ccc(N(CCCSc2ccc(OS(N)(=O)=O)cc2)n2cnnc2)cc1,430.52,0.0,IC50,0.5105,nM,Active
CHEMBL3622059,N#Cc1ccc(N(CCCCCSc2ccc(OS(N)(=O)=O)cc2)n2cnnc2)cc1,458.57,0.0,IC50,0.7295,nM,Active
CHEMBL5434606,N#Cc1ccc(N(CCn2ccc3cc(O)ccc32)n2cnnc2)cc1,344.38,0.0,IC50,3.199,nM,Active
CHEMBL5404624,N#Cc1ccc(N(CCc2c(F)cc(OS(N)(=O)=O)cc2F)n2cnnc2)cc1,420.4,0.0,IC50,3.999,nM,Active
CHEMBL5398185,COc1ccc2c(c1)OC(c1ccccc1OC)CC2=O,284.31,0.0,IC50,6606.93,nM,Inactive
CHEMBL5270764,CCO[C@@H]1C[C@@H]2[C@H](CC[C@]3(C)C(=O)CC[C@@H]23)[C@@]2(C)CCC(=O)C=C12,330.47,0.0,IC50,500.03,nM,Intermediate
CHEMBL3752208,C[C@]12C=CC(=O)C=C1C=C(c1ccccc1)[C@@H]1[C@@H]2CC[C@]2(C)C(=O)CC[C@@H]12,358.48,1.0,IC50,2218.2,nM,Inactive
CHEMBL5281207,COc1ccc([C@H]2NN=C3[C@@H]2C[C@H]2[C@@H]4CC[C@H]5C[C@@H](O)CC[C@]5(C)[C@H]4CC[C@]32C)cc1,422.61,1.0,IC50,6823.39,nM,Inactive
CHEMBL5281249,C[C@]12CCC(=O)C=C1[C@H](Oc1ccccc1)C[C@@H]1[C@@H]2CC[C@]2(C)C(=O)CC[C@@H]12,378.51,1.0,IC50,23014.42,nM,Inactive
CHEMBL5268850,CCOC1=C[C@@H]2[C@H](CC[C@]3(C)C(=O)CC[C@@H]23)[C@@]2(C)CCC(=O)C=C12,328.45,0.0,IC50,749.89,nM,Intermediate
CHEMBL5272564,CC(=O)N1N=C2[C@H](C[C@H]3[C@@H]4CC[C@H]5CC(=O)CC[C@]5(C)[C@H]4CC[C@]23C)[C@H]1c1ccccc1,432.61,1.0,IC50,4909.08,nM,Inactive
CHEMBL2430197,Cc1cn2cc(-c3ccc(O)c(O)c3O)nc2s1,262.29,0.0,IC50,3200.0,nM,Inactive
CHEMBL357775,CN1C(=O)CC(c2ccc(N)cc2)C1=O,204.23,0.0,IC50,10040.0,nM,Inactive
CHEMBL226999,N#Cc1ccc(N(Cc2ccc(C(F)(F)F)c(O)c2)n2cnnc2)cc1,359.31,0.0,IC50,0.4,nM,Active
CHEMBL226843,N#Cc1ccc(N(Cc2cc(Cl)c(O)c(Cl)c2)n2cnnc2)cc1,360.2,0.0,IC50,7.6,nM,Active
CHEMBL353571,CSCSCC[C@]12CCC(=O)C=C1CCC1C2=CC[C@]2(C)C(=O)CCC12,390.61,1.0,IC50,570.0,nM,Intermediate
CHEMBL164746,CSCCC[C@]12CCC(=O)C=C1CCC1C2=CC[C@]2(C)C(=O)CCC12,358.55,1.0,IC50,10000.0,nM,Inactive
CHEMBL4209034,c1cncc(-c2cc3ccccc3[nH]2)c1,194.24,0.0,IC50,3050.0,nM,Inactive
CHEMBL3794430,O=c1c(Cc2ccncc2)coc2ccccc12,237.26,0.0,IC50,6100.0,nM,Inactive
CHEMBL3794417,O=c1cc(Cc2ccncc2)oc2cc(F)ccc12,255.25,0.0,IC50,10000.0,nM,Inactive
CHEMBL2331704,COC(C)(C)c1cncc(-c2ccc3c(c2)CCc2nnc(C)n2-3)c1,334.42,0.0,IC50,11160.0,nM,Inactive
CHEMBL29864,CCCC1(c2ccc(N)cc2)CCC(=O)NC1=O,246.31,0.0,IC50,11000.0,nM,Inactive
CHEMBL294878,O=c1cc(-c2ccc(O)cc2)oc2cc(O)ccc12,254.24,0.0,IC50,2.0,nM,Active
CHEMBL9352,O=C1C[C@@H](c2ccc(O)cc2)Oc2cc(O)cc(O)c21,272.26,0.0,IC50,2.9,nM,Active
CHEMBL424960,Fc1ccc2c(c1)CC/C2=C\c1ccncc1,225.27,0.0,IC50,1550.0,nM,Inactive
CHEMBL371275,Fc1ccc2c(c1)CC/C2=C/c1ccnc2ccccc12,275.33,0.0,IC50,36000.0,nM,Inactive
CHEMBL4228031,Cn1c(-c2csc(-c3ncccn3)n2)nc2ccccc21,293.36,0.0,IC50,1984.4,nM,Inactive
CHEMBL421829,O=c1c2ccccc2oc2c(Cn3ccnc3)ccc(Br)c12,355.19,0.0,IC50,89.0,nM,Active
CHEMBL24387,CC(C)[C@@H]1CC2C3CCC(=O)C3(C)CCC2C2(C)CCC(=O)C=C12,328.5,0.0,IC50,1100.0,nM,Inactive
CHEMBL288190,C[C@]12CCC(=O)C(O)=C1CCC1C2=CC[C@]2(C)C(=O)CCC12,300.4,0.0,IC50,350.0,nM,Intermediate
CHEMBL285973,O=C1/C(=C\c2ccncc2)Cc2ccccc21,221.26,0.0,IC50,5500.0,nM,Inactive
CHEMBL365735,c1cncc(-c2ccc3ccccc3c2)c1,205.26,0.0,IC50,5727.0,nM,Inactive
CHEMBL8333,CCC[C@H]1CC2C(CCC3(C)C(=O)CCC23)C2(C)C=CC(=O)C=C12,326.48,0.0,IC50,270.0,nM,Intermediate
CHEMBL3623216,C[C@]12CC(C#N)=C(O)C(=O)[C@@H]1CC[C@@H]1[C@@H]2CC[C@]2(C)[C@@H](O)CC[C@@H]12,329.44,0.0,IC50,1019.8,nM,Inactive
CHEMBL3818338,C=CC[C@@H]1CC2=CCCC[C@]2(C)[C@H]2CC[C@]3(C)C(=O)CC[C@H]3[C@H]12,312.5,1.0,IC50,750.0,nM,Intermediate
CHEMBL2311553,O=C1CCc2cc(Cc3ccncc3)cc3c2N1CC3,264.33,0.0,IC50,2130.0,nM,Inactive
CHEMBL292899,c1cnc2c(c1)C(CCn1ccnc1)CCC2,227.31,0.0,IC50,380.0,nM,Intermediate
CHEMBL2333333,CCC(C)Oc1ccc(Cn2ccnc2)c2c(=O)c3ccccc3oc12,348.4,0.0,IC50,575.0,nM,Intermediate
CHEMBL3415173,Cc1c(F)cncc1-c1cc(F)c2c(c1)CCc1nnc(C)n1-2,312.32,0.0,IC50,10000.0,nM,Inactive
CHEMBL5177928,COc1ccc2cc(/C=N/NC3=NC(=O)CS3)ccc2c1,299.36,0.0,IC50,42.0,nM,Active
CHEMBL4866633,C[C@H]1C[C@]2(O)O[C@@]1(C)C=C1CC[C@H]3C(C)(C)CCC[C@]3(C)[C@H]12,304.47,0.0,IC50,11800.0,nM,Inactive
CHEMBL2336858,COc1ccc(-n2c(Cn3ccnc3)cc3ccccc32)cc1,303.37,0.0,IC50,77.36,nM,Active
CHEMBL3219600,COc1ccc2c(c1)C(=O)/C(=C/c1c[nH]cn1)CC2,254.29,0.0,IC50,41.0,nM,Active
CHEMBL276915,O=c1cc(-c2ccccc2)oc2cc(O)ccc12,238.24,0.0,IC50,30.5,nM,Active
CHEMBL175144,Clc1ccc2c(c1)/C(=C/c1c[nH]cn1)CCC2,244.72,0.0,IC50,120.0,nM,Intermediate
CHEMBL8315,C[C@@H]1CC2C(CCC3(C)C(=O)CCC23)C2(C)C=CC(=O)C=C12,298.43,0.0,IC50,520.0,nM,Intermediate
CHEMBL2312963,O=C1CCc2cc(C(c3ccncc3)c3cc(C(F)(F)F)cc(C(F)(F)F)c3)cc3c2N1CC3,476.42,1.0,IC50,246.0,nM,Intermediate
CHEMBL2111801,CCCCCCCC[C@H]1C[C@@](CC)(c2ccncc2)C(=O)NC1=O,330.47,0.0,IC50,3000.0,nM,Inactive
CHEMBL148903,Nc1ccc(C2CC(=O)NC2=O)cc1,190.2,0.0,IC50,10200.0,nM,Inactive
CHEMBL3753611,C[C@]12C=C(CCCc3ccccc3)C(=O)C=C1CC[C@@H]1[C@@H]2CC[C@]2(C)C(=O)CC[C@@H]12,402.58,1.0,IC50,140.0,nM,Intermediate
CHEMBL6031073,COC(C)C(=O)Nc1cccc(NC(C(N)=O)c2ccccc2)c1,327.38,0.0,IC50,50000.0,nM,Inactive
CHEMBL369603,Nc1ccc(C23CC2C(=O)N(Cc2ccccc2)C3=O)cc1,292.34,0.0,IC50,2000.0,nM,Inactive
CHEMBL5558656,Cc1ncsc1-c1ccc([C@H](C)NC(=O)[C@@H]2C[C@@H](O)CN2C(=O)[C@@H](NC(=O)CCCCOc2ccc(N(CC(F)(F)F)S(=O)(=O)C3CC4OC3C(c3ccc(-n5ccnc5)cc3)=C4c3ccc(O)cc3)cc2)C(C)(C)C)cc1,1110.29,,IC50,320.0,nM,Intermediate
CHEMBL5565514,Cc1ncsc1-c1ccc([C@H](C)NC(=O)[C@@H]2C[C@@H](O)CN2C(=O)[C@@H](NC(=O)COCCOCCOc2ccc(N(CC(F)(F)F)S(=O)(=O)C3CC4OC3C(c3ccc(-n5ccnc5)cc3)=C4c3ccc(O)cc3)cc2)C(C)(C)C)cc1,1156.32,,IC50,320.0,nM,Intermediate
CHEMBL1358,C[C@]12CC[C@@H]3c4ccc(O)cc4C[C@@H](CCCCCCCCC[S+]([O-])CCCC(F)(F)C(F)(F)F)[C@H]3[C@@H]1CC[C@@H]2O,606.78,2.0,IC50,100000.0,nM,Inactive
CHEMBL489,CC/C(=C(\c1ccc(O)cc1)c1ccc(OCCN(C)C)cc1)c1ccccc1,387.52,1.0,IC50,100000.0,nM,Inactive
CHEMBL5074047,CCC(CCc1c[nH]cn1)=C(c1ccc(O)cc1)c1ccc(O)cc1,334.42,0.0,IC50,52.0,nM,Active
CHEMBL421149,N#Cc1ccc(Cn2ccnc2)c2oc3ccccc3c(=O)c12,301.31,0.0,IC50,43.0,nM,Active
CHEMBL124118,CC[C@]1(c2ccncc2)C[C@@H](C)C(=O)NC1=O,232.28,0.0,IC50,93000.0,nM,Inactive
CHEMBL288712,CCCCCC1(c2ccncc2)CCC(=O)NC1=O,260.34,0.0,IC50,2500.0,nM,Inactive
CHEMBL413344,O=C1/C(=C/c2cnccn2)CCc2ccccc21,236.27,0.0,IC50,38000.0,nM,Inactive
CHEMBL353068,c1ccc2c(c1)CCC1C(c3cc[nH]n3)C21,210.28,0.0,IC50,51000.0,nM,Inactive
CHEMBL1630274,C[C@]12CC[C@H]3[C@@H](CC=C4[C@@H](O)CCC[C@@]43CO)[C@@H]1CCC2=O,304.43,0.0,IC50,31.0,nM,Active
CHEMBL104,Clc1ccccc1C(c1ccccc1)(c1ccccc1)n1ccnc1,344.85,1.0,IC50,1.8,nM,Active
CHEMBL293122,C1=C(CCn2ccnc2)c2cccnc2CC1,225.29,0.0,IC50,500.0,nM,Intermediate
CHEMBL88412,CCCCCCCC[C@]1(c2ccncc2)CCC(=O)NC1=O,302.42,0.0,IC50,1600.0,nM,Inactive
CHEMBL291700,c1cn(CCC2CCCc3sccc32)cn1,232.35,0.0,IC50,440.0,nM,Intermediate
CHEMBL468419,Cl.N#Cc1ccc(C2CCCc3cncn32)cc1,259.74,0.0,IC50,6.4,nM,Active
CHEMBL488,CCC1(c2ccc(N)cc2)CCC(=O)NC1=O,232.28,0.0,IC50,8300.0,nM,Inactive
CHEMBL124230,CC[C@]1(c2ccncc2)C[C@H](C)C(=O)NC1=O,232.28,0.0,IC50,23000.0,nM,Inactive
CHEMBL457263,CC(C)=CCc1c(O)ccc(CCCc2ccc(O)cc2)c1O,312.41,0.0,IC50,40.0,ug.mL-1,Active
CHEMBL457261,CC(C)=CCC/C(C)=C/Cc1c(O)cc2oc(-c3ccc(O)c(O)c3)c(O)c(=O)c2c1O,438.48,1.0,IC50,40.0,ug.mL-1,Active
CHEMBL9352,O=C1C[C@@H](c2ccc(O)cc2)Oc2cc(O)cc(O)c21,272.26,0.0,IC50,17000.0,nM,Inactive
CHEMBL165,Oc1ccc(/C=C/c2cc(O)cc(O)c2)cc1,228.25,0.0,IC50,40.0,ug.mL-1,Active
CHEMBL5567374,Cc1ncsc1-c1ccc([C@H](C)NC(=O)[C@@H]2C[C@@H](O)CN2C(=O)[C@@H](NC(=O)CCCCCOc2ccc(N(CC(F)(F)F)S(=O)(=O)C3CC4OC3C(c3ccc(-n5ccnc5)cc3)=C4c3ccc(O)cc3)cc2)C(C)(C)C)cc1,1124.32,,IC50,4600.0,nM,Inactive
CHEMBL5562607,Cc1ncsc1-c1ccc([C@H](C)NC(=O)[C@@H]2C[C@@H](O)CN2C(=O)[C@@H](NC(=O)CCCCCCOc2ccc(N(CC(F)(F)F)S(=O)(=O)C3CC4OC3C(c3ccc(-n5ccnc5)cc3)=C4c3ccc(O)cc3)cc2)C(C)(C)C)cc1,1138.35,,IC50,5200.0,nM,Inactive
CHEMBL5556708,Cc1ncsc1-c1ccc([C@H](C)NC(=O)[C@@H]2C[C@@H](O)CN2C(=O)[C@@H](NC(=O)CCCCCCCOc2ccc(N(CC(F)(F)F)S(=O)(=O)C3CC4OC3C(c3ccc(-n5ccnc5)cc3)=C4c3ccc(O)cc3)cc2)C(C)(C)C)cc1,1152.37,,IC50,10000.0,nM,Inactive
CHEMBL5555317,Cc1ncsc1-c1ccc([C@@H](C)NC(=O)[C@H]2C[C@H](O)CN2C(=O)[C@H](NC(=O)COCCOCCOCCOc2ccc(N(CC(F)(F)F)S(=O)(=O)C3CC4OC3C(c3ccc(-n5ccnc5)cc3)=C4c3ccc(O)cc3)cc2)C(C)(C)C)cc1,1200.37,,IC50,2600.0,nM,Inactive
CHEMBL1444,N#Cc1ccc(C(c2ccc(C#N)cc2)n2cncn2)cc1,285.31,0.0,IC50,0.89,nM,Active
CHEMBL599238,CN(C)S(=O)(=O)Oc1ccc(-c2cc(Cn3cncn3)ccc2C#N)cc1Cl,417.88,0.0,IC50,2.4,nM,Active
CHEMBL599456,N#Cc1cc(Cn2cncn2)cc(-c2ccc(F)cc2)c1,278.29,0.0,IC50,19.0,nM,Active
CHEMBL1077603,C[C@]12CC[C@H](O)C=C1CC[C@@H]1[C@@H]2CC[C@]2(C)C(=O)CC[C@@H]12,288.43,0.0,IC50,182.81,nM,Intermediate
CHEMBL2058268,C[C@]12C[C@H]3O[C@H]3C[C@@H]1CC[C@@H]1[C@@H]2CC[C@]2(C)C(=O)CC[C@@H]12,288.43,0.0,IC50,1150.8,nM,Inactive
CHEMBL3754168,C[C@]12CCC(=O)C=C1C(Cc1ccccc1)=C[C@@H]1[C@@H]2CC[C@]2(C)C(=O)CC[C@@H]12,374.52,1.0,IC50,77.98,nM,Active
CHEMBL5288833,C[C@]12CC[C@H]3[C@@H](CCC4=CC(=O)CC[C@@]43CCl)[C@@H]1CCC2=O,320.86,0.0,IC50,1399.59,nM,Inactive
CHEMBL484579,C[C@]12CC[C@H]3[C@@H](CCC4=CC(=O)CC[C@@]43CF)[C@@H]1CCC2=O,304.41,0.0,IC50,2999.16,nM,Inactive
CHEMBL5280814,CC(=O)OC1=C2CC[C@@H]3[C@H](CC[C@]4(C)C(=O)CC[C@@H]34)[C@@]2(C)CCC1=O,344.45,0.0,IC50,1499.68,nM,Inactive
CHEMBL185966,C=CCSc1oc2cc(OCc3ccccc3)ccc2c(=O)c1-c1ccc(OC)cc1,430.53,1.0,IC50,100000.0,nM,Inactive
CHEMBL1083665,O=c1c2ccccc2sc2c(Cn3ccnc3)ccc([N+](=O)[O-])c12,337.36,0.0,IC50,16.5,nM,Active
CHEMBL115452,CC(C)=CCc1cc(C(=O)/C=C/c2ccc(O)c(O)c2)c(O)cc1O,340.38,0.0,IC50,40.0,ug.mL-1,Active
CHEMBL65328,Cc1ccc(C(C2Cc3ccccc3O2)n2cncn2)cc1,291.35,0.0,IC50,590.0,nM,Intermediate
CHEMBL410525,CC(=O)O[C@H]1CC[C@]2(C)[C@H]3CC=C4[C@@H]5[C@@H](C)[C@H](C)CC[C@]5(C(=O)O)CC[C@@]4(C)[C@]3(C)CC[C@H]2C1(C)C,498.75,1.0,IC50,42.7,ug.mL-1,Active
CHEMBL3754378,COc1ccc([C@@H]2[C@H]3C[C@H]4[C@@H]5CCC6=CC(=O)C=C[C@]6(C)[C@H]5CC[C@]4(C)C3=NN2c2ccccc2)cc1,492.66,1.0,IC50,1820.0,nM,Inactive
CHEMBL3752285,C[C@]12C=CC(=O)C=C1CC[C@@H]1[C@@H]2CC[C@]2(C)C(=O)/C(=C/c3ccc4c(c3)OCO4)C[C@@H]12,416.52,1.0,IC50,6400.0,nM,Inactive
CHEMBL184952,COc1ccc2c(c1)OC(c1ccccc1)CC2n1cnnc1,307.35,0.0,IC50,31600.0,nM,Inactive
CHEMBL71152,CC12CCC3C(CC=C4C=CCCC43C)C1CCC2=O,270.42,0.0,IC50,340.0,nM,Intermediate
CHEMBL1173327,Nc1ccc(-c2ccc(Cc3ccncc3)cc2)cc1N,275.36,0.0,IC50,25000.0,nM,Inactive
CHEMBL223874,c1ccc(C2(n3ccnc3)c3ccccc3-c3ccccc32)cc1,308.38,0.0,IC50,74.0,nM,Active
CHEMBL73279,CC12CCCC=C1CCC1C2CCC2(C)C1CC[C@@H]2O,274.45,0.0,IC50,0.36,nM,Active
CHEMBL2111917,CC(=O)O[C@@H]1CCC[C@@]2(C)C1=CC[C@@H]1[C@@H]2CC[C@]2(C)C(=O)CC[C@@H]12,330.47,0.0,IC50,700.0,nM,Intermediate
CHEMBL9298,N#Cc1ccc(C2CCCc3cncn32)cc1,223.28,0.0,IC50,4.5,nM,Active
CHEMBL72056,CCCCCCCC[C@@H]1CC2C(CCC3(C)C(O)CCC23)C2(C)CCCC=C12,386.66,1.0,IC50,50.0,nM,Active
CHEMBL294361,COc1ccc2c(c1)C1C(CC2)C1c1ccncc1,251.33,0.0,IC50,10000.0,nM,Inactive
CHEMBL39403,CCN1CCc2cccc(C(c3ccc(F)cc3)n3ccnc3)c21,321.4,0.0,IC50,61.5,nM,Active
CHEMBL419619,COc1cc2c(cc1Br)CCC1C(c3ccncc3)C21,330.23,0.0,IC50,1400.0,nM,Inactive
CHEMBL4753984,Oc1ccc(C(Cn2cncn2)=C(c2ccc(O)cc2)c2ccc(O)cc2)cc1,385.42,0.0,IC50,3030.0,nM,Inactive
CHEMBL56059,C(\Cn1ccnc1)=C1/CCCc2occc21,214.27,0.0,IC50,6000.0,nM,Inactive
CHEMBL31215,N#Cc1ccc([C@@H]2CCCc3cncn32)cc1,223.28,0.0,IC50,16.98,nM,Active
CHEMBL224665,O=c1c([C@@H](c2ccc([N+](=O)[O-])cc2)n2ccnc2)coc2ccccc12,347.33,0.0,IC50,2.291,nM,Active
CHEMBL285155,COc1ccc2c(c1)C/C(=C/c1ccncc1)C2=O,251.28,0.0,IC50,6309.57,nM,Inactive
CHEMBL285973,O=C1/C(=C\c2ccncc2)Cc2ccccc21,221.26,0.0,IC50,5495.41,nM,Inactive
CHEMBL225128,CC(C)(c1ccc(C#N)cc1)n1ccnc1,211.27,0.0,IC50,95.5,nM,Active
CHEMBL163922,N#Cc1cccc(Cn2ccnc2)c1,183.21,0.0,IC50,3715.35,nM,Inactive
CHEMBL78322,O=c1c2ccccc2oc2c(Br)ccc(Cn3ccnc3)c12,355.19,0.0,IC50,933.25,nM,Intermediate
CHEMBL225497,COc1cc2c(cc1Br)CC[C@H]1[C@H](c3ccncc3)[C@@H]21,330.23,0.0,IC50,933.25,nM,Intermediate
CHEMBL2096872,COc1ccc2c(c1)[C@@H]1[C@H](CC2)[C@H]1c1ccncc1,251.33,0.0,IC50,10000.0,nM,Inactive
CHEMBL228985,COc1ccc2c(c1)OC(c1ccc(OCC=C(C)C)cc1)CC2=O,338.4,0.0,IC50,28650.0,nM,Inactive
CHEMBL558103,CC(C)=CCc1cc([C@@H]2CC(=O)c3ccc(O)cc3O2)ccc1O,324.38,0.0,IC50,40950.0,nM,Inactive
CHEMBL157101,CC(=O)N1CCN(c2ccc(OCC3COC(Cn4ccnc4)(c4ccc(Cl)cc4Cl)O3)cc2)CC1,531.44,1.0,IC50,900.0,nM,Intermediate
CHEMBL83422,CC12CCC3C(CCC4=CCCCC43C)C1C[C@@H](Br)C2=O,351.33,1.0,IC50,4100.0,nM,Inactive
CHEMBL488,CCC1(c2ccc(N)cc2)CCC(=O)NC1=O,232.28,0.0,IC50,250.0,mg kg-1,Intermediate
CHEMBL382679,Cn1ccc2cc(C(c3ccc(Cl)cc3)n3ccnc3)ccc21,321.81,0.0,IC50,23.7,nM,Active
CHEMBL488,CCC1(c2ccc(N)cc2)CCC(=O)NC1=O,232.28,0.0,IC50,29750.0,nM,Inactive
CHEMBL149238,CC1(c2ccc(N)cc2)CC(=O)NC1=O,204.23,0.0,IC50,10040.0,nM,Inactive
CHEMBL313485,CCCCCCC[C@]1(c2ccncc2)CCC(=O)NC1=O,288.39,0.0,IC50,3200.0,nM,Inactive
CHEMBL349822,N#Cc1ccc(Cn2ccnc2)cc1,183.21,0.0,IC50,15.0,nM,Active
CHEMBL71117,CC12CCC=CC1=CCC1C2CCC2(C)C1CC[C@@H]2O,272.43,0.0,IC50,18000.0,nM,Inactive
CHEMBL4224993,COc1ccc(-c2csc(-c3ncccn3)n2)cc1,269.33,0.0,IC50,3187.68,nM,Inactive
CHEMBL157101,CC(=O)N1CCN(c2ccc(OCC3COC(Cn4ccnc4)(c4ccc(Cl)cc4Cl)O3)cc2)CC1,531.44,1.0,IC50,951.48,nM,Intermediate
CHEMBL2420678,Oc1ccc2ccc(-c3cccnc3)c(Cl)c2c1F,273.69,0.0,IC50,2000.0,nM,Inactive
CHEMBL2420674,Oc1ccc2ccc(-c3cccnc3)c(Cl)c2c1,255.7,0.0,IC50,2000.0,nM,Inactive
CHEMBL298720,c1cc2ccc(Cn3ccnc3)cc2cn1,209.25,0.0,IC50,1380.0,nM,Inactive
CHEMBL1630280,C[C@]12CC[C@@H](O)C(=O)[C@@H]1CC[C@@H]1[C@@H]2CC[C@]2(C)C(=O)CC[C@@H]12,304.43,0.0,IC50,670.0,nM,Intermediate
CHEMBL225178,O=c1cc(OCCn2ccnc2)c2ccccc2o1,256.26,0.0,IC50,758.58,nM,Intermediate
CHEMBL225499,O=c1cc(Cn2ccnc2)c2ccc(OCc3ccccc3)cc2o1,332.36,0.0,IC50,151.36,nM,Intermediate
CHEMBL375046,COc1cc(Cn2ccnc2)c2ccc(=O)oc2c1,256.26,0.0,IC50,168.0,nM,Intermediate
CHEMBL427247,O=c1cc(Cn2ccnc2)c2ccccc2o1,226.24,0.0,IC50,2089.3,nM,Inactive
CHEMBL348913,OCc1ccc(C2CCCc3cncn32)cc1,228.29,0.0,IC50,14.3,nM,Active
CHEMBL287967,CCn1ccc2cccc(C(c3cccc(Cl)c3)n3ccnc3)c21,335.84,1.0,IC50,170.0,nM,Intermediate
CHEMBL116794,c1ccc2c(Cn3ccnc3)c[nH]c2c1,197.24,0.0,IC50,8689.6,nM,Inactive
CHEMBL5394706,c1ccc(Cn2cc(Cn3ccnc3)c3ccccc32)cc1,287.37,0.0,IC50,99.31,nM,Active
CHEMBL5436084,CCn1c(C(Cc2cccc(Cl)c2)n2ccnn2)c(C)c2cc(Br)ccc21,443.78,1.0,IC50,17498.47,nM,Inactive
CHEMBL5412410,O=C1/C(=C\c2ccncc2)Cc2c(O)cccc21,237.26,0.0,IC50,21978.6,nM,Inactive
CHEMBL540958,Cc1ccc(C(O)(c2ccccc2)c2cncnc2)cc1C,290.37,0.0,IC50,3198.9,nM,Inactive
CHEMBL29669,Clc1ccc(C(c2ccc(Cl)cc2)c2cncnc2)cc1,315.2,0.0,IC50,54.95,nM,Active
CHEMBL26208,Clc1ccc(C(Cl)(c2ccc(Cl)cc2)c2cncnc2)cc1,349.65,1.0,IC50,274.79,nM,Intermediate
CHEMBL336638,c1ccc(C(c2ccccc2)n2ccnc2)cc1,234.3,0.0,IC50,125.03,nM,Intermediate
CHEMBL137002,COc1ccccc1C(c1ccccc1)n1ccnc1,264.33,0.0,IC50,66.07,nM,Active
CHEMBL135396,OC(c1cccnc1)(c1cccc(Cl)c1)c1cccc(Cl)c1,330.21,0.0,IC50,4497.8,nM,Inactive
CHEMBL135921,OC(c1ccc(Cl)cc1)(c1ccc(Cl)cc1)c1c[nH]cn1,319.19,0.0,IC50,27.99,nM,Active
CHEMBL137589,OC(c1ccc(Cl)cc1)(c1ccc(Cl)cc1)c1cn[nH]c1,319.19,0.0,IC50,29.99,nM,Active
CHEMBL137001,Clc1ccc(C(c2ccc(Cl)cc2)(c2cn[nH]c2)n2ccnc2)cc1,369.25,0.0,IC50,10.99,nM,Active
CHEMBL3622069,CC(C)(C#N)c1cc(Cn2cncn2)cc(Sc2ccccc2)c1,334.45,0.0,IC50,2.301,nM,Active
CHEMBL3622072,CC(C)(C#N)c1cc(Cn2cncn2)cc(Sc2ccc(OS(N)(=O)=O)c(Br)c2)c1,508.42,1.0,IC50,5.0,nM,Active
CHEMBL431843,CC(C)(OC(=O)C12CC3CC(CC(C3)C1)C2)c1cccnc1,299.41,0.0,IC50,51050.5,nM,Inactive
CHEMBL3622062,N#Cc1ccc(N(Cc2ccc3cc(OS(N)(=O)=O)ccc3c2)n2cnnc2)cc1,420.45,0.0,IC50,62517.27,nM,Inactive
CHEMBL350072,Cc1ccc(C2CCCc3cncn32)cc1,212.3,0.0,IC50,27.04,nM,Active
CHEMBL1203757,Cc1ccc(C2CCCc3cncn32)cc1.Cl,248.76,0.0,IC50,17.6,nM,Active
CHEMBL1728910,N#Cc1ccc(Oc2cccnc2)cc1C#N,221.22,0.0,IC50,5030.0,nM,Inactive
CHEMBL24233,c1ccc2c(c1)CCC(Cc1ccncc1)C2,223.32,0.0,IC50,1200.0,nM,Inactive
CHEMBL176452,C=CCN1C(=O)C2CC2(c2ccc(N)cc2)C1=O,242.28,0.0,IC50,700.0,nM,Intermediate
CHEMBL488,CCC1(c2ccc(N)cc2)CCC(=O)NC1=O,232.28,0.0,IC50,10000.0,nM,Inactive
CHEMBL9298,N#Cc1ccc(C2CCCc3cncn32)cc1,223.28,0.0,IC50,52.0,nM,Active
CHEMBL223874,c1ccc(C2(n3ccnc3)c3ccccc3-c3ccccc32)cc1,308.38,0.0,IC50,74.0,nM,Active
CHEMBL224228,O=c1ccc2cc(Cn3ccnc3)ccc2o1,226.24,0.0,IC50,144.0,nM,Intermediate
CHEMBL224786,O=c1oc2ccccc2c(Cn2ccnc2)c1-c1ccccc1,302.33,0.0,IC50,5130.0,nM,Inactive
CHEMBL375292,Cc1ncc2c(n1)-c1ccccc1C2n1ccnc1,248.29,0.0,IC50,2818.38,nM,Inactive
CHEMBL437731,O=c1cc(Cn2ccnc2)c2ccc(Oc3ccccc3)cc2o1,318.33,0.0,IC50,51.29,nM,Active
CHEMBL224649,O=c1ccc2ccc(Cn3ccnc3)cc2o1,226.24,0.0,IC50,676.08,nM,Intermediate
CHEMBL206300,COc1ccc2c(c1)C=C(c1cccnc1)C2,223.28,0.0,IC50,36000.0,nM,Inactive
CHEMBL1094427,O=c1c(-c2ccccc2)c(SCc2ccncc2)oc2cc(OCc3ccc(-c4ccccc4)cc3)ccc12,527.65,2.0,IC50,85.0,nM,Active
CHEMBL1098737,O=C1/C(=C\c2cccnc2)C(c2ccc(Cl)cc2)Cn2cccc21,334.81,0.0,IC50,110.0,nM,Intermediate
CHEMBL389433,Clc1cccc(C(c2ccc3[nH]cnc3c2)n2ccnc2)c1,308.77,0.0,IC50,5.0,nM,Active
CHEMBL214932,Fc1ccc(CCCn2ccnc2)cc1,204.25,0.0,IC50,310.0,nM,Intermediate
CHEMBL195248,Fc1ccc2c(c1)CC/C2=C\c1cncnc1,226.25,0.0,IC50,7450.0,nM,Inactive
CHEMBL190848,COc1ccc2c(=O)c(-c3ccccc3)c(Sc3nccn3C)oc2c1,364.43,0.0,IC50,50000.0,nM,Inactive
CHEMBL23334,COc1cccc2c1C/C(=C/c1ccncc1)C2=O,251.29,0.0,IC50,3700.0,nM,Inactive
CHEMBL65590,Oc1cccc2c1CCC1C(c3ccncc3)C21,237.3,0.0,IC50,5000.35,nM,Inactive
CHEMBL304222,Oc1ccc2c(c1)CCC1C(c3ccncc3)C21,237.3,0.0,IC50,330.37,nM,Intermediate
CHEMBL1098424,Fc1ccc2ccc(Cn3ccnc3)cc2c1,226.25,0.0,IC50,159.96,nM,Intermediate
CHEMBL104126,CC(C)CC(C)OC(=O)Cc1ccncc1,221.3,0.0,IC50,9705.1,nM,Inactive
CHEMBL5405593,COc1ccc2c(c1)OC(c1cccc(OC)c1OC)CC2=O,314.34,0.0,IC50,6606.93,nM,Inactive
CHEMBL283671,FC(c1ccc(Cl)cc1)(c1ccc(Cl)cc1)c1cncnc1,333.19,1.0,IC50,77.98,nM,Active
CHEMBL29952,Fc1ccc(C(F)(c2cncnc2)c2ccccc2Cl)cc1,316.74,0.0,IC50,1199.5,nM,Inactive
CHEMBL28465,OC(c1ccc(Br)cc1)(c1cncnc1)C1CC1,305.18,0.0,IC50,5395.11,nM,Inactive
CHEMBL336616,OC(c1ccc(Cl)cc1)(c1ccc(Cl)cc1)c1cnccn1,331.2,0.0,IC50,93.97,nM,Active
CHEMBL334999,OC(c1ccc(Cl)cc1)(c1ccc(Cl)cc1)c1cc[nH]n1,319.19,0.0,IC50,89.95,nM,Active
CHEMBL3622075,N#CC1(c2cc(Cn3cncn3)cc(Sc3ccc(OS(N)(=O)=O)cc3)c2)CC1,427.51,0.0,IC50,3.396,nM,Active
CHEMBL5411472,N#Cc1ccc(N(CCCCOc2ccc(O)cc2)n2cnnc2)cc1,349.39,0.0,IC50,4.395,nM,Active
CHEMBL5440424,N#Cc1ccc(N(CCCSc2ccc(O)cc2)n2cnnc2)cc1,351.44,0.0,IC50,0.2799,nM,Active
CHEMBL5395694,N#Cc1ccc(N(Cc2ccc(OS(N)(=O)=O)c(C(F)F)c2)n2cnnc2)cc1,420.4,0.0,IC50,4.395,nM,Active
CHEMBL31456,N#Cc1ccc(/C(=N\c2ccc(Br)cc2)n2ccnc2)cc1,351.21,0.0,IC50,7.691,nM,Active
CHEMBL5395683,C1=NC=NC1CCC(c1ccccc1)c1ccccc1,262.36,0.0,IC50,14996.85,nM,Inactive
CHEMBL5413133,C1=NC=NC1C(CCCCc1ccccc1)c1ccccc1,290.41,0.0,IC50,25003.45,nM,Inactive
CHEMBL5425854,CCc1ccc(C(CCCc2c[nH]cn2)c2ccccc2)cc1,304.44,1.0,IC50,8491.8,nM,Inactive
CHEMBL5439274,Cc1ccccc1CCCCC(c1ccc(F)cc1)c1c[nH]cn1,322.43,1.0,IC50,3499.45,nM,Inactive
CHEMBL5402637,Fc1ccc(CCCC(c2ccc(F)cc2)c2c[nH]cn2)cc1,312.36,0.0,IC50,629.51,nM,Intermediate
CHEMBL5436300,N#Cc1ccc(C(CCc2ccc(F)cc2)Cc2c[nH]cn2)cc1,319.38,0.0,IC50,500.03,nM,Intermediate
CHEMBL150146,CCCCOc1ccc(-c2cnccn2)cc1,228.29,0.0,IC50,7852.36,nM,Inactive
CHEMBL112292,C[C@@H](OC(=O)C12CC3CC(CC(C3)C1)C2)c1ccncc1,285.39,0.0,IC50,5597.58,nM,Inactive
CHEMBL109347,O=C(NCc1cccnc1)C12CC3CC(CC(C3)C1)C2,270.38,0.0,IC50,3198.9,nM,Inactive
CHEMBL371663,CCc1ccc(C(c2cc3ccc(OC)cc3o2)n2cncn2)cc1,333.39,0.0,IC50,118.3,nM,Intermediate
CHEMBL23484,O=C1c2ccccc2CC1Cc1ccncc1,223.28,0.0,IC50,16982.44,nM,Inactive
CHEMBL5406056,OC(c1ccc(Cl)cc1)(c1cccnc1)c1cc2ccccc2o1,335.79,0.0,IC50,4295.36,nM,Inactive
CHEMBL1629804,C[C@]12CCCC=C1CC[C@@H]1[C@@H]2CC[C@]2(C)C(=O)CC[C@@H]12,272.43,0.0,IC50,135.0,nM,Intermediate
CHEMBL2333331,CC(C)Oc1ccc(Cn2ccnc2)c2c(=O)c3ccccc3oc12,334.38,0.0,IC50,400.0,nM,Intermediate
CHEMBL2333326,O=c1c2ccccc2oc2c(Cl)ccc(Cn3ccnc3)c12,310.74,0.0,IC50,480.0,nM,Intermediate
CHEMBL197451,C[C@]12CCC(=O)C(O)=C1CCC1C2CC[C@]2(C)OC(=O)CCC12,318.41,0.0,IC50,1850.0,nM,Inactive
CHEMBL4161789,Fc1ccc(-c2[nH]c3cc4c(cc3c2Cn2ccnc2)OCO4)cc1,335.34,0.0,IC50,210.6,nM,Intermediate
CHEMBL9165,O=C1/C(=C\c2ccncc2)C(c2ccc(Cl)cc2)Cn2cccc21,334.81,0.0,IC50,150.0,nM,Intermediate
CHEMBL294357,Clc1ccc(C(C2Cc3ccccc3O2)n2cnnn2)cc1,312.76,0.0,IC50,3000.0,nM,Inactive
CHEMBL88233,COc1ccc2c(c1)CCC(Cc1ccncc1)C2=O,267.33,0.0,IC50,3300.0,nM,Inactive
CHEMBL290309,COCOC1=C2CCC3C(CC[C@]4(C)C(=O)CCC34)[C@@]2(C)CCC1=O,346.47,0.0,IC50,4400.0,nM,Inactive
CHEMBL9298,N#Cc1ccc(C2CCCc3cncn32)cc1,223.28,0.0,IC50,30.0,nM,Active
CHEMBL1200374,C=C1C[C@@H]2[C@H](CC[C@]3(C)C(=O)CC[C@@H]23)[C@@]2(C)C=CC(=O)C=C12,296.41,0.0,IC50,900.0,nM,Intermediate
CHEMBL151691,CN1C(=O)CC(C)(c2ccc(N)cc2)C1=O,218.26,0.0,IC50,10040.0,nM,Inactive
CHEMBL4540847,Oc1ccc2c(c1)O[C@@H](c1ccccc1)C[C@@H]2n1ccnc1,292.34,0.0,IC50,41.0,nM,Active
CHEMBL2311169,C[C@]12CCCCC1=CC[C@@H]1[C@@H]2CC[C@]2(C)C(=O)CC[C@@H]12,272.43,0.0,IC50,660.0,nM,Intermediate
CHEMBL368631,CC(C)(C)CN1C(=O)C2CC2(c2ccc(N)cc2)C1=O,272.35,0.0,IC50,200.0,nM,Intermediate
CHEMBL112292,C[C@@H](OC(=O)C12CC3CC(CC(C3)C1)C2)c1ccncc1,285.39,0.0,IC50,16000.0,nM,Inactive
CHEMBL350922,O=c1c2ccccc2oc2cc(Cn3ccnc3)ccc12,276.3,0.0,IC50,390.0,nM,Intermediate
CHEMBL1915159,COC(=O)[C@H]1Cc2c([nH]c3ccccc23)CN1S(C)(=O)=O,308.36,0.0,IC50,68100.0,nM,Inactive
CHEMBL1915176,CC(C)CN1Cc2[nH]c3ccccc3c2C[C@H]1C(=O)O,272.35,0.0,IC50,72000.0,nM,Inactive
CHEMBL289945,CCn1ccc2cccc(C(c3ccc(Cl)cc3)n3ccnc3)c21,335.84,1.0,IC50,55.0,nM,Active
CHEMBL56367,CS(=O)(=O)Nc1ccc([N+](=O)[O-])cc1Oc1ccccc1,308.31,0.0,IC50,27000.0,nM,Inactive
CHEMBL425670,COCOc1ccc2c(c1)OC(c1ccc(OC)c(CC=C(C)C)c1)CC2=O,382.46,0.0,IC50,7670.0,nM,Inactive
CHEMBL87477,COc1cc(/C=C/c2ccc(N)cc2)cc(OC)c1OC,285.34,0.0,IC50,899.5,nM,Intermediate
CHEMBL1170893,COc1cc(/C=C(\Cn2ccnc2)c2ccc(N)cc2)cc(OC)c1,335.41,0.0,IC50,39.99,nM,Active
CHEMBL1997104,CCn1cc(C(c2ccc(Cl)cc2)n2ccnc2)c2cc(Br)ccc21,414.73,1.0,IC50,118.03,nM,Intermediate
CHEMBL5421772,Clc1ccc(C(c2cc3ccccc3o2)n2cncn2)cc1,309.76,0.0,IC50,199.99,nM,Intermediate
CHEMBL372999,COc1ccc2cc(C(O)(c3ccc(F)cc3)c3cccnc3)oc2c1,349.36,0.0,IC50,43.95,nM,Active
CHEMBL93828,O=C1c2cccc(O)c2CCC1Cc1ccncc1,253.3,0.0,IC50,199.99,nM,Intermediate
CHEMBL492818,O=C(CCc1ccc(O)c(O)c1)c1c(O)cc(O)cc1O,290.27,0.0,IC50,2798.98,nM,Inactive
CHEMBL78322,O=c1c2ccccc2oc2c(Br)ccc(Cn3ccnc3)c12,355.19,0.0,IC50,939.72,nM,Intermediate
CHEMBL185809,COc1ccc2c(=O)c(-c3ccccc3)c(SCc3ccncc3)oc2c1,375.45,1.0,IC50,1599.56,nM,Inactive
CHEMBL387518,O=C1c2ccccc2-c2nnc(Cn3ccnc3)cc21,262.27,0.0,IC50,26915.35,nM,Inactive
CHEMBL427247,O=c1cc(Cn2ccnc2)c2ccccc2o1,226.24,0.0,IC50,2089.3,nM,Inactive
CHEMBL375046,COc1cc(Cn2ccnc2)c2ccc(=O)oc2c1,256.26,0.0,IC50,169.82,nM,Intermediate
CHEMBL5394126,O=c1ccc2ccc(Cn3cnnc3)cc2o1,227.22,0.0,IC50,31622.78,nM,Inactive
CHEMBL4553272,COc1ccc(/C=C/c2c(CC=C(C)C)c(O)cc(O)c2CC=C(C)C)cc1,378.51,1.0,IC50,7691.3,nM,Inactive
CHEMBL4465694,CC(C)=CCc1c(O)cc(O)c(CC=C(C)C)c1/C=C/c1ccc(O)cc1,364.49,1.0,IC50,2697.74,nM,Inactive
CHEMBL1171818,COc1cc(CCc2ccc(N)cc2)cc(OC)c1,257.33,0.0,IC50,2798.98,nM,Inactive
CHEMBL28971,OC(c1ccc(Cl)cc1)(c1cncnc1)c1ccccc1Cl,331.2,0.0,IC50,4102.04,nM,Inactive
CHEMBL5425567,CCn1c(C)c(C(Cc2ccc(F)cc2)n2ccnc2)c2ccccc21,347.44,1.0,IC50,31.99,nM,Active
CHEMBL135494,COc1ccc(C(c2ccc(OC)cc2)n2ccnc2)cc1,294.35,0.0,IC50,12.5,nM,Active
CHEMBL135540,OC(c1ccc(Cl)cc1)(c1ccc(Cl)cc1)c1ncc[nH]1,319.19,0.0,IC50,669.88,nM,Intermediate
CHEMBL304903,c1ccc2c(c1)CCC1C(c3ccncc3)C21,221.3,0.0,IC50,369.83,nM,Intermediate
CHEMBL91101,COc1cccc2c1CC/C(=C\c1ccncc1)C2=O,265.31,0.0,IC50,6295.06,nM,Inactive
CHEMBL28696,OC(c1ccc(F)cc1)(c1ccc(F)cc1)c1cncnc1,298.29,0.0,IC50,529.66,nM,Intermediate
CHEMBL29338,CCCCCCCC1(c2ccc(N)cc2)CCC(=O)NC1=O,302.42,0.0,IC50,1700.0,nM,Inactive
CHEMBL8659,CCCCCCCC/C=C\CCCCCCCC(=O)O,282.47,1.0,IC50,32700.0,nM,Inactive
CHEMBL3099735,O=C1/C(=C\c2ccncc2)C(c2ccccc2)n2cccc21,286.33,0.0,IC50,650.0,nM,Intermediate
CHEMBL13784,O=[N+]([O-])c1ccc(Cn2ccnc2)cc1,203.2,0.0,IC50,130.0,nM,Intermediate
CHEMBL377770,Fc1ccc(Cn2ccnc2)cc1,176.19,0.0,IC50,880.0,nM,Intermediate
CHEMBL5274139,CCCCCOc1ccc(C(=O)c2ccc(Cn3ccnc3)cc2)cc1,348.45,0.0,IC50,1300.0,nM,Inactive
CHEMBL5274084,CCCCCOc1ccc(C(=O)c2cccc(Cn3ccnc3)c2)cc1,348.45,0.0,IC50,42.0,nM,Active
CHEMBL5285636,COc1ccc(C(=O)c2cccc(Cn3ccnc3)c2)cc1,292.34,0.0,IC50,13.0,nM,Active
CHEMBL5273068,O=C(c1ccc(Cn2ccnc2)cc1)c1ccc(-c2ccccc2)cc1,338.41,0.0,IC50,2531.0,nM,Inactive
CHEMBL223176,O=C(c1ccccc1)c1ccc(Cn2ccnc2)cc1,262.31,0.0,IC50,252.4,nM,Intermediate
CHEMBL157101,CC(=O)N1CCN(c2ccc(OCC3COC(Cn4ccnc4)(c4ccc(Cl)cc4Cl)O3)cc2)CC1,531.44,1.0,IC50,50000.0,nM,Inactive
CHEMBL175550,Cc1ccc2c(c1)/C(=C/c1cccnc1)CC2,221.3,0.0,IC50,3930.0,nM,Inactive
CHEMBL194440,Brc1ccc2c(c1)CC/C2=C\c1cccnc1,286.17,0.0,IC50,7830.0,nM,Inactive
CHEMBL1825040,CCCCCCCc1cn(Cc2ccccc2)nn1,257.38,0.0,IC50,9530.0,nM,Inactive
CHEMBL1825041,CCCCCCCCCCc1cn(Cc2ccccc2)nn1,299.46,1.0,IC50,6400.0,nM,Inactive
CHEMBL1173641,COc1ccc(/C=C/c2cccc(N)c2)c(OC)c1,255.32,0.0,IC50,11140.0,nM,Inactive
CHEMBL1173699,COc1ccc(OC)c(/C=C/c2ccc(N)cc2)c1,255.32,0.0,IC50,1820.0,nM,Inactive
CHEMBL1173700,COc1cccc(/C=C/c2ccc(N)cc2)c1OC,255.32,0.0,IC50,980.0,nM,Intermediate
CHEMBL5273362,CCCCCC[C@H]1C[C@@H]2[C@H](CC[C@]3(C)C(=O)CC[C@@H]23)[C@@]2(C)C=CC(=O)C=C12,368.56,1.0,IC50,279.9,nM,Intermediate
CHEMBL164821,C[C@]12CC=C3C(CCC4=CC(=O)CC[C@@]43CC[Se]c3ccccc3)C1CCC2=O,453.48,,IC50,1000.0,nM,Intermediate
CHEMBL605418,CC(C)(C#N)c1cc(Cn2cncn2)cc(-c2ccc(O)cc2)c1,318.38,0.0,IC50,6.0,nM,Active
CHEMBL598009,NS(=O)(=O)Oc1ccc(-c2cccc(Cn3cncn3)c2)cc1Cl,364.81,0.0,IC50,70.0,nM,Active
CHEMBL5197552,C#CCOc1ccc2cc(C(c3ccc(Cl)cc3)n3cncn3)oc2c1,363.8,0.0,IC50,1.03,nM,Active
CHEMBL5175340,Oc1ccc2cc(C(c3ccc(F)cc3)n3cncn3)oc2c1,309.3,0.0,IC50,0.39,nM,Active
CHEMBL4639677,CCC#CCOc1cc(Cn2ccnc2)c2c(=O)c3ccccc3oc2c1,358.4,0.0,IC50,0.01,nM,Active
CHEMBL4632445,CCC#CCOc1ccc2c(=O)c3ccc(Cn4ccnc4)cc3oc2c1,358.4,0.0,IC50,0.01,nM,Active
CHEMBL343072,Clc1ccc(C(c2ccccc2)n2ccnc2)cc1,268.75,0.0,IC50,20.0,nM,Active
CHEMBL1784794,CCc1[nH]c2ccc(C(=O)NCC(C)n3cncn3)cc2c1C,311.39,0.0,IC50,10600.0,nM,Inactive
CHEMBL1784796,Cc1ncc(CNc2ccc(OCC(O)Cn3ccnc3)cc2)cn1.O=C(O)CC(O)(CC(=O)O)C(=O)O,531.52,0.0,IC50,3500.0,nM,Inactive
CHEMBL1784798,O=C(Cn1ccnc1)Nc1ccccc1Oc1ccc(F)cc1,311.32,0.0,IC50,248.0,nM,Intermediate
CHEMBL1784801,COc1ccc(S(=O)(=O)N2CCCC(Cn3ccnc3)C2)cc1C(C)(C)C,391.54,0.0,IC50,9.4,nM,Active
CHEMBL1521315,Cc1ccc(C(=O)NCCCn2ccnc2)cc1[N+](=O)[O-],288.31,0.0,IC50,1000.0,nM,Intermediate
CHEMBL1784810,CC(C)(C(=O)Nc1ccccc1Oc1ccc(F)cc1)n1cncn1,340.36,0.0,IC50,13200.0,nM,Inactive
CHEMBL324290,COc1cc(/C=C/c2ccc(N)cc2)cc(OC)c1,255.32,0.0,IC50,590.0,nM,Intermediate
CHEMBL1170662,COc1ccc(/C=C/c2ccc(N)cc2)c(OC)c1,255.32,0.0,IC50,760.0,nM,Intermediate
CHEMBL1173131,O=[N+]([O-])c1ccc(/C=C/c2cccc([N+](=O)[O-])c2)cc1,270.24,0.0,IC50,8330.0,nM,Inactive
CHEMBL3622063,N#Cc1ccc(N(Cc2ccc3c(Cl)c(OS(N)(=O)=O)ccc3c2)n2cnnc2)cc1,454.9,0.0,IC50,2.1,nM,Active
CHEMBL108425,N#Cc1ccc(N(Cc2ccc(Br)cc2)n2cnnc2)cc1,354.21,0.0,IC50,0.4,nM,Active
CHEMBL4170393,Cc1ccc(S(=O)(=O)NCCc2c(C(c3ccccc3)c3[nH]c4ccccc4c3CCNS(=O)(=O)c3ccc(C)cc3)[nH]c3ccccc23)cc1,716.93,2.0,IC50,11900.0,nM,Inactive
CHEMBL4171198,O=S(=O)(NCCc1c(C(c2ccc(Br)cc2)c2[nH]c3ccccc3c2CCNS(=O)(=O)c2ccc(Cl)cc2)[nH]c2ccccc12)c1ccc(Cl)cc1,836.66,2.0,IC50,2700.0,nM,Inactive
CHEMBL4159101,O=S(=O)(NCCc1c(C(c2ccc(F)cc2)c2[nH]c3ccccc3c2CCNS(=O)(=O)c2ccc(Cl)cc2)[nH]c2ccccc12)c1ccc(Cl)cc1,775.76,2.0,IC50,5400.0,nM,Inactive
CHEMBL4176982,O=[N+]([O-])c1cccc(S(=O)(=O)NCCc2c(C(c3ccccc3O)c3[nH]c4ccccc4c3CCNS(=O)(=O)c3cccc([N+](=O)[O-])c3)[nH]c3ccccc23)c1,794.87,2.0,IC50,1700.0,nM,Inactive
CHEMBL4170175,CCn1c2ccccc2c2ccc(C(c3[nH]c4ccccc4c3CCNS(=O)(=O)c3ccc(Cl)cc3)c3[nH]c4ccccc4c3CCNS(=O)(=O)c3ccc(Cl)cc3)cc21,874.92,2.0,IC50,3900.0,nM,Inactive
CHEMBL4536893,O=[N+]([O-])c1ccc(N(Cc2ccccc2)n2cnnc2)cc1Br,374.2,0.0,IC50,39.77,nM,Active
CHEMBL4547558,O=[N+]([O-])c1ccc(Nn2cnnc2)cc1Br,284.07,0.0,IC50,90.78,nM,Active
CHEMBL4166769,O=C1Nc2ccccc2C1(c1[nH]c2ccccc2c1CCNS(=O)(=O)c1ccc(Cl)cc1)c1[nH]c2ccccc2c1CCNS(=O)(=O)c1ccc(Cl)cc1,798.77,2.0,IC50,8300.0,nM,Inactive
CHEMBL223176,O=C(c1ccccc1)c1ccc(Cn2ccnc2)cc1,262.31,0.0,IC50,47.86,nM,Active
CHEMBL442373,N#Cc1ccc(Cn2ccnc2)c2c(=O)c3ccccc3oc12,301.31,0.0,IC50,2290.87,nM,Inactive
CHEMBL421149,N#Cc1ccc(Cn2ccnc2)c2oc3ccccc3c(=O)c12,301.31,0.0,IC50,42.66,nM,Active
CHEMBL2096873,COc1cc2c(cc1Br)CC[C@@H]1[C@@H](c3ccncc3)[C@H]21,330.23,0.0,IC50,2818.38,nM,Inactive
CHEMBL9298,N#Cc1ccc(C2CCCc3cncn32)cc1,223.28,0.0,IC50,30.0,nM,Active
CHEMBL4228303,c1cnc(-c2nc(-c3cccnc3)cs2)nc1,240.29,0.0,IC50,3321.79,nM,Inactive
CHEMBL4060208,O=C(/C=C\Nc1ccc(S(=O)(=O)Nc2nccs2)cc1)c1ccc2c(c1)Nc1ccccc1S2,506.63,2.0,IC50,5670.0,nM,Inactive
CHEMBL1444,N#Cc1ccc(C(c2ccc(C#N)cc2)n2cncn2)cc1,285.31,0.0,IC50,29500.0,nM,Inactive
CHEMBL149791,CCC(=C(c1ccc(O)cc1)c1ccc(O)cc1)c1ccccc1,316.4,1.0,IC50,24880.0,nM,Inactive
CHEMBL3948254,CCC(=C(c1ccc(O)cc1)c1ccc(O)cc1)c1ccc(N)cc1,331.42,1.0,IC50,8.8,nM,Active
CHEMBL1783176,c1ccc(C2CC(n3ccnc3)c3ccc4ccccc4c3O2)cc1,326.4,1.0,IC50,36.0,nM,Active
CHEMBL1783178,N#Cc1ccc(C2CC(n3ccnc3)c3ccc4ccccc4c3O2)cc1,351.41,1.0,IC50,34.0,nM,Active
CHEMBL5401445,N#Cc1ccc(C(CCCc2ccccc2)c2c[nH]cn2)cc1,301.39,0.0,IC50,209.89,nM,Intermediate
CHEMBL5431734,N#Cc1ccc(/C(=C\CCc2ccc(F)cc2)n2ccnc2)cc1,317.37,0.0,IC50,59.98,nM,Active
CHEMBL151207,CCCCOc1ccc(-n2cnc(C)c2)cc1,230.31,0.0,IC50,359.75,nM,Intermediate
CHEMBL150653,CCCCOc1ccc(-c2ccccn2)cc1,227.31,0.0,IC50,3572.73,nM,Inactive
CHEMBL359116,CCCCOc1ccc(-c2cc[nH]c2)cc1,215.3,0.0,IC50,6081.35,nM,Inactive
CHEMBL135063,COc1ccc(C(c2ccc(Cl)cc2)n2ccnc2)cc1,298.77,0.0,IC50,8.395,nM,Active
CHEMBL337750,OC(c1ccc(Cl)cc1)(c1cccnc1)c1cccc(C(F)(F)F)c1,363.77,1.0,IC50,650.13,nM,Intermediate
CHEMBL114447,O=C(NCc1ccncc1)C12CC3CC(CC(C3)C1)C2,270.38,0.0,IC50,1499.68,nM,Inactive
CHEMBL422093,Clc1ccc(C(c2ccc(Cl)cc2)N2CCNCC2)cc1,321.25,0.0,IC50,1931.97,nM,Inactive
CHEMBL341386,Clc1ccc(C(c2ccc(Cl)cc2)n2cncn2)cc1,304.18,0.0,IC50,8.79,nM,Active
CHEMBL336708,Clc1ccc(C(c2ccc(Cl)cc2)(c2cc[nH]n2)n2ccnc2)cc1,369.25,0.0,IC50,60.95,nM,Active
CHEMBL5427411,Clc1ccc(C(c2ccc(Cl)cc2)(c2cscn2)n2ccnc2)cc1,386.31,1.0,IC50,16.98,nM,Active
CHEMBL1784800,COc1ccc(C(C)NC(=O)c2ccccc2Cn2cncn2)cc1F,354.39,0.0,IC50,3100.0,nM,Inactive
CHEMBL1784811,O=C(Cc1ccc(F)cc1)N1CCOC(Cn2ccnc2)C1,303.34,0.0,IC50,34.5,nM,Active
CHEMBL428780,c1ccc(-c2ccc(Cn3ccnc3)cn2)cc1,235.29,0.0,IC50,5000.0,nM,Inactive
CHEMBL934,CC(C)(C(=O)c1cccnc1)c1cccnc1,226.28,0.0,IC50,5000.0,nM,Inactive
CHEMBL4169808,COc1ccc(-c2[nH]c3cc(F)ccc3c2Cn2cncn2)cc1,322.34,0.0,IC50,14.1,nM,Active
CHEMBL4159159,COc1ccc(-c2[nH]c3cc(Cl)ccc3c2Cn2cncn2)cc1,338.8,0.0,IC50,196.5,nM,Intermediate
CHEMBL4747849,N#CCC(=C(c1ccc(O)cc1)c1ccc(O)cc1)c1ccc(O)cc1,343.38,0.0,IC50,15200.0,nM,Inactive
CHEMBL5273177,C[C@]12CC[C@H]3[C@@H](CCC4=CC(=O)C=C[C@@]43CI)[C@@H]1CCC2=O,410.3,0.0,IC50,5495.41,nM,Inactive
CHEMBL3753307,C=C1C[C@@]2(C)C(=CC1=O)CC[C@@H]1[C@@H]2CC[C@]2(C)C(=O)CC[C@@H]12,298.43,0.0,IC50,549.54,nM,Intermediate
CHEMBL3623218,C[C@]12C[C@@H](F)C(=O)C=C1CC[C@@H]1[C@@H]2CC[C@]2(C)C(=O)CC[C@@H]12,304.4,0.0,IC50,1000.0,nM,Intermediate
CHEMBL5266491,C[C@]12CCC(=O)C(O)=C1CC[C@@H]1C2=CC[C@]2(C)C(=O)CC[C@@H]12,300.4,0.0,IC50,349.95,nM,Intermediate
CHEMBL5273960,COCOC1=C2CC[C@@H]3[C@H](CC[C@]4(C)C(=O)CC[C@@H]34)[C@@]2(C)CCC1=O,346.47,0.0,IC50,4395.42,nM,Inactive
CHEMBL4575939,O=[N+]([O-])c1cccc(CN(c2ccc([N+](=O)[O-])c(Br)c2)n2cnnc2)c1,419.2,0.0,IC50,12.11,nM,Active
CHEMBL202474,CCC(CC)Oc1cc([N+](=O)[O-])ccc1NS(C)(=O)=O,302.35,0.0,IC50,300.0,nM,Intermediate
CHEMBL202473,CN(c1ccc([N+](=O)[O-])cc1OC1CCCC1)S(C)(=O)=O,314.36,0.0,IC50,440.0,nM,Intermediate
CHEMBL382482,CCCOc1cc([N+](=O)[O-])ccc1N(C)S(C)(=O)=O,288.33,0.0,IC50,760.0,nM,Intermediate
CHEMBL372999,COc1ccc2cc(C(O)(c3ccc(F)cc3)c3cccnc3)oc2c1,349.36,0.0,IC50,44.0,nM,Active
CHEMBL1173326,CC(C)=C(c1ccncc1)c1ccc(-c2cccc(N)c2)cc1,300.41,1.0,IC50,5060.0,nM,Inactive
CHEMBL1173327,Nc1ccc(-c2ccc(Cc3ccncc3)cc2)cc1N,275.36,0.0,IC50,24560.0,nM,Inactive
CHEMBL5276932,C[C@]12CCC(=O)c3c1c(nn3Cc1ccc([N+](=O)[O-])cc1)C[C@@H]1[C@@H]2CC[C@]2(C)C(=O)CC[C@@H]12,447.54,0.0,IC50,657.66,nM,Intermediate
CHEMBL4517318,C[C@]12CC[C@H]3[C@@H](CCC4=CC(=O)CC[C@@]43CO)[C@@H]1CCC2=O,302.41,0.0,IC50,13001.7,nM,Inactive
CHEMBL3753084,CC[C@H]1C[C@@H]2[C@H](CC[C@]3(C)C(=O)CC[C@@H]23)[C@@]2(C)CCCC=C12,300.49,1.0,IC50,109.9,nM,Intermediate
CHEMBL3752619,CCCCCC1=C[C@@H]2[C@H](CC[C@]3(C)C(=O)CC[C@@H]23)[C@@]2(C)C=CC(=O)C=C12,352.52,1.0,IC50,139.96,nM,Intermediate
CHEMBL3752341,CCCCCCCC1=C[C@@H]2[C@H](CC[C@]3(C)C(=O)CC[C@@H]23)[C@@]2(C)C=CC(=O)C=C12,380.57,1.0,IC50,230.14,nM,Intermediate
CHEMBL5277945,C[C@]12C=CC(=O)C=C1C(CCCc1ccccc1)=C[C@@H]1[C@@H]2CC[C@]2(C)C(=O)CC[C@@H]12,400.56,1.0,IC50,349.95,nM,Intermediate
CHEMBL5291085,C[C@]12C=CC(=O)C=C1C(CCCCCc1ccccc1)=C[C@@H]1[C@@H]2CC[C@]2(C)C(=O)CC[C@@H]12,428.62,1.0,IC50,100.0,nM,Intermediate
CHEMBL5290646,C[C@]12C=CC(=O)C=C1[C@@H](c1ccccc1)C[C@@H]1[C@@H]2CC[C@]2(C)C(=O)CC[C@@H]12,360.5,1.0,IC50,680.77,nM,Intermediate
CHEMBL5287563,C[C@]12C=CC(=O)C=C1[C@@H](CCCCc1ccccc1)C[C@@H]1[C@@H]2CC[C@]2(C)C(=O)CC[C@@H]12,416.61,1.0,IC50,230.14,nM,Intermediate
CHEMBL2311169,C[C@]12CCCCC1=CC[C@@H]1[C@@H]2CC[C@]2(C)C(=O)CC[C@@H]12,272.43,0.0,IC50,680.77,nM,Intermediate
CHEMBL5277644,C[C@]12C=CC(=O)C=C1[C@@H](CCCc1ccccc1)C[C@@H]1[C@@H]2CC[C@]2(C)C(=O)CC[C@@H]12,402.58,1.0,IC50,510.5,nM,Intermediate
CHEMBL2112739,CC(=O)O[C@H]1CCC[C@@]2(C)C1=CC[C@@H]1[C@@H]2CC[C@]2(C)C(=O)CC[C@@H]12,330.47,0.0,IC50,1000.0,nM,Intermediate
CHEMBL3964421,COCCS(=O)(=O)N1CCN(c2ccc(OC[C@@H]3CO[C@@](Cn4ccnc4)(c4ccc(Cl)cc4Cl)O3)cc2)CC1,611.55,1.0,IC50,10000.0,nM,Inactive
CHEMBL1444,N#Cc1ccc(C(c2ccc(C#N)cc2)n2cncn2)cc1,285.31,0.0,IC50,2.0,nM,Active
CHEMBL1200374,C=C1C[C@@H]2[C@H](CC[C@]3(C)C(=O)CC[C@@H]23)[C@@]2(C)C=CC(=O)C=C12,296.41,0.0,IC50,15.0,nM,Active
CHEMBL22485,O=C1c2cccc(O)c2CC1Cc1ccncc1,239.27,0.0,IC50,4197.59,nM,Inactive
CHEMBL287647,CCC(C)CC1(c2ccc(N)cc2)CCC(=O)NC1=O,274.36,0.0,IC50,1099.01,nM,Inactive
CHEMBL5404029,CCCCCCCCN1C(=O)C2CC(c3ccc(N)cc3)(C2)C1=O,328.46,0.0,IC50,224.91,nM,Intermediate
CHEMBL333185,CCCC[C@H]1C[C@](CC)(c2ccncc2)C(=O)NC1=O,274.36,0.0,IC50,8709.64,nM,Inactive
CHEMBL88412,CCCCCCCC[C@]1(c2ccncc2)CCC(=O)NC1=O,302.42,0.0,IC50,1599.56,nM,Inactive
CHEMBL41761,CCn1ccc2cc(C(c3ccc(F)cc3)n3ccnc3)ccc21,319.38,0.0,IC50,41.02,nM,Active
CHEMBL108425,N#Cc1ccc(N(Cc2ccc(Br)cc2)n2cnnc2)cc1,354.21,0.0,IC50,0.5,nM,Active
CHEMBL31215,N#Cc1ccc([C@@H]2CCCc3cncn32)cc1,223.28,0.0,IC50,17.0,nM,Active
CHEMBL225079,N#Cc1ccc([C@H](c2coc3ccccc3c2=O)n2ccnc2)cc1,327.34,0.0,IC50,109.65,nM,Intermediate
CHEMBL288093,COc1cccc2c1C/C(=C\c1ccncc1)C2=O,251.29,0.0,IC50,22908.68,nM,Inactive
CHEMBL388187,CC(c1ccc(C#N)cc1)(c1ccc(C#N)cc1)n1cncn1,299.34,0.0,IC50,43.65,nM,Active
CHEMBL223554,N#Cc1ccc(C(c2ccc(C#N)cc2)c2cccnc2)cc1,295.35,0.0,IC50,58.88,nM,Active
CHEMBL4575994,C=CC[C@H]1C[C@@H]2[C@H](CC[C@]3(C)C(=O)CC[C@@H]23)[C@@]2(C)C=CC(=O)C=C12,324.46,0.0,IC50,55.0,nM,Active
CHEMBL106,OC(Cn1cncn1)(Cn1cncn1)c1ccc(F)cc1F,306.28,0.0,IC50,22000.0,nM,Inactive
CHEMBL4163649,O=S(=O)(NCCc1c(C(c2ccc(C(F)(F)F)cc2)c2[nH]c3ccccc3c2CCNS(=O)(=O)c2ccc(Cl)cc2)[nH]c2ccccc12)c1ccc(Cl)cc1,825.76,2.0,IC50,3200.0,nM,Inactive
CHEMBL4172837,O=[N+]([O-])c1ccc(S(=O)(=O)NCCc2c(C(c3ccccc3O)c3[nH]c4ccccc4c3CCNS(=O)(=O)c3ccc([N+](=O)[O-])cc3)[nH]c3ccccc23)cc1,794.87,2.0,IC50,2800.0,nM,Inactive
CHEMBL4166364,O=[N+]([O-])c1ccccc1S(=O)(=O)NCCc1c(C(c2ccccc2O)c2[nH]c3ccccc3c2CCNS(=O)(=O)c2ccccc2[N+](=O)[O-])[nH]c2ccccc12,794.87,2.0,IC50,4600.0,nM,Inactive
CHEMBL4171996,Fc1ccc(-c2[nH]c3cc(Cl)ccc3c2Cn2ccnc2)cc1,325.77,0.0,IC50,32.3,nM,Active
CHEMBL1399,CC(C)(C#N)c1cc(Cn2cncn2)cc(C(C)(C)C#N)c1,293.37,0.0,IC50,1.5,nM,Active
CHEMBL3622077,CC(C)(C#N)c1cc(/C=C/c2ccc(OS(N)(=O)=O)cc2)cc(Cn2cncn2)c1,423.5,0.0,IC50,25.5,nM,Active
CHEMBL5542291,Cc1ncsc1-c1ccc([C@H](C)NC(=O)[C@@H]2C[C@@H](O)CN2C(=O)[C@@H](NC(=O)CCCOc2ccc(N(CC(F)(F)F)S(=O)(=O)C3CC4OC3C(c3ccc(-n5ccnc5)cc3)=C4c3ccc(O)cc3)cc2)C(C)(C)C)cc1,1096.26,,IC50,1200.0,nM,Inactive
CHEMBL49732,COc1ccc2ccc(=O)oc2c1,176.17,0.0,IC50,10000.0,nM,Inactive
CHEMBL28290,COc1ccc(CN2C(=O)C3CC(c4ccc(N)cc4)(C3)C2=O)cc1,336.39,0.0,IC50,239.88,nM,Intermediate
CHEMBL5416003,Cn1ccc2cc(C(Cc3ccc(Br)cc3)n3ccnc3)ccc21,380.29,0.0,IC50,23.71,nM,Active
CHEMBL376039,O=C1/C(=C/c2ccncc2)CCc2c1ccc1c2CCCC1,289.38,0.0,IC50,10000.0,nM,Inactive
CHEMBL328217,COc1ccc2c(c1)CC/C(=C\c1ccncc1)C2=O,265.31,0.0,IC50,8892.01,nM,Inactive
CHEMBL90077,O=C1c2cc(O)ccc2CCC1Cc1ccncc1,253.3,0.0,IC50,4897.79,nM,Inactive
CHEMBL23485,Oc1cccc2c1CC(Cc1ccncc1)C2,225.29,0.0,IC50,1000.0,nM,Intermediate
CHEMBL67842,COc1ccc2c(c1)CCC1C(c3ccncc3)C21,251.33,0.0,IC50,69.02,nM,Active
CHEMBL63336,COc1ccc(Br)c2c1CCC1C(c3ccncc3)C21,330.23,0.0,IC50,4295.36,nM,Inactive
CHEMBL5428947,O=C(Cc1ccncc1)O[C@H]1C[C@H]2CC[C@@H]1C2,231.29,0.0,IC50,339.63,nM,Intermediate
CHEMBL323546,O=C(Cc1ccncc1)Oc1ccccc1,213.24,0.0,IC50,13899.53,nM,Inactive
CHEMBL5421289,C[C@@H]1[C@@H](OC(=O)Cc2ccncc2)C[C@H]2C[C@]1(C)C2(C)C,287.4,0.0,IC50,119.95,nM,Intermediate
CHEMBL134169,CC(C)(C(=O)OC12CC3CC(CC(C3)C1)C2)c1cccnc1,299.41,0.0,IC50,34994.52,nM,Inactive
CHEMBL5397043,C[C@@H]1CC[C@]23C[C@@H]1C(C)(C)[C@@H]2CC[C@@]3(C)OC(=O)C(C)(C)c1ccccn1,369.55,1.0,IC50,80537.84,nM,Inactive
CHEMBL276915,O=c1cc(-c2ccccc2)oc2cc(O)ccc12,238.24,0.0,IC50,209.89,nM,Intermediate
CHEMBL28,O=c1cc(-c2ccc(O)cc2)oc2cc(O)cc(O)c12,270.24,0.0,IC50,2897.34,nM,Inactive
CHEMBL97542,O=C1CC(c2ccccc2)Oc2cc(O)ccc21,240.26,0.0,IC50,2398.83,nM,Inactive
CHEMBL276473,O=C(/C=C/c1ccccc1)c1ccc(O)cc1,224.26,0.0,IC50,30619.63,nM,Inactive
CHEMBL161530,O=c1ccoc2c(Cn3ccnc3)ccc(Br)c12,305.13,0.0,IC50,2098.94,nM,Inactive
CHEMBL158635,COc1ccc2c(=O)c(Cn3ccnc3)c(-c3ccccc3)oc2c1,332.36,0.0,IC50,549.54,nM,Intermediate
CHEMBL256407,COc1ccc2c(c1)OC(c1cccc(O)c1)CC2=O,270.28,0.0,IC50,3499.45,nM,Inactive
CHEMBL184051,COc1ccc2c(=O)c(-c3ccc(C)cc3)c(SCc3ccncc3)oc2c1,389.48,1.0,IC50,2999.16,nM,Inactive
CHEMBL187068,COc1ccc(-c2c(SCc3ccncc3)oc3cc(O)ccc3c2=O)cc1,391.45,0.0,IC50,219.79,nM,Intermediate
CHEMBL225447,c1ccc2c(c1)-c1ccccc1C2n1ccnc1,232.29,0.0,IC50,2818.38,nM,Inactive
CHEMBL376371,c1ccc(C2(n3cncn3)c3ccccc3-c3ccccc32)cc1,309.37,0.0,IC50,3981.07,nM,Inactive
CHEMBL225499,O=c1cc(Cn2ccnc2)c2ccc(OCc3ccccc3)cc2o1,332.36,0.0,IC50,151.36,nM,Intermediate
CHEMBL4515706,COc1ccc(/C=C/c2c(CC=C(C)C)c(O)cc(O)c2CC=C(C)C)cc1O,394.51,1.0,IC50,5296.63,nM,Inactive
CHEMBL5429907,COc1ccc(/C=C\c2c(CC=C(C)C)c(O)cc3c2CC(C(C)(C)O)O3)cc1O,410.51,0.0,IC50,11194.38,nM,Inactive
CHEMBL4517937,COc1ccc(/C=C/c2c(CC=C(C)C)c(O)cc3c2CC(O)C(C)(C)O3)cc1,394.51,1.0,IC50,8203.52,nM,Inactive
CHEMBL5418780,COc1ccc(/C=C/c2c(CC=C(C)C)c(O)cc3c2CC(O)C(C)(C)O3)cc1O,410.51,0.0,IC50,9506.05,nM,Inactive
CHEMBL556429,COc1ccc([C@@H]2CC(=O)c3c(O)cc(O)c(CC=C(C)C)c3O2)cc1,354.4,0.0,IC50,500.03,nM,Intermediate
CHEMBL292899,c1cnc2c(c1)C(CCn1ccnc1)CCC2,227.31,0.0,IC50,380.19,nM,Intermediate
CHEMBL291700,c1cn(CCC2CCCc3sccc32)cn1,232.35,0.0,IC50,439.54,nM,Intermediate
CHEMBL1173130,Nc1ccc(/C=C/c2ccc3c(c2)OCO3)cc1,239.27,0.0,IC50,8491.8,nM,Inactive
CHEMBL1170678,COc1cc(/C=C(\Cn2ccnc2)c2ccc([N+](=O)[O-])cc2)cc(OC)c1,365.39,0.0,IC50,59.98,nM,Active
CHEMBL382902,COc1ccc2cc(C(c3ccc(Cl)cc3)n3cncn3)oc2c1,339.78,0.0,IC50,43.95,nM,Active
CHEMBL199334,COc1ccc2cc(C(c3ccc([N+](=O)[O-])cc3)n3cncn3)oc2c1,350.33,0.0,IC50,599.79,nM,Intermediate
CHEMBL29400,OC(c1ccc(Cl)cc1)(c1cncnc1)c1cccc(Cl)c1,331.2,0.0,IC50,349.95,nM,Intermediate
CHEMBL282325,OC(c1ccc(F)cc1)(c1ccc(Cl)cc1)c1cncnc1,314.75,0.0,IC50,179.89,nM,Intermediate
CHEMBL5422332,NS(=O)(=O)Oc1ccc(CC(c2ccc(Cl)cc2)n2cncn2)cc1,378.84,0.0,IC50,38.99,nM,Active
CHEMBL5413431,N#Cc1ccc(N(Cc2ccc(OS(N)(=O)=O)cc2Br)n2cnnc2)cc1,449.29,0.0,IC50,2.6,nM,Active
CHEMBL5400554,NS(=O)(=O)Oc1ccc(CN(c2ccccc2)n2cnnc2)cc1,345.38,0.0,IC50,2483.13,nM,Inactive
CHEMBL5401648,N#Cc1ccc(N(CCc2c(F)cc(O)cc2F)C2C=NN=C2)cc1,340.33,0.0,IC50,0.14,nM,Active
CHEMBL5402384,N#Cc1ccc(N(Cc2c(Cl)cc(O)cc2Cl)n2cnnc2)cc1,360.2,0.0,IC50,2.301,nM,Active
CHEMBL5398199,Oc1ccc(CN(c2ccccc2)n2cnnc2)cc1,266.3,0.0,IC50,3990.25,nM,Inactive
CHEMBL5438581,C1=NC=NC1CCCC(c1ccccc1)c1ccccc1,276.38,0.0,IC50,1999.86,nM,Inactive
CHEMBL5433928,C1=NC=NC1C(CCc1ccccc1)c1ccccc1,262.36,0.0,IC50,4497.8,nM,Inactive
CHEMBL5406470,C1=NC=NC1CC(Cc1ccccc1)c1ccccc1,262.36,0.0,IC50,44977.99,nM,Inactive
CHEMBL5431500,C1=NC=NC1CCC(Cc1ccccc1)c1ccccc1,276.38,0.0,IC50,7498.94,nM,Inactive
CHEMBL5419940,c1ccc(C(CCCn2ccnc2)c2ccccc2)cc1,276.38,0.0,IC50,15995.58,nM,Inactive
CHEMBL5433174,N#Cc1ccc(C(CCc2c[nH]cn2)c2ccccc2)cc1,287.37,0.0,IC50,479.73,nM,Intermediate
CHEMBL5432857,COc1ccc(C(CCc2c[nH]cn2)c2ccc(C#N)cc2)cc1,317.39,0.0,IC50,849.18,nM,Intermediate
CHEMBL5396408,Fc1ccc(C(CCCc2c[nH]cn2)c2ccccc2)cc1,294.37,0.0,IC50,2798.98,nM,Inactive
CHEMBL5414100,Fc1ccc(CCC(c2ccc(F)cc2)n2cncn2)cc1,299.32,0.0,IC50,3999.45,nM,Inactive
CHEMBL5395040,N#Cc1ccc(/C(=C\Cc2ccc(F)cc2)C2C=NC=N2)cc1,303.34,0.0,IC50,190.11,nM,Intermediate
CHEMBL5427944,N#Cc1ccc(/C(=C\CCc2ccc(F)cc2)C2C=NC=N2)cc1,317.37,0.0,IC50,190.11,nM,Intermediate
CHEMBL5430737,N#Cc1ccc(/C(=C\Cc2ccc(F)cc2)n2cncn2)cc1,304.33,0.0,IC50,50.0,nM,Active
CHEMBL5423575,CCCCOc1ccc(-n2ccnn2)cc1,217.27,0.0,IC50,68.08,nM,Active
CHEMBL150278,CCCCOc1ccc(-c2nn[nH]n2)cc1,218.26,0.0,IC50,316.23,nM,Intermediate
CHEMBL5397670,N#Cc1ccc(N(CCc2ccc(OS(N)(=O)=O)c(Br)c2)n2cnnc2)cc1,463.32,0.0,IC50,1.099,nM,Active
CHEMBL5415771,N#Cc1ccc(N(CCCc2ccc(OS(N)(=O)=O)c(Cl)c2)n2cnnc2)cc1,432.89,0.0,IC50,2.099,nM,Active
CHEMBL5396464,N#Cc1ccc(N(CCc2ccc(O)c(F)c2)n2cnnc2)cc1,323.33,0.0,IC50,0.4102,nM,Active
CHEMBL5407526,N#Cc1ccc(N(CCCc2ccc(O)c(Cl)c2)n2cnnc2)cc1,353.81,0.0,IC50,0.3899,nM,Active
CHEMBL5424049,N#Cc1ccc(N(CCOc2ccc(OS(N)(=O)=O)cc2)n2cnnc2)cc1,400.42,0.0,IC50,767.36,nM,Intermediate
CHEMBL5410657,N#Cc1ccc(N(CSc2cccc(O)c2)n2cnnc2)cc1,323.38,0.0,IC50,0.3802,nM,Active
CHEMBL5440379,N#Cc1ccc(N(CCCCCCCCCCSc2ccc(O)cc2)n2cnnc2)cc1,449.62,1.0,IC50,0.4198,nM,Active
CHEMBL5421435,N#Cc1ccc(N(CCSCc2ccc(OS(N)(=O)=O)cc2)n2cnnc2)cc1,430.52,0.0,IC50,0.3698,nM,Active
CHEMBL3622063,N#Cc1ccc(N(Cc2ccc3c(Cl)c(OS(N)(=O)=O)ccc3c2)n2cnnc2)cc1,454.9,0.0,IC50,2.099,nM,Active
CHEMBL5282717,C[C@]12CC[C@@H]3c4ccc(O)c(C=O)c4CC[C@H]3[C@@H]1CC[C@@H]2O,300.4,0.0,IC50,28313.92,nM,Inactive
CHEMBL3752447,C[C@H]1C[C@@H]2[C@H](CC[C@]3(C)C(=O)CC[C@@H]23)c2ccc(O)cc21,284.4,0.0,IC50,13001.7,nM,Inactive
CHEMBL4207348,CC1(C)CC(=O)c2c(noc2Cc2ccc(C(=O)N3CC[C@@H](O)C3)cc2)C1,368.43,0.0,IC50,19952.62,nM,Inactive
CHEMBL274878,C[C@H]1CC2C(CCC3(C)C(=O)CCC23)C2(C)C=CC(=O)C=C12,298.43,0.0,IC50,620.0,nM,Intermediate
CHEMBL1629800,C[C@]12CCC=C[C@@H]1CC[C@@H]1[C@@H]2CC[C@]2(C)C(=O)CC[C@@H]12,272.43,0.0,IC50,225.0,nM,Intermediate
CHEMBL1672976,N#Cc1ccc(N(Cc2ccc(OS(N)(=O)=O)cc2)n2cnnc2)cc1-c1ccccc1,446.49,0.0,IC50,0.21,nM,Active
CHEMBL4563511,O=[N+]([O-])c1cccc(CN(c2ccc([N+](=O)[O-])c(-c3ccccc3)c2)n2cnnc2)c1,416.4,0.0,IC50,19.66,nM,Active
CHEMBL4564168,N#Cc1ccccc1CN(c1ccc([N+](=O)[O-])c(Br)c1)n1cnnc1,399.21,0.0,IC50,58.85,nM,Active
CHEMBL4564168,N#Cc1ccccc1CN(c1ccc([N+](=O)[O-])c(Br)c1)n1cnnc1,399.21,0.0,IC50,58.88,nM,Active
CHEMBL4574913,O=[N+]([O-])c1ccc(N(Cc2ccc(Cl)cc2)n2cnnc2)cc1Br,408.64,0.0,IC50,9.016,nM,Active
CHEMBL3751881,C[C@H]1C[C@@H]2[C@H](CC[C@]3(C)C(=O)CC[C@@H]23)[C@@]2(C)CCCC=C12,286.46,1.0,IC50,170.0,nM,Intermediate
CHEMBL487113,C[C@@H]1CC2=CC(=O)CC[C@]2(C)[C@H]2CC[C@]3(C)C(=O)CC[C@H]3[C@H]12,300.44,0.0,IC50,270.0,nM,Intermediate
CHEMBL3415166,COc1cncc(-c2cc(F)c3c(c2)CCc2nnc(C)n2-3)c1,310.33,0.0,IC50,10000.0,nM,Inactive
CHEMBL4128368,O=S(=O)(N1CCN(c2ccc(/C=C/c3cc(F)cc(-c4ccncc4)c3)cc2)CC1)C(F)(F)F,491.51,1.0,IC50,1000.0,nM,Intermediate
CHEMBL294361,COc1ccc2c(c1)C1C(CC2)C1c1ccncc1,251.33,0.0,IC50,61.0,nM,Active
CHEMBL4161492,Fc1ccc(-c2[nH]c3cc(Cl)ccc3c2Cn2cncn2)cc1,326.76,0.0,IC50,96.9,nM,Active
CHEMBL1688893,Cc1cccc(COc2ccc3c(Cn4ccnc4)cc(=O)oc3c2)c1,346.39,0.0,IC50,114.0,nM,Intermediate
CHEMBL1688894,O=c1cc(Cn2ccnc2)c2ccc(OCc3cccc(OC(F)(F)F)c3)cc2o1,416.36,0.0,IC50,207.0,nM,Intermediate
CHEMBL1688900,O=c1cc(Cn2ccnc2)c2ccc(OCc3cc(F)cc(F)c3)cc2o1,368.34,0.0,IC50,169.0,nM,Intermediate
CHEMBL437731,O=c1cc(Cn2ccnc2)c2ccc(Oc3ccccc3)cc2o1,318.33,0.0,IC50,51.0,nM,Active
CHEMBL1688902,O=c1cc(Cn2ccnc2)c2ccc(Oc3cccc(F)c3)cc2o1,336.32,0.0,IC50,72.0,nM,Active
CHEMBL1688904,COc1cccc(Oc2ccc3c(Cn4ccnc4)cc(=O)oc3c2)c1,348.36,0.0,IC50,292.0,nM,Intermediate
CHEMBL1688912,O=c1cc(Cn2ccnc2)c2ccc(Nc3ccccc3)cc2o1,317.35,0.0,IC50,105.0,nM,Intermediate
CHEMBL287574,Nc1ccc(C23CC2C(=O)NC3=O)cc1,202.21,0.0,IC50,11000.0,nM,Inactive
CHEMBL367483,N#Cc1ccc2c(c1)CCC/C2=C/c1c[nH]cn1,235.29,0.0,IC50,125.0,nM,Intermediate
CHEMBL3623219,CC[C@@H]1C[C@@]2(C)C(=CC1=O)CC[C@@H]1[C@@H]2CC[C@]2(C)C(=O)CC[C@@H]12,314.47,0.0,IC50,479.73,nM,Intermediate
CHEMBL3752414,C[C@@H]1C[C@@]2(C)C(=CC1=O)CC[C@@H]1[C@@H]2CC[C@]2(C)C(=O)CC[C@@H]12,300.44,0.0,IC50,460.26,nM,Intermediate
CHEMBL5283375,CSCSC1=C2CC[C@@H]3C(=CC[C@]4(C)C(=O)CC[C@@H]34)[C@@]2(C)CCC1=O,376.59,1.0,IC50,1199.5,nM,Inactive
CHEMBL5278342,CCC(=O)O[C@H]1C[C@@H]2[C@H](CC[C@]3(C)C(=O)CC[C@@H]23)[C@@]2(C)CCC(=O)C=C12,358.48,0.0,IC50,209.89,nM,Intermediate
CHEMBL5282019,CC(=O)O[C@@H]1C[C@@H]2[C@H](CC[C@]3(C)C(=O)CC[C@@H]23)[C@@]2(C)CCC(=O)C=C12,344.45,0.0,IC50,19998.62,nM,Inactive
CHEMBL5267234,C[C@]12C=CC(=O)C=C1[C@H](OCc1ccccc1)C[C@@H]1[C@@H]2CC[C@]2(C)C(=O)CC[C@@H]12,390.52,1.0,IC50,149.97,nM,Intermediate
CHEMBL5266984,C[C@]12C=CC(=O)C=C1[C@@H](OCc1ccccc1)C[C@@H]1[C@@H]2CC[C@]2(C)C(=O)CC[C@@H]12,390.52,1.0,IC50,1901.08,nM,Inactive
CHEMBL5286569,COc1ccc([C@H]2NN=C3[C@@H]2C[C@H]2[C@@H]4CCC5=CC(=O)C=C[C@]5(C)[C@H]4CC[C@]32C)cc1,416.57,1.0,IC50,2910.72,nM,Inactive
CHEMBL5289229,C[C@]12CCC(=O)C=C1CC[C@@H]1[C@@H]2CC[C@]2(C)C(=O)C(Br)C[C@@H]12,365.31,0.0,IC50,2648.5,nM,Inactive
CHEMBL3623214,C[C@]12C=CC(=O)C=C1CC[C@@H]1[C@@H]2CC[C@]2(C)C(=O)[C@@H](n3ccnc3)C[C@@H]12,350.46,0.0,IC50,159.96,nM,Intermediate
CHEMBL5281632,C[C@]12CC[C@@H]3c4cc(NC(=O)c5cccnc5)c(O)cc4CC[C@H]3[C@@H]1CCC2=O,390.48,0.0,IC50,75335.56,nM,Inactive
CHEMBL3752414,C[C@@H]1C[C@@]2(C)C(=CC1=O)CC[C@@H]1[C@@H]2CC[C@]2(C)C(=O)CC[C@@H]12,300.44,0.0,IC50,460.26,nM,Intermediate
CHEMBL5289932,C[C@]12C=C(Br)C(=O)C=C1CC[C@@H]1[C@@H]2CC[C@]2(C)C(=O)CC[C@@H]12,363.3,0.0,IC50,1840.77,nM,Inactive
CHEMBL2051951,CC[C@]1(c2ccc(N)cc2)CCC(=O)NC1=O,232.28,0.0,IC50,19000.0,nM,Inactive
CHEMBL212741,Cc1ccc(Cn2ccnc2)cc1,172.23,0.0,IC50,24500.0,nM,Inactive
CHEMBL4210489,C#Cc1c(-c2ccccc2)[nH]c2ccccc12,217.27,0.0,IC50,1610.0,nM,Inactive
CHEMBL4216885,Cn1c(-c2ccccc2)cc2cc([N+](=O)[O-])ccc21,252.27,0.0,IC50,3880.0,nM,Inactive
CHEMBL176118,Brc1ccc2c(c1)CC/C2=C/c1cccnc1,286.17,0.0,IC50,7370.0,nM,Inactive
CHEMBL176609,COc1ccc2c(c1)CC/C2=C\c1cccnc1,237.3,0.0,IC50,4310.0,nM,Inactive
CHEMBL425323,CCOc1ccc2c(c1)CC/C2=C\c1cccnc1,251.33,0.0,IC50,7080.0,nM,Inactive
CHEMBL366490,Fc1cccc2c1CC/C2=C\c1cccnc1,225.27,0.0,IC50,1810.0,nM,Inactive
CHEMBL369623,Clc1cccc2c1CC/C2=C/c1cccnc1,241.72,0.0,IC50,230.0,nM,Intermediate
CHEMBL366773,Brc1ccc2c(c1)CC/C2=C\c1ccncc1,286.17,0.0,IC50,3400.0,nM,Inactive
CHEMBL371742,Cc1ccc2c(c1)/C(=C/c1ccncc1)CC2,221.3,0.0,IC50,1280.0,nM,Inactive
CHEMBL224600,S=c1ccc2cc(Cn3ccnc3)ccc2o1,242.3,0.0,IC50,1122.02,nM,Inactive
CHEMBL1085936,O=[N+]([O-])c1ccc(Cn2ccnc2)c(Sc2ccccc2)c1,311.37,0.0,IC50,5.59,nM,Active
CHEMBL159073,O=c1c2ccccc2oc2c(Cn3ccnc3)ccc([N+](=O)[O-])c12,321.29,0.0,IC50,40.0,nM,Active
CHEMBL1082760,c1ccc(Oc2ccccc2Cn2ccnc2)cc1,250.3,0.0,IC50,389.2,nM,Intermediate
CHEMBL350922,O=c1c2ccccc2oc2cc(Cn3ccnc3)ccc12,276.3,0.0,IC50,390.0,nM,Intermediate
CHEMBL1083664,O=c1c2ccccc2oc2c(Cn3ccnc3)c([N+](=O)[O-])ccc12,321.29,0.0,IC50,1900.0,nM,Inactive
CHEMBL1083354,O=c1c2ccccc2oc2ccc(Cn3ccnc3)cc12,276.3,0.0,IC50,7900.0,nM,Inactive
CHEMBL102981,CC(C(=O)OC1CCCCC1)c1ccncc1,233.31,0.0,IC50,2100.0,nM,Inactive
CHEMBL309113,CC12CCC3C4CCC(=O)C=C4CCC3C1CCC2=O,272.39,0.0,IC50,1200.0,nM,Inactive
CHEMBL598211,N#Cc1cc(Cn2cncn2)ccc1-c1ccc(OS(N)(=O)=O)c(Cl)c1,389.82,0.0,IC50,571.0,nM,Intermediate
CHEMBL4514728,C=CC[C@H]1C[C@@H]2[C@H](CC[C@]3(C)C(=O)CC[C@@H]23)[C@@]2(C)CCC(=O)C=C12,326.48,0.0,IC50,105.0,nM,Intermediate
CHEMBL95109,COc1ccc2c(c1)OC(c1ccccc1)CC2n1ccnc1,306.37,0.0,IC50,600.0,nM,Intermediate
CHEMBL300109,c1cnc2c(c1)C(Cn1ccnc1)CCC2,213.28,0.0,IC50,159.96,nM,Intermediate
CHEMBL284636,OC(c1ccccc1)(c1ccc(C(F)(F)F)cc1)c1cncnc1,330.31,0.0,IC50,1949.84,nM,Inactive
CHEMBL275638,O=c1cc(-c2ccccc2)oc2ccccc12,222.24,0.0,IC50,8.0,nM,Active
CHEMBL1097764,C=C1C(=O)O[C@H]2[C@H]1CCC(C)=C1C[C@H]3O[C@@]3(C)[C@@H]12,246.31,0.0,IC50,55.0,nM,Active
CHEMBL169251,O=C1/C(=C\c2c[nH]cn2)CCc2ccccc21,224.26,0.0,IC50,170.0,nM,Intermediate
CHEMBL604716,CC(C)(C#N)c1cc(Cn2cncn2)cc(-c2ccc(OS(N)(=O)=O)c(Cl)c2)c1,431.91,0.0,IC50,0.3,nM,Active
CHEMBL8313,CC[C@@H]1CC2C(CCC3(C)C(=O)CCC23)C2(C)C=CC(=O)C=C12,312.45,0.0,IC50,54.0,nM,Active
CHEMBL5186519,COc1ccc2oc(C(c3ccc(Cl)cc3)n3cncn3)cc2c1,339.78,0.0,IC50,2.01,nM,Active
CHEMBL1939529,Fc1cccc(-c2nsc(-c3cccc(F)c3)n2)c1,274.3,0.0,IC50,50000.0,nM,Inactive
CHEMBL1939534,Cc1cccc(-c2nsc(-c3cccc(C)c3)n2)c1,266.37,0.0,IC50,50000.0,nM,Inactive
CHEMBL1939545,Cc1ccc(-c2nsc(-c3ccc(C)cc3Br)n2)c(Br)c1,424.16,1.0,IC50,50000.0,nM,Inactive
CHEMBL165,Oc1ccc(/C=C/c2cc(O)cc(O)c2)cc1,228.25,0.0,IC50,25000.0,nM,Inactive
CHEMBL322322,N#Cc1ccc(N(Cc2ccc(OS(N)(=O)=O)c(Cl)c2)n2cnnc2)cc1,404.84,0.0,IC50,2.3,nM,Active
CHEMBL389924,CC(C)=CCc1cc(C2CC(=O)c3ccc(O)cc3O2)ccc1O,324.38,0.0,IC50,600.0,nM,Intermediate
CHEMBL4592407,O=[N+]([O-])c1ccc(N(Cc2ccccc2)n2cnnc2)cc1-c1ccccc1,371.4,0.0,IC50,30.19,nM,Active
CHEMBL4563511,O=[N+]([O-])c1cccc(CN(c2ccc([N+](=O)[O-])c(-c3ccccc3)c2)n2cnnc2)c1,416.4,0.0,IC50,19.68,nM,Active
CHEMBL4634777,CCC#CCOc1cc(Cn2ccnc2)c2oc3ccccc3c(=O)c2c1,358.4,0.0,IC50,5550.0,nM,Inactive
CHEMBL4632445,CCC#CCOc1ccc2c(=O)c3ccc(Cn4ccnc4)cc3oc2c1,358.4,0.0,IC50,770.0,nM,Intermediate
CHEMBL5567762,Cc1ccc2c(c1)C(=O)C(=O)N2Cc1cn(CCCOc2c3cc(C(C)(C)C)cc2Cc2cc(/C=C/c4cc[n+](C)cc4)cc(c2O)Cc2cc(C(C)(C)C)cc(c2OCCCn2cc(CN4C(=O)C(=O)c5cc(C)ccc54)nn2)Cc2cc(/C=C/c4cc[n+](C)cc4)cc(c2O)C3)nn1.[I-].[I-],1591.44,,IC50,218.0,nM,Intermediate
CHEMBL5559841,C[n+]1ccc(/C=C/c2cc3c(O)c(c2)Cc2cc(C(C)(C)C)cc(c2OCCCn2cc(CN4C(=O)C(=O)c5ccccc54)nn2)Cc2cc(/C=C/c4cc[n+](C)cc4)cc(c2O)Cc2cc(C(C)(C)C)cc(c2OCCCn2cc(CN4C(=O)C(=O)c5ccccc54)nn2)C3)cc1.[I-].[I-],1563.39,,IC50,518.0,nM,Intermediate
CHEMBL5568351,C[n+]1ccc(/C=C/c2cc3c(O)c(c2)Cc2cc(C(C)(C)C)cc(c2OCCCn2cc(CN4C(=O)C(=O)c5cc(Cl)ccc54)nn2)Cc2cc(/C=C/c4cc[n+](C)cc4)cc(c2O)Cc2cc(C(C)(C)C)cc(c2OCCCn2cc(CN4C(=O)C(=O)c5cc(Cl)ccc54)nn2)C3)cc1.[I-].[I-],1632.28,,IC50,104.0,nM,Intermediate
CHEMBL5270259,Cc1ccc(CCC2=C[C@@]3(C)C(=CC2=O)CC[C@@H]2[C@@H]3CC[C@]3(C)C(=O)CC[C@@H]23)cc1,402.58,1.0,IC50,6353.31,nM,Inactive
CHEMBL5564308,Cc1ncsc1-c1ccc([C@H](C)NC(=O)[C@@H]2C[C@@H](O)CN2C(=O)[C@@H](NC(=O)CCCCCCCCCOc2ccc(N(CC(F)(F)F)S(=O)(=O)C3CC4OC3C(c3ccc(-n5ccnc5)cc3)=C4c3ccc(O)cc3)cc2)C(C)(C)C)cc1,1180.43,,IC50,100000.0,nM,Inactive
CHEMBL202226,N#Cc1ccc(C(c2cc3ccc(O)cc3o2)n2cncn2)cc1,316.32,0.0,IC50,0.56,nM,Active
CHEMBL40125,CCCCC1(c2ccncc2)CCC(=O)NC1=O,246.31,0.0,IC50,4000.0,nM,Inactive
CHEMBL27386,Nc1ccc([C@@]23C[C@@H]2C(=O)NC3=O)cc1,202.21,0.0,IC50,1000.0,nM,Intermediate
CHEMBL488,CCC1(c2ccc(N)cc2)CCC(=O)NC1=O,232.28,0.0,IC50,14000.0,nM,Inactive
CHEMBL3134115,COc1cc(O)c2c(c1C)O[C@H](c1ccccc1)CC2=O,284.31,0.0,IC50,600.0,nM,Intermediate
CHEMBL362968,COc1ccc2cc(-c3cccnc3)ccc2c1,235.29,0.0,IC50,600.0,nM,Intermediate
CHEMBL3623216,C[C@]12CC(C#N)=C(O)C(=O)[C@@H]1CC[C@@H]1[C@@H]2CC[C@]2(C)[C@@H](O)CC[C@@H]12,329.44,0.0,IC50,1000.0,nM,Intermediate
CHEMBL3623222,C[C@]12CC[C@H]3[C@@H](C[C@H]4OC[C@@]35CCC(=O)C=C45)[C@@H]1CCC2=O,300.4,0.0,IC50,44000.0,nM,Inactive
CHEMBL9352,O=C1C[C@@H](c2ccc(O)cc2)Oc2cc(O)cc(O)c21,272.26,0.0,IC50,1200.0,nM,Inactive
CHEMBL3421786,O=[N+]([O-])c1ccc(Cc2ccncc2)c(OCCc2ccccc2)c1,334.38,0.0,IC50,157.0,nM,Intermediate
CHEMBL3134112,COc1cc(O)c(C=O)c2c1[C@H](OC)C[C@@H](c1ccccc1)O2,314.34,0.0,IC50,90.0,nM,Active
CHEMBL3415153,Fc1cc(-c2cccnc2)cc2c1-n1cnnc1CC2,266.28,0.0,IC50,10000.0,nM,Inactive
CHEMBL3415154,Cc1nnc2n1-c1cc(F)c(-c3cccnc3)cc1CC2,280.31,0.0,IC50,10000.0,nM,Inactive
CHEMBL3415163,O=C(c1ccccc1)c1nnc2n1-c1c(F)cc(-c3cccnc3)cc1CC2,370.39,0.0,IC50,10000.0,nM,Inactive
CHEMBL3415169,Cc1nnc2n1-c1c(F)cc(-c3cncc(C(F)(F)F)c3)cc1CC2,348.3,0.0,IC50,10000.0,nM,Inactive
CHEMBL1688900,O=c1cc(Cn2ccnc2)c2ccc(OCc3cc(F)cc(F)c3)cc2o1,368.34,0.0,IC50,169.0,nM,Intermediate
CHEMBL3359955,CC(C)Oc1ccc(COc2ccc3c(Cn4ccnc4)cc(=O)oc3c2)cc1,390.44,0.0,IC50,584.0,nM,Intermediate
CHEMBL1688895,O=c1cc(Cn2ccnc2)c2ccc(OCc3cccc([N+](=O)[O-])c3)cc2o1,377.36,0.0,IC50,141.0,nM,Intermediate
CHEMBL1688890,O=c1cc(Cn2ccnc2)c2ccc(OCc3cccc(Cl)c3)cc2o1,366.8,0.0,IC50,130.0,nM,Intermediate
CHEMBL1083652,O=c1c2ccccc2oc2cccc(Cn3ccnc3)c12,276.3,0.0,IC50,150.0,nM,Intermediate
CHEMBL1083663,O=c1c2ccccc2oc2c(Cn3ccnc3)cc([N+](=O)[O-])cc12,321.29,0.0,IC50,53.0,nM,Active
CHEMBL1098425,O=[N+]([O-])c1ccc(CCn2ccnc2)cc1,217.23,0.0,IC50,160.0,nM,Intermediate
CHEMBL5400803,O=S(=O)(Oc1ccc2ccccc2c1)C1CC2OC1C(c1ccc(-n3ccnc3)cc1)=C2c1ccc(O)cc1,536.61,2.0,IC50,15.46,nM,Active
CHEMBL5420394,COc1ccc(OS(=O)(=O)C2CC3OC2C(c2ccc(-n4ccnc4)cc2)=C3c2ccc(O)cc2)cc1,516.58,1.0,IC50,877.4,nM,Intermediate
CHEMBL5421409,O=S(=O)(Oc1ccc(Br)cc1)C1CC2OC1C(c1ccc(-n3cncn3)cc1)=C2c1ccc(O)cc1,566.43,1.0,IC50,3.48,nM,Active
CHEMBL5427513,COc1ccc(OS(=O)(=O)C2CC3OC2C(c2ccc(-n4cncn4)cc2)=C3c2ccc(O)cc2)cc1,517.56,1.0,IC50,144.58,nM,Intermediate
CHEMBL5273309,C[C@]12C=C(CCCCc3ccccc3)C(=O)C=C1CC[C@@H]1[C@@H]2CC[C@]2(C)C(=O)CC[C@@H]12,416.61,1.0,IC50,34197.94,nM,Inactive
CHEMBL302305,CC12CCC3C(C(=O)C=C4C=CCCC43C=O)C1CCC2=O,298.38,0.0,IC50,11000.0,nM,Inactive
CHEMBL1784795,CC(CNC(=O)c1cc2c([nH]c1=O)CCCCC2)n1cncn1,315.38,0.0,IC50,25000.0,nM,Inactive
CHEMBL28637,OC(c1ccc(Cl)cc1)(c1ccc(C(F)(F)F)cc1)c1cncnc1,364.75,0.0,IC50,66.07,nM,Active
CHEMBL334958,Clc1ccc(C(Cl)(c2ccc(Cl)cc2)c2cccnc2)cc1,348.66,1.0,IC50,199.99,nM,Intermediate
CHEMBL5416025,CCN1CCc2cccc(C(Cc3ccc(F)cc3)n3ccnn3)c21,336.41,0.0,IC50,2897.34,nM,Inactive
CHEMBL5417558,C[C@H]1CC[C@@H](OC(=O)Cc2ccncc2)CC1,233.31,0.0,IC50,1999.86,nM,Inactive
CHEMBL5438005,CC[C@H]1CC[C@@H](OC(=O)Cc2ccncc2)CC1,247.34,0.0,IC50,119.95,nM,Intermediate
CHEMBL75267,O=c1cc(-c2ccccc2)oc2c(O)c(O)ccc12,254.24,0.0,IC50,82985.08,nM,Inactive
CHEMBL32571,O=C1CC(c2ccc(O)cc2)Oc2cc(O)cc(O)c21,272.26,0.0,IC50,90991.33,nM,Inactive
CHEMBL161230,N#Cc1ccc(Cn2ccnc2)c2occc(=O)c12,251.25,0.0,IC50,239.88,nM,Intermediate
CHEMBL351167,O=c1ccoc2c(Cn3ccnc3)ccc([N+](=O)[O-])c12,271.23,0.0,IC50,1099.01,nM,Inactive
CHEMBL159073,O=c1c2ccccc2oc2c(Cn3ccnc3)ccc([N+](=O)[O-])c12,321.29,0.0,IC50,39.99,nM,Active
CHEMBL442373,N#Cc1ccc(Cn2ccnc2)c2c(=O)c3ccccc3oc12,301.31,0.0,IC50,2301.44,nM,Inactive
CHEMBL4174670,O=C1Nc2ccccc2C1(c1[nH]c2ccccc2c1CCNS(=O)(=O)c1cccc([N+](=O)[O-])c1)c1[nH]c2ccccc2c1CCNS(=O)(=O)c1cccc([N+](=O)[O-])c1,819.88,2.0,IC50,11900.0,nM,Inactive
CHEMBL4750835,Nc1ccc(C(Cn2cncn2)=C(c2ccc(O)cc2)c2ccc(O)cc2)cc1,384.44,0.0,IC50,104.0,nM,Intermediate
CHEMBL372999,COc1ccc2cc(C(O)(c3ccc(F)cc3)c3cccnc3)oc2c1,349.36,0.0,IC50,0.74,nM,Active
CHEMBL5280326,CCC#CCOc1ccc2cc(C(O)(c3ccc(Cl)cc3)c3cccnc3)oc2c1,417.89,1.0,IC50,0.92,nM,Active
CHEMBL225499,O=c1cc(Cn2ccnc2)c2ccc(OCc3ccccc3)cc2o1,332.36,0.0,IC50,150.0,nM,Intermediate
CHEMBL28753,OC(c1ccc(F)cc1)(c1cncnc1)c1cccc(F)c1,298.29,0.0,IC50,1150.8,nM,Inactive
CHEMBL28668,CCC(C)C1(c2ccc(N)cc2)CCC(=O)NC1=O,260.34,0.0,IC50,2999.16,nM,Inactive
CHEMBL25735,CCCCCC1(c2ccc(N)cc2)CCC(=O)NC1=O,274.36,0.0,IC50,1300.17,nM,Inactive
CHEMBL29230,CC(C)CCC1(c2ccc(N)cc2)CCC(=O)NC1=O,274.36,0.0,IC50,399.94,nM,Intermediate
CHEMBL29338,CCCCCCCC1(c2ccc(N)cc2)CCC(=O)NC1=O,302.42,0.0,IC50,1698.24,nM,Inactive
CHEMBL286506,CC(C)CN1C(=O)C2CC(c3ccc(N)cc3)(C2)C1=O,272.35,0.0,IC50,61.94,nM,Active
CHEMBL5396371,CCCCN1C(=O)CC(c2ccc(N)cc2)C1=O,246.31,0.0,IC50,2747.89,nM,Inactive
CHEMBL5430016,Cc1ccc(S(=O)(=O)n2cc(Cn3ccnc3)c3ccccc32)cc1,351.43,0.0,IC50,2197.86,nM,Inactive
CHEMBL431859,CCn1c(C(c2ccc(F)cc2)n2ccnc2)c(C)c2cc(Br)ccc21,412.31,1.0,IC50,238.23,nM,Intermediate
CHEMBL3622070,CC(C)(C#N)c1cc(Cn2cncn2)cc(Sc2ccc(OS(N)(=O)=O)cc2)c1,429.53,0.0,IC50,3.499,nM,Active
CHEMBL5417624,N#Cc1ccc(Cn2cc(Cn3ccnn3)c3ccccc32)cc1,313.36,0.0,IC50,140.93,nM,Intermediate
CHEMBL91992,O=C1/C(=C/c2ccncc2)CCc2cc(O)ccc21,251.28,0.0,IC50,8590.14,nM,Inactive
CHEMBL313774,O=C1/C(=C/c2ccncc2)CCc2ccc(O)cc21,251.29,0.0,IC50,2999.16,nM,Inactive
CHEMBL90427,COc1cccc2c1CCC(Cc1ccncc1)C2=O,267.33,0.0,IC50,2197.86,nM,Inactive
CHEMBL5568037,C/C(=C(\c1ccccc1)c1ccc(NC(=O)C(=O)O)cc1)c1ccccc1,357.41,0.0,IC50,690.0,nM,Intermediate
CHEMBL5559883,COc1ccccc1/C(C)=C(/c1ccccc1)c1ccc(NCCCCn2cc(C(=O)C(=O)O)c3ccccc32)cc1,558.68,2.0,IC50,550.0,nM,Intermediate
CHEMBL5561121,CCOC(=O)C(=O)Nc1ccc(C(C)=C(c2ccccc2)c2ccccc2)cc1,385.46,1.0,IC50,12000.0,nM,Inactive
CHEMBL2179114,C[C@]12C=CC(=O)C=C1[C@H](OCC#CCO)C[C@@H]1[C@@H]2CC[C@]2(C)C(=O)CC[C@@H]12,368.47,0.0,IC50,20.0,nM,Active
CHEMBL2179110,CCC#CCO[C@@H]1C[C@@H]2[C@H](CC[C@]3(C)C(=O)CC[C@@H]23)[C@@]2(C)C=CC(=O)C=C12,366.5,0.0,IC50,11.8,nM,Active
CHEMBL2179109,CC#CCO[C@@H]1C[C@@H]2[C@H](CC[C@]3(C)C(=O)CC[C@@H]23)[C@@]2(C)C=CC(=O)C=C12,352.47,0.0,IC50,112.3,nM,Intermediate
CHEMBL224789,N#Cc1ccc(C(c2ccc(C#N)cc2)n2ccnn2)cc1,285.31,0.0,IC50,8.0,nM,Active
CHEMBL91363,CCCCCCCCC[C@]1(c2ccncc2)CCC(=O)NC1=O,316.45,0.0,IC50,2400.0,nM,Inactive
CHEMBL3105519,O=C1c2ccccc2OCC1c1ccccc1F,242.25,0.0,IC50,24000.0,nM,Inactive
CHEMBL9298,N#Cc1ccc(C2CCCc3cncn32)cc1,223.28,0.0,IC50,52.0,nM,Active
CHEMBL2165322,O=C1CCc2cc(-c3cccnc3)cc(Br)c2N1,303.16,0.0,IC50,2901.0,nM,Inactive
CHEMBL4870604,COc1ccc(S(=O)(=O)Nc2ccc(/N=N/c3ccccc3)cc2)c(OC)c1,397.46,0.0,IC50,1600.0,nM,Inactive
CHEMBL5557715,CCOC(=O)C(=O)Nc1ccc(/C(=C(/C)c2ccccc2)c2ccccc2)cc1,385.46,1.0,IC50,1190.0,nM,Inactive
CHEMBL5560949,CCOC(=O)C(=O)Nc1ccc(/C(=C(/C)c2ccc(Cl)cc2)c2ccccc2)cc1,419.91,1.0,IC50,83.0,nM,Active
CHEMBL5081446,CC(CCc1c[nH]cn1)=C(c1ccc(O)cc1)c1ccc(O)cc1,320.39,0.0,IC50,63.0,nM,Active
CHEMBL1399,CC(C)(C#N)c1cc(Cn2cncn2)cc(C(C)(C)C#N)c1,293.37,0.0,IC50,1.5,nM,Active
CHEMBL4229272,Clc1ccc(-c2csc(-c3ncccn3)n2)cc1,273.75,0.0,IC50,3409.25,nM,Inactive
CHEMBL4224875,c1cnc(-c2nc(-c3ccco3)cs2)nc1,229.26,0.0,IC50,2600.71,nM,Inactive
CHEMBL4227725,c1cnc(-c2nc(-c3cccs3)cs2)nc1,245.33,0.0,IC50,3482.15,nM,Inactive
CHEMBL4228244,c1cnc(-c2nc(-c3nc4ccccc4s3)cs2)nc1,296.38,0.0,IC50,999.74,nM,Intermediate
CHEMBL3754220,C[C@@H]1C[C@@H]2[C@H](CC[C@]3(C)C(=O)CC[C@@H]23)[C@@]2(C)CCC(=O)C=C12,300.44,0.0,IC50,719.45,nM,Intermediate
CHEMBL5283443,C=CC[C@]12CCC(=O)C=C1CC[C@@H]1[C@@H]2CC[C@]2(C)C(=O)CC[C@@H]12,312.45,0.0,IC50,1798.87,nM,Inactive
CHEMBL3752871,C[C@]12CCC(=O)C=C1[C@H](F)C[C@@H]1[C@@H]2CC[C@]2(C)C(=O)CC[C@@H]12,304.4,0.0,IC50,799.83,nM,Intermediate
CHEMBL3752818,C[C@]12CCC(=O)C=C1[C@@H](F)C[C@@H]1[C@@H]2CC[C@]2(C)C(=O)CC[C@@H]12,304.4,0.0,IC50,399.94,nM,Intermediate
CHEMBL5266626,C[C@]12CCCC(O)C1=CC[C@@H]1[C@@H]2CC[C@]2(C)C(=O)CC[C@@H]12,288.43,0.0,IC50,279.9,nM,Intermediate
CHEMBL5277564,CC(=O)O[C@@H]1C(=O)C2=CC(=O)CC[C@]2(C)[C@H]2CC[C@]3(C)C(=O)CC[C@H]3[C@H]12,358.43,0.0,IC50,5296.63,nM,Inactive
CHEMBL3349864,C[C@]12CCC[C@H](O)C1=CC[C@@H]1[C@@H]2CC[C@]2(C)C(=O)CC[C@@H]12,288.43,0.0,IC50,279.9,nM,Intermediate
CHEMBL3754184,CC1(C)C[C@@]2(C)C(=CC1=O)[C@@H](Br)C[C@@H]1[C@@H]2CC[C@]2(C)C(=O)CC[C@@H]12,393.37,1.0,IC50,100.0,nM,Intermediate
CHEMBL5288188,C[C@]12CC[C@H]3[C@@H](C(=O)C=C4CCCC[C@@]43C=O)[C@@H]1CCC2=O,300.4,0.0,IC50,59979.11,nM,Inactive
CHEMBL5287841,C[C@]12CC[C@@H]3C4CCCCC4=CC(=O)[C@H]3[C@@H]1CCC2=O,272.39,0.0,IC50,27989.81,nM,Inactive
CHEMBL425194,COc1cc2c(cc1O)CC[C@@H]1[C@@H]2CC[C@]2(C)C(=O)CC[C@@H]12,300.4,0.0,IC50,16982.44,nM,Inactive
CHEMBL5265959,CO[C@@H]1C[C@@H]2[C@H](CC[C@]3(C)C(=O)CC[C@@H]23)c2ccc(O)cc21,300.4,0.0,IC50,48977.88,nM,Inactive
CHEMBL5266533,O=C(c1ccc(O)cc1)c1cccc(Cn2ccnc2)c1,278.31,0.0,IC50,13.0,nM,Active
CHEMBL5272700,CC#CCOc1ccc2cc(C(O)(c3ccc(Cl)cc3)c3cccnc3)oc2c1,403.87,1.0,IC50,1.05,nM,Active
CHEMBL3799189,C[C@H](O)C/C=C/CCCCC1Cc2cc(O)cc(O)c2C(=O)O1,320.38,0.0,IC50,12310.0,nM,Inactive
CHEMBL3753403,C[C@H]1C[C@@]2(C)C(=CC1=O)CC[C@@H]1[C@@H]2CC[C@]2(C)C(=O)CC[C@@H]12,300.44,0.0,IC50,250.03,nM,Intermediate
CHEMBL5270517,CC1(C)C[C@@]2(C=O)C(=CC1=O)CC[C@@H]1[C@@H]2CC[C@]2(C)C(=O)CC[C@@H]12,328.45,0.0,IC50,599.79,nM,Intermediate
CHEMBL3754054,C[C@]12C=CC(=O)C=C1C=C(CCc1ccccc1)[C@@H]1[C@@H]2CC[C@]2(C)C(=O)CC[C@@H]12,386.54,1.0,IC50,172.19,nM,Intermediate
CHEMBL3753373,C[C@]12C=CC(=O)C=C1C[C@@H](CCCc1ccc([N+](=O)[O-])cc1)[C@@H]1[C@@H]2CC[C@]2(C)C(=O)CC[C@@H]12,447.58,1.0,IC50,12.91,nM,Active
CHEMBL3754055,C[C@]12C=CC(=O)C=C1C[C@@H](CCc1ccc(N)cc1)[C@@H]1[C@@H]2CC[C@]2(C)C(=O)CC[C@@H]12,403.57,1.0,IC50,18.71,nM,Active
CHEMBL5267848,COCSC1=C2CC[C@@H]3[C@H](CC[C@]4(C)C(=O)CC[C@@H]34)[C@@]2(C)CCC1=O,362.54,0.0,IC50,10000.0,nM,Inactive
CHEMBL5270074,CCCCC(=O)O[C@H]1C[C@@H]2[C@H](CC[C@]3(C)C(=O)CC[C@@H]23)[C@@]2(C)CCC(=O)C=C12,386.53,0.0,IC50,139.96,nM,Intermediate
CHEMBL5275053,CO[C@H]1C[C@@H]2[C@H](CC[C@]3(C)C(=O)CC[C@@H]23)[C@@]2(C)CCC(=O)C=C12,316.44,0.0,IC50,539.51,nM,Intermediate
CHEMBL5271678,CCO[C@H]1C[C@@H]2[C@H](CC[C@]3(C)C(=O)CC[C@@H]23)[C@@]2(C)CCC(=O)C=C12,330.47,0.0,IC50,1399.59,nM,Inactive
CHEMBL5269004,CCCO[C@H]1C[C@@H]2[C@H](CC[C@]3(C)C(=O)CC[C@@H]23)[C@@]2(C)CCC(=O)C=C12,344.5,0.0,IC50,1300.17,nM,Inactive
CHEMBL3752038,C[C@]12CCC(=O)C=C1[C@@H](OCc1ccccc1)C[C@@H]1[C@@H]2CC[C@]2(C)C(=O)CC[C@@H]12,392.54,1.0,IC50,2500.35,nM,Inactive
CHEMBL5268117,CC(=O)O[C@H]1C[C@@H]2[C@H](CC[C@]3(C)C(=O)CC[C@@H]23)[C@@]2(C)C=CC(=O)C=C12,342.44,0.0,IC50,1099.01,nM,Inactive
CHEMBL3922888,O=S(=O)(C1CC1)N1CCN(c2ccc(OC[C@@H]3CO[C@@](Cn4ccnc4)(c4ccc(Cl)cc4Cl)O3)cc2)CC1,593.53,1.0,IC50,1820.0,nM,Inactive
CHEMBL4568316,O=C1c2c(O)ccc(O)c2C(=O)c2c(NCCCO)ccc(NCCCO)c21,386.4,1.0,IC50,11000.0,nM,Inactive
CHEMBL5275714,C[C@]12CCC(=O)C=C1[C@H](Br)C[C@@H]1[C@@H]2CC[C@]2(C)C(=O)CC[C@@H]12,365.31,0.0,IC50,799.83,nM,Intermediate
CHEMBL5271699,COC1=C2C(=O)C[C@@H]3[C@H](CC[C@]4(C)C(=O)CC[C@@H]34)[C@@]2(C)CCC1=O,330.42,0.0,IC50,1999.86,nM,Inactive
CHEMBL5270108,C[C@]12CCC(=O)C=C1C(N=[N+]=[N-])=C[C@@H]1[C@@H]2CC[C@]2(C)C(=O)CC[C@@H]12,325.41,0.0,IC50,4549.88,nM,Inactive
CHEMBL5275448,C[C@]12CC[C@H]3[C@@H](C=CC4=CC(=O)C=C[C@@]43CI)[C@@H]1CCC2=O,408.28,0.0,IC50,4698.94,nM,Inactive
CHEMBL1630261,C[C@]12CCCC=C1[C@H](O)C[C@@H]1[C@@H]2CC[C@]2(C)C(=O)CC[C@@H]12,288.43,0.0,IC50,50.0,nM,Active
CHEMBL3751881,C[C@H]1C[C@@H]2[C@H](CC[C@]3(C)C(=O)CC[C@@H]23)[C@@]2(C)CCCC=C12,286.46,1.0,IC50,36.98,nM,Active
CHEMBL5290211,CCC[C@@H]1C[C@@H]2[C@H](CC[C@]3(C)C(=O)CC[C@@H]23)[C@@]2(C)CCCC=C12,314.51,1.0,IC50,439.54,nM,Intermediate
CHEMBL5287052,CCC[C@@H]1C[C@@H]2[C@H](CC[C@]3(C)C(O)CC[C@@H]23)[C@@]2(C)CCCC=C12,316.53,1.0,IC50,13995.87,nM,Inactive
CHEMBL5273164,C[C@]12CC[C@H]3[C@@H](C(=O)C=C4C=CCC[C@@]43CO)[C@@H]1CCC2=O,300.4,0.0,IC50,59979.11,nM,Inactive
CHEMBL5274863,C[C@]12CC[C@H]3[C@@H](CC=C4CCCC[C@@]43CO)[C@@H]1CCC2O,290.45,0.0,IC50,61944.11,nM,Inactive
CHEMBL1835542,C[C@]12CC[C@@H]3c4cc([N+](=O)[O-])c(O)cc4CC[C@H]3[C@@H]1CCC2=O,315.37,0.0,IC50,14996.85,nM,Inactive
CHEMBL1628064,C[C@]12CC[C@@H]3c4cc(Br)c(O)cc4CC[C@H]3[C@@H]1CC[C@@H]2O,351.28,0.0,IC50,89949.76,nM,Inactive
CHEMBL5284742,C[C@]12CC[C@@H]3c4ccc(O)cc4[C@@H](c4ccccc4)C[C@H]3[C@@H]1CCC2=O,346.47,1.0,IC50,1399.59,nM,Inactive
CHEMBL5285355,CO[C@H]1C[C@@H]2[C@H](CC[C@]3(C)C(=O)CC[C@@H]23)c2ccc(O)cc21,300.4,0.0,IC50,59020.11,nM,Inactive
CHEMBL3245353,C[C@]12CCC(=O)C=C1C[C@@H](SCCc1ccccc1)[C@@H]1[C@@H]2CC[C@]2(C)C(=O)CC[C@@H]12,422.63,1.0,IC50,61.94,nM,Active
CHEMBL5269293,C[C@]12CCC(=O)C=C1C=C(Cc1ccc([N+](=O)[O-])cc1)[C@@H]1[C@@H]2CC[C@]2(C)C(=O)CC[C@@H]12,419.52,1.0,IC50,93.97,nM,Active
CHEMBL3753089,C[C@]12CCC(=O)C=C1C=C(CCc1ccccc1)[C@@H]1[C@@H]2CC[C@]2(C)C(=O)CC[C@@H]12,388.55,1.0,IC50,174.18,nM,Intermediate
CHEMBL3752625,CCCCC[C@H]1C[C@@H]2[C@H](CC[C@]3(C)C(=O)CC[C@@H]23)[C@@]2(C)CCC(=O)C=C12,356.55,1.0,IC50,399.94,nM,Intermediate
CHEMBL2311178,C[C@]12C=CC(=O)C=C1C=C[C@@H]1[C@@H]2CC[C@]2(C)C(=O)CC[C@@H]12,282.38,0.0,IC50,449.78,nM,Intermediate
CHEMBL3349549,C[C@]12CCC(=O)C=C1C[C@@H](CCc1ccccc1)[C@@H]1[C@@H]2CC[C@]2(C)C(=O)CC[C@@H]12,390.57,1.0,IC50,138.04,nM,Intermediate
CHEMBL3582478,CC(C)(O)c1cncc(-c2nc3ccc(F)cc3n2C2CC2)c1,311.36,0.0,IC50,1021.0,nM,Inactive
CHEMBL4515880,C[C@]12CCC(=O)C=C1[C@H](O)C[C@@H]1[C@@H]2CC[C@]2(C)C(=O)CC[C@@H]12,302.41,0.0,IC50,10990.06,nM,Inactive
CHEMBL168636,O=C1/C(=C/c2cccnc2)CCc2ccccc21,235.29,0.0,IC50,9200.0,nM,Inactive
CHEMBL1629805,C[C@]12CC[C@H]3[C@@H](CCC4=CCCC[C@@]43CO)[C@@H]1CCC2=O,288.43,0.0,IC50,49.0,nM,Active
CHEMBL488,CCC1(c2ccc(N)cc2)CCC(=O)NC1=O,232.28,0.0,IC50,8000.0,nM,Inactive
CHEMBL335408,CC12CCC3C(C1CCC2=O)[C@H](Sc1ccccc1)CC1=C(Oc2ccccc2)C(=O)CCC13C,486.68,1.0,IC50,1650.0,nM,Inactive
CHEMBL5557971,CCOC(=O)C(=O)c1cn(CCCNc2ccc(C(=C(C)c3ccccc3)c3ccccc3)cc2)c2ccccc12,542.68,2.0,IC50,650.0,nM,Intermediate
CHEMBL4847316,N#Cc1ccc(S(=O)(=O)Nc2ccc(/N=N/c3ccccc3)cc2)cc1,362.41,0.0,IC50,7900.0,nM,Inactive
CHEMBL4564333,C[C@H]1C[C@@H]2[C@H](CC[C@]3(C)C(=O)CC[C@@H]23)[C@@]2(C)CCC=C[C@H]12,286.46,1.0,IC50,560.0,nM,Intermediate
CHEMBL4520027,C[C@]12CCC(=O)C=C1[C@@H](O)C[C@@H]1[C@@H]2CC[C@]2(C)C(=O)CC[C@@H]12,302.41,0.0,IC50,880.0,nM,Intermediate
CHEMBL4225257,Clc1cccc(-c2csc(-c3ncccn3)n2)c1,273.75,0.0,IC50,3253.28,nM,Inactive
CHEMBL4462178,O=S(=O)(NCc1cccc(CNS(=O)(=O)c2ccc3ccccc3c2)c1)c1ccc2ccccc2c1,516.64,1.0,IC50,210.0,nM,Intermediate
CHEMBL3245356,COc1ccc(CS[C@@H]2CC3=CC(=O)CC[C@]3(C)[C@H]3CC[C@]4(C)C(=O)CC[C@H]4[C@H]23)cc1,438.63,1.0,IC50,30.97,nM,Active
CHEMBL5282309,CC[C@H]1C[C@@H]2[C@H](CC[C@]3(C)C(=O)CC[C@@H]23)[C@@]2(C)C=CC(=O)C=C12,312.45,0.0,IC50,250.03,nM,Intermediate
CHEMBL5269206,CCCCC[C@H]1C[C@@H]2[C@H](CC[C@]3(C)C(=O)CC[C@@H]23)[C@@]2(C)C=CC(=O)C=C12,354.53,1.0,IC50,139.96,nM,Intermediate
CHEMBL3752102,CCCC[C@@H]1C[C@@H]2[C@H](CC[C@]3(C)C(=O)CC[C@@H]23)[C@@]2(C)CCC(=O)C=C12,342.52,1.0,IC50,510.5,nM,Intermediate
CHEMBL5284759,CCC[C@H]1C[C@@H]2[C@H](CC[C@]3(C)C(=O)CC[C@@H]23)[C@@]2(C)CCC(=O)C=C12,328.5,1.0,IC50,389.94,nM,Intermediate
CHEMBL3754473,C[C@]12CCC(=O)C=C1C=C[C@@H]1[C@@H]2CC[C@]2(C)C(=O)CC[C@@H]12,284.4,0.0,IC50,2197.86,nM,Inactive
CHEMBL5282619,C[C@]12C=CC(=O)C=C1[C@@H](Cc1ccccc1)C[C@@H]1[C@@H]2CC[C@]2(C)C(=O)CC[C@@H]12,374.52,1.0,IC50,269.77,nM,Intermediate
CHEMBL5290344,C[C@]12C=CC(=O)C=C1[C@@H](CCc1ccccc1)C[C@@H]1[C@@H]2CC[C@]2(C)C(=O)CC[C@@H]12,388.55,1.0,IC50,319.89,nM,Intermediate
CHEMBL5266818,CCC1C[C@H]2[C@@H]3CC[C@H](O)[C@@]3(C)CC[C@@H]2[C@@]2(C)CCC(=O)C=C12,316.49,0.0,IC50,52.0,nM,Active
CHEMBL5285796,C#C[C@]12CCC(=O)C=C1CC[C@@H]1[C@@H]2CC[C@]2(C)C(=O)CC[C@@H]12,296.41,0.0,IC50,1000.0,nM,Intermediate
CHEMBL3754241,C[C@]12CCC(=O)C(Sc3ccccc3)=C1CC[C@@H]1[C@@H]2CC[C@]2(C)C(=O)CC[C@@H]12,394.58,1.0,IC50,179.89,nM,Intermediate
CHEMBL5291323,C[C@]12CC[C@H]3[C@@H](CC(=O)[C@]45O[C@H]4CCC[C@]35C)C1CCC2=O,302.41,0.0,IC50,11508.0,nM,Inactive
CHEMBL1630266,C[C@]12CC[C@H]3[C@@H](C[C@H](O)C4=CCCC[C@@]43CO)[C@@H]1CCC2=O,304.43,0.0,IC50,1399.59,nM,Inactive
CHEMBL1630911,C[C@]12CC[C@H]3[C@@H](CC=C4CCCC[C@@]43CO)[C@@H]1CCC2=O,288.43,0.0,IC50,6902.4,nM,Inactive
CHEMBL3754061,C[C@]12CCC(=O)C=C1[C@@H]1[C@H]([C@@H]3[C@@H]2CC[C@]2(C)C(=O)CC[C@@H]32)C1(F)F,334.41,0.0,IC50,1150.8,nM,Inactive
CHEMBL5289394,C[C@]12CCCC=C1[C@H]1C[C@H]1[C@@H]1[C@@H]2CC[C@]2(C)C(=O)CC[C@@H]12,284.44,0.0,IC50,149.97,nM,Intermediate
CHEMBL5283480,CCCCC[C@@H]1C[C@@H]2[C@H](CC[C@]3(C)C(=O)CC[C@@H]23)[C@@]2(C)CCCC=C12,342.57,1.0,IC50,11994.99,nM,Inactive
CHEMBL5266502,CCC[C@H]1C[C@@H]2[C@H](CC[C@]3(C)C(O)CC[C@@H]23)[C@@]2(C)CCCC=C12,316.53,1.0,IC50,59.98,nM,Active
CHEMBL5285526,C[C@@H]1C[C@@H]2[C@H](CC[C@]3(C)C(O)CC[C@@H]23)[C@@]2(C)CCCC=C12,288.48,0.0,IC50,3698.28,nM,Inactive
CHEMBL5269817,C[C@]12CCCCC1=CC(=O)[C@@H]1[C@@H]2CC[C@]2(C)C(O)CC[C@@H]12,288.43,0.0,IC50,1599.56,nM,Inactive
CHEMBL5269737,C[C@]12CC[C@H]3[C@@H](CC=C4C(=O)CCC[C@@]43C)[C@@H]1CC[C@@H]2O,288.43,0.0,IC50,10000.0,nM,Inactive
CHEMBL5275798,C[C@]12CC[C@H]3[C@@H](CC(=O)C4=CCCC[C@@]43C)[C@@H]1CC[C@@H]2O,288.43,0.0,IC50,1798.87,nM,Inactive
CHEMBL3753425,Cc1cc2c(cc1O)CC[C@@H]1[C@@H]2CC[C@]2(C)C(=O)CC[C@@H]12,284.4,0.0,IC50,4295.36,nM,Inactive
CHEMBL299613,COc1cc2c(cc1O)CC[C@@H]1[C@@H]2CC[C@]2(C)[C@@H](O)CC[C@@H]12,302.41,0.0,IC50,19998.62,nM,Inactive
CHEMBL1405,C[C@]12CC[C@@H]3c4ccc(O)cc4CC[C@H]3[C@@H]1CCC2=O,270.37,0.0,IC50,26001.6,nM,Inactive
CHEMBL5270986,CCO[C@H]1C[C@@H]2[C@H](CC[C@]3(C)C(=O)CC[C@@H]23)c2ccc(O)cc21,314.43,0.0,IC50,73960.53,nM,Inactive
CHEMBL5284594,C[C@]12CC[C@@H]3c4ccc(O)cc4[C@H](c4ccccc4)C[C@H]3[C@@H]1CCC2=O,346.47,1.0,IC50,11994.99,nM,Inactive
CHEMBL3753971,C[C@]12CC[C@@H]3c4ccc(O)cc4[C@H](CCCc4ccccc4)C[C@H]3[C@@H]1CC[C@@H]2O,390.57,1.0,IC50,27989.81,nM,Inactive
CHEMBL3752805,CC(=O)OC[C@]12CCCC=C1CC[C@@H]1[C@@H]2CC[C@]2(C)C(=O)CC[C@@H]12,330.47,0.0,IC50,3999.45,nM,Inactive
CHEMBL5426947,Cc1ccc(OS(=O)(=O)C2CC3OC2C(c2ccc(-n4cncn4)cc2)=C3c2ccc(O)cc2)cc1,501.56,1.0,IC50,32.3,nM,Active
CHEMBL5428681,CCN(c1ccc(OC)cc1)S(=O)(=O)C1CC2OC1C(c1ccc(-n3cncn3)cc1)=C2c1ccc(O)cc1,544.63,1.0,IC50,101.12,nM,Intermediate
CHEMBL172263,CC(C)N1C(=O)C2CC2(c2ccc(N)cc2)C1=O,244.29,0.0,IC50,3999.45,nM,Inactive
CHEMBL282573,CC(C)C1(c2ccc(N)cc2)CCC(=O)NC1=O,246.31,0.0,IC50,15995.58,nM,Inactive
CHEMBL1991089,COC(=O)c1ccc(NCC2=CC(=O)c3ccccc3C2=O)cc1,321.33,0.0,IC50,95300.0,nM,Inactive
CHEMBL1672980,COc1ccc(-c2cc(N(Cc3ccc(OS(N)(=O)=O)cc3)n3cnnc3)ccc2C#N)cc1,476.52,0.0,IC50,0.015,nM,Active
CHEMBL3105521,O=C1c2ccccc2OCC1c1ccc(F)cc1,242.25,0.0,IC50,33000.0,nM,Inactive
CHEMBL5425696,CCCCCCCN1C(=O)CC(c2ccc(N)cc2)C1=O,288.39,0.0,IC50,1193.99,nM,Inactive
CHEMBL282079,OC(c1ccc(Cl)cc1)(c1cncnc1)C1CCCCC1,302.81,0.0,IC50,3999.45,nM,Inactive
CHEMBL27797,COc1ccc(C(O)(c2cncnc2)C2CCCCCCC2)cc1,326.44,0.0,IC50,6194.41,nM,Inactive
CHEMBL5432856,CCN1CCc2cccc(C(Cc3ccc(F)cc3)n3ccnc3)c21,335.43,0.0,IC50,61.52,nM,Active
CHEMBL135340,Clc1ccc(C(c2ccc(Cl)cc2)n2ncnn2)cc1,305.17,0.0,IC50,149.97,nM,Intermediate
CHEMBL5402711,Fc1ccccc1Cn1cc(Cc2c[nH]nn2)c2ccccc21,306.34,0.0,IC50,7227.7,nM,Inactive
CHEMBL5425142,N#Cc1ccc(N(CSc2ccc(OS(N)(=O)=O)cc2)n2cnnc2)cc1,402.46,0.0,IC50,5.495,nM,Active
CHEMBL5409338,N#Cc1ccc(N(CCCCCCCCCCSc2ccc(OS(N)(=O)=O)cc2)n2cnnc2)cc1,528.7,1.0,IC50,5.495,nM,Active
CHEMBL5434794,NS(=O)(=O)Oc1ccc(CN(c2ccc3c(c2)OC(F)(F)O3)n2cnnc2)cc1,425.37,0.0,IC50,4064.43,nM,Inactive
CHEMBL5401946,N#Cc1ccc(N(Cc2ccc(O)c(F)c2F)n2cnnc2)cc1,327.29,0.0,IC50,6.699,nM,Active
CHEMBL31760,C=C(c1ccc(C#N)cc1)n1ccnc1,195.22,0.0,IC50,0.6998,nM,Active
CHEMBL5398069,Cc1cccc(C(CCc2c[nH]cn2)c2cccc(C)c2)c1,290.41,0.0,IC50,19998.62,nM,Inactive
CHEMBL5404343,COc1ccc(C(CCc2c[nH]cn2)c2ccc(OC)cc2)cc1,322.41,0.0,IC50,8590.14,nM,Inactive
CHEMBL5417163,Fc1ccc(C(CCc2c[nH]cn2)c2ccc(C(F)(F)F)cc2)cc1,348.34,1.0,IC50,5199.96,nM,Inactive
CHEMBL5436915,FC(F)(F)c1ccc(C(CCc2c[nH]cn2)c2ccc(C(F)(F)F)cc2)cc1,398.35,1.0,IC50,31988.95,nM,Inactive
CHEMBL5423518,Fc1ccc(CCC(Cc2c[nH]cn2)c2ccc(F)cc2)cc1,312.36,0.0,IC50,1300.17,nM,Inactive
CHEMBL5433553,N#Cc1ccc(C(CCCc2ccc(F)cc2)n2cncn2)cc1,320.37,0.0,IC50,119.95,nM,Intermediate
CHEMBL5419123,N#Cc1ccc(CC/C=C(\c2ccc(C#N)cc2)C2C=NC=N2)cc1,324.39,0.0,IC50,500.03,nM,Intermediate
CHEMBL150681,CCCCOc1ccc(-c2ccno2)cc1,217.27,0.0,IC50,5508.08,nM,Inactive
CHEMBL151037,CCCCOc1ccc(-c2ccnn2C)cc1,230.31,0.0,IC50,1967.89,nM,Inactive
CHEMBL113242,O=C(OCc1ccncc1)C12CC3CC(CC(C3)C1)C2,271.36,0.0,IC50,579.43,nM,Intermediate
CHEMBL112509,C[C@H](OC(=O)C12CC3CC(CC(C3)C1)C2)c1cccnc1,285.39,0.0,IC50,35974.93,nM,Inactive
CHEMBL24115,COc1cccc2c1CC(Cc1ccncc1)C2,239.32,0.0,IC50,3999.45,nM,Inactive
CHEMBL2420677,COc1ccc2ccc(-c3cccnc3)c(Cl)c2c1F,287.72,0.0,IC50,2000.0,nM,Inactive
CHEMBL1784813,CC1(C)Oc2ccc(S(=O)(=O)NCCCn3ccnc3)cc2NC1=O,364.43,0.0,IC50,499.0,nM,Intermediate
CHEMBL3407536,C[C@]12C=CC(=O)C=C1[C@@]1(CO1)C[C@@H]1[C@@H]2CC[C@]2(C)C(=O)CC[C@@H]12,312.41,0.0,IC50,730.0,nM,Intermediate
CHEMBL5286866,CC1C[C@H]2[C@@H]3CC[C@H](O)[C@@]3(C)CC[C@@H]2[C@@]2(C)C=CC(=O)C=C12,300.44,0.0,IC50,66.99,nM,Active
CHEMBL5281692,C=C[C@]12CCC(=O)C=C1CC[C@@H]1[C@@H]2CC[C@]2(C)C(=O)CC[C@@H]12,298.43,0.0,IC50,100.0,nM,Intermediate
CHEMBL3754457,C[C@H]1C[C@@H]2[C@H](CC[C@]3(C)[C@@H](O)CC[C@@H]23)c2ccc(O)cc21,286.42,0.0,IC50,19010.78,nM,Inactive
CHEMBL1825030,N#Cc1ccc(Cn2cc(-c3ccccc3)nn2)cc1,260.3,0.0,IC50,3380.0,nM,Inactive
CHEMBL3421766,O=[N+]([O-])c1ccc(-c2cccnc2)c(OCCc2ccccc2)c1,320.35,0.0,IC50,75.0,nM,Active
CHEMBL5290784,C[C@]12CCC(=O)C[C@@H]1C(=O)C[C@@H]1[C@@H]2CC[C@]2(C)C(=O)CC[C@@H]12,302.41,0.0,IC50,3999.45,nM,Inactive
CHEMBL5267936,C[C@]12CC[C@H](O)C[C@@H]1CC[C@@H]1[C@@H]2CC[C@]2(C)C(=O)/C(=C\c3ccccc3)C[C@@H]12,378.56,1.0,IC50,7277.8,nM,Inactive
CHEMBL5283707,COc1ccc([C@@H]2[C@H]3C[C@H]4[C@@H]5CCC6=CC(=O)C=C[C@]6(C)[C@H]5CC[C@]4(C)C3=NN2C(C)=O)cc1,458.6,1.0,IC50,2648.5,nM,Inactive
CHEMBL3623219,CC[C@@H]1C[C@@]2(C)C(=CC1=O)CC[C@@H]1[C@@H]2CC[C@]2(C)C(=O)CC[C@@H]12,314.47,0.0,IC50,479.73,nM,Intermediate
CHEMBL5288187,CCC1=C[C@@]2(C)C(=CC1=O)CC[C@@H]1[C@@H]2CC[C@]2(C)C(=O)CC[C@@H]12,312.45,0.0,IC50,959.4,nM,Intermediate
CHEMBL5266867,CCCCOC1=C[C@@]2(C)C(=CC1=O)CC[C@@H]1[C@@H]2CC[C@]2(C)C(=O)CC[C@@H]12,356.51,1.0,IC50,29580.12,nM,Inactive
CHEMBL3754183,CC1=C[C@@]2(C)C(=CC1=O)CC[C@@H]1[C@@H]2CC[C@]2(C)C(=O)CC[C@@H]12,298.43,0.0,IC50,580.0,nM,Intermediate
CHEMBL3752351,CC(=O)O[C@@H]1C=C2C(=O)C[C@@H]3[C@H](CC[C@]4(C)C(=O)CC[C@@H]34)[C@@]2(C)CC1,344.45,0.0,IC50,1700.0,nM,Inactive
CHEMBL3754489,C[C@]12CCC(=O)C(Oc3ccccc3)=C1C[C@@H](Sc1ccccc1)[C@@H]1[C@@H]2CC[C@]2(C)C(=O)CC[C@@H]12,486.68,1.0,IC50,1650.0,nM,Inactive
CHEMBL3753645,C[C@]12CCC(=O)C=C1[C@@H](OC(=O)CBr)C[C@@H]1[C@@H]2CC[C@]2(C)C(=O)CC[C@@H]12,423.35,0.0,IC50,2800.0,nM,Inactive
CHEMBL3752510,CSCC[C@]12CCC(=O)C=C1CC[C@@H]1C2=CC[C@]2(C)C(=O)CC[C@@H]12,344.52,0.0,IC50,12.0,nM,Active
CHEMBL509962,N#Cc1ccc2[nH]c(-c3ccccc3)cc2c1,218.26,0.0,IC50,3340.0,nM,Inactive
CHEMBL4204862,Brc1ccc2[nH]c(-c3ccccc3)cc2c1,272.14,0.0,IC50,39710.0,nM,Inactive
CHEMBL5561070,C[n+]1ccc(/C=C/c2cc3c(O)c(c2)Cc2cc(C(C)(C)C)cc(c2OCCCn2cc(CN4C(=O)C(=O)c5cc(I)ccc54)nn2)Cc2cc(/C=C/c4cc[n+](C)cc4)cc(c2O)Cc2cc(C(C)(C)C)cc(c2OCCCn2cc(CN4C(=O)C(=O)c5cc(I)ccc54)nn2)C3)cc1.[I-].[I-],1815.18,,IC50,1034.0,nM,Inactive
CHEMBL1939366,c1cncc(-c2nsc(-c3cccnc3)n2)c1,240.29,0.0,IC50,240.0,nM,Intermediate
CHEMBL5568308,C[n+]1ccc(/C=C/c2cc3c(O)c(c2)Cc2cc(C(C)(C)C)cc(c2OCCCn2cc(CN4C(=O)C(=O)c5cc(Br)ccc54)nn2)Cc2cc(/C=C/c4cc[n+](C)cc4)cc(c2O)Cc2cc(C(C)(C)C)cc(c2OCCCn2cc(CN4C(=O)C(=O)c5cc(Br)ccc54)nn2)C3)cc1.[I-].[I-],1721.18,,IC50,315.0,nM,Intermediate
CHEMBL3415152,Fc1cc2c(cc1-c1cccnc1)CCc1nncn1-2,266.28,0.0,IC50,10000.0,nM,Inactive
CHEMBL3415155,Cc1nnc2n1-c1c(F)cc(-c3cccnc3)cc1CC2,280.31,0.0,IC50,10000.0,nM,Inactive
CHEMBL3752065,CCCCC[C@@H]1C[C@@H]2[C@H](CC[C@]3(C)C(=O)CC[C@@H]23)[C@@]2(C)C=CC(=O)C=C12,354.53,1.0,IC50,53.95,nM,Active
CHEMBL5285647,CCCCCC[C@@H]1C[C@@H]2[C@H](CC[C@]3(C)C(=O)CC[C@@H]23)[C@@]2(C)C=CC(=O)C=C12,368.56,1.0,IC50,76.03,nM,Active
CHEMBL3752661,CC[C@@H]1C[C@@H]2[C@H](CC[C@]3(C)C(=O)CC[C@@H]23)[C@@]2(C)CCC(=O)C=C12,314.47,0.0,IC50,139.96,nM,Intermediate
CHEMBL3752347,C[C@]12CCC(=O)C=C1[C@@H](Cc1ccccc1)C[C@@H]1[C@@H]2CC[C@]2(C)C(=O)CC[C@@H]12,376.54,1.0,IC50,660.69,nM,Intermediate
CHEMBL2058267,C[C@]12CC=CC[C@@H]1CC[C@@H]1[C@@H]2CC[C@]2(C)C(=O)CC[C@@H]12,272.43,0.0,IC50,1733.8,nM,Inactive
CHEMBL3752648,CCC1=C[C@@H]2[C@H](CC[C@]3(C)C(=O)CC[C@@H]23)[C@@]2(C)CCC(=O)C=C12,312.45,0.0,IC50,389.94,nM,Intermediate
CHEMBL3752506,CCCCC1=C[C@@H]2[C@H](CC[C@]3(C)C(=O)CC[C@@H]23)[C@@]2(C)CCC(=O)C=C12,340.51,1.0,IC50,264.85,nM,Intermediate
CHEMBL3753810,CC[C@@H]1C[C@@H]2[C@H](CC[C@]3(C)C(=O)CC[C@@H]23)[C@@]2(C)C=CC(=O)C=C12,312.45,0.0,IC50,53.95,nM,Active
CHEMBL5275780,C[C@]12C=CC(=O)C=C1[C@@H](CCCCCc1ccccc1)C[C@@H]1[C@@H]2CC[C@]2(C)C(=O)CC[C@@H]12,430.63,1.0,IC50,330.37,nM,Intermediate
CHEMBL5278956,COC1=C2C(=O)C[C@@H]3[C@H](CC[C@]4(C)C(=O)CC[C@@H]34)[C@@]2(C)CC(C)(C)C1=O,358.48,0.0,IC50,1901.08,nM,Inactive
CHEMBL3752288,C[C@]12C=CC(=O)C(Sc3ccccc3)=C1CC[C@@H]1[C@@H]2CC[C@]2(C)C(=O)CC[C@@H]12,392.56,1.0,IC50,500.03,nM,Intermediate
CHEMBL5266698,C[C@]12CC[C@H]3[C@@H](C=CC45OC4C(=O)CC[C@]35C)[C@@H]1CCC2=O,300.4,0.0,IC50,15310.87,nM,Inactive
CHEMBL5270168,C[C@]12CCC(=O)C=C1[C@H](O)C(N=[N+]=[N-])[C@@H]1[C@@H]2CC[C@]2(C)C(=O)CC[C@@H]12,343.43,0.0,IC50,3026.91,nM,Inactive
CHEMBL1630262,CCCCCC(=O)OC1=C2CC[C@@H]3[C@H](CC[C@]4(C)C(=O)CC[C@@H]34)[C@@]2(C)CCC1,386.58,1.0,IC50,1798.87,nM,Inactive
CHEMBL5284841,C[C@]12CCC(=O)c3c1c(nn3Cc1ccccc1)C[C@@H]1[C@@H]2CC[C@]2(C)C(=O)CC[C@@H]12,402.54,0.0,IC50,341.98,nM,Intermediate
CHEMBL5285807,C[C@]12CCC(=O)c3nn(Cc4cccc([N+](=O)[O-])c4)c(c31)C[C@@H]1[C@@H]2CC[C@]2(C)C(=O)CC[C@@H]12,447.54,0.0,IC50,489.78,nM,Intermediate
CHEMBL5281516,CC[C@@H]1C[C@@H]2[C@H](CC[C@]3(C)C(=O)CC[C@@H]23)[C@@]2(C)CCCC=C12,300.49,1.0,IC50,319.89,nM,Intermediate
CHEMBL5271283,CCCC[C@H]1C[C@@H]2[C@H](CC[C@]3(C)C(=O)CC[C@@H]23)c2ccc(O)cc21,326.48,1.0,IC50,34994.52,nM,Inactive
CHEMBL3422031,CC/C(=C(/c1ccccc1)c1ccc(OCCN)cc1)c1ccccc1,343.47,1.0,IC50,913.0,nM,Intermediate
CHEMBL4764457,Oc1ccc(C(=C(Cn2cncn2)c2ccc(O)c(F)c2)c2ccc(O)cc2)cc1,403.41,0.0,IC50,2980.0,nM,Inactive
CHEMBL3359960,O=C(Cn1ccnc1)c1ccc(OCc2ccccc2)cc1,292.34,0.0,IC50,4490.0,nM,Inactive
CHEMBL3623217,C[C@]12CC[C@H]3[C@@H](CCC4=C(Sc5ccccc5)C(=O)CC[C@@]43C)[C@@H]1C[C@H](C#N)[C@@H]2O,421.61,1.0,IC50,169.3,nM,Intermediate
CHEMBL3818442,C[C@]12Cc3cc[nH]c3C(=O)[C@@H]1CC[C@@H]1[C@@H]2CC[C@]2(C)[C@@H](O)CC[C@@H]12,327.47,0.0,IC50,512.0,nM,Intermediate
CHEMBL9298,N#Cc1ccc(C2CCCc3cncn32)cc1,223.28,0.0,IC50,41.0,nM,Active
CHEMBL9298,N#Cc1ccc(C2CCCc3cncn32)cc1,223.28,0.0,IC50,29.5,nM,Active
CHEMBL488,CCC1(c2ccc(N)cc2)CCC(=O)NC1=O,232.28,0.0,IC50,10000.0,nM,Inactive
CHEMBL351850,C[C@]12CC=C3C(CCC4=CC(=O)CC[C@@]43CCSCCCl)C1CCC2=O,392.99,1.0,IC50,1000.0,nM,Intermediate
CHEMBL3421767,O=[N+]([O-])c1ccc(-c2cccnc2)c(OCCCc2ccccc2)c1,334.38,0.0,IC50,137.0,nM,Intermediate
CHEMBL3421778,FC(F)(F)c1ccc(-c2ccncc2)c(OCCc2ccccc2)c1,343.35,1.0,IC50,2090.0,nM,Inactive
CHEMBL3623213,C[C@]12CCC(=O)C=C1CC[C@@H]1[C@@H]2CC[C@]2(C)C(=O)[C@@H](n3ccnc3)C[C@@H]12,352.48,0.0,IC50,180.0,nM,Intermediate
CHEMBL3623228,COc1cc(C2CC(=O)Oc3cc4c(cc32)OCO4)cc(OC)c1O,344.32,0.0,IC50,12100.0,nM,Inactive
CHEMBL3622067,N#Cc1ccc(N(CCc2coc3ccc(OS(N)(=O)=O)cc23)n2cnnc2)cc1,424.44,0.0,IC50,4.0,nM,Active
CHEMBL3622071,CC(C)(C#N)c1cc(Cn2cncn2)cc(Sc2ccc(OS(N)(=O)=O)c(Cl)c2)c1,463.97,0.0,IC50,4.2,nM,Active
CHEMBL3622076,CC(C)(C#N)c1cc(Cn2cncn2)cc(Oc2ccc(OS(N)(=O)=O)cc2)c1,413.46,0.0,IC50,5.5,nM,Active
CHEMBL1444,N#Cc1ccc(C(c2ccc(C#N)cc2)n2cncn2)cc1,285.31,0.0,IC50,5.3,nM,Active
CHEMBL5283967,C[C@]12CC[C@H]3[C@@H](C[C@H]4O[C@]45C(=O)CCC[C@]35C)C1CCC2=O,302.41,0.0,IC50,12502.59,nM,Inactive
CHEMBL1630273,C[C@]12CC[C@H]3[C@@H](CC=C4[C@H](O)CCC[C@@]43CO)[C@@H]1CCC2=O,304.43,0.0,IC50,6807.69,nM,Inactive
CHEMBL5288646,C[C@]12CC[C@H]3[C@@H](CC=C4C(=O)CCC[C@@]43C=O)[C@@H]1CCC2=O,300.4,0.0,IC50,26977.39,nM,Inactive
CHEMBL3754485,C[C@]12CCCC=C1CC[C@@H]1[C@@H]2CC[C@]2(C)C(=O)[C@@H](Br)C[C@@H]12,351.33,1.0,IC50,5902.01,nM,Inactive
CHEMBL5290876,C[C@]12CC[C@H]3[C@@H](CCC4=CCCC[C@@]43CO)[C@@H]1C[C@@H](O)C2=O,304.43,0.0,IC50,8994.98,nM,Inactive
CHEMBL287647,CCC(C)CC1(c2ccc(N)cc2)CCC(=O)NC1=O,274.36,0.0,IC50,1100.0,nM,Inactive
CHEMBL159073,O=c1c2ccccc2oc2c(Cn3ccnc3)ccc([N+](=O)[O-])c12,321.29,0.0,IC50,40.0,nM,Active
CHEMBL10026,O=C1/C(=C/c2ccncc2)C(c2ccccc2)Oc2ccccc21,313.36,0.0,IC50,800.0,nM,Intermediate
CHEMBL1629803,C[C@]12CC[C@H]3O[C@H]3[C@@H]1CC[C@@H]1[C@@H]2CC[C@]2(C)[C@@H](O)CC[C@@H]12,290.45,0.0,IC50,6500.0,nM,Inactive
CHEMBL3422041,NCCOc1ccc(/C(=C(\Cn2ccnc2)c2ccccc2)c2ccc(O)cc2)cc1,411.51,0.0,IC50,16.9,nM,Active
CHEMBL2430505,O=S(=O)(NCCc1ccccc1)c1ccc(-n2cc(-c3ccccc3)nn2)cc1,404.5,0.0,IC50,12500.0,nM,Inactive
CHEMBL2430497,O=c1ccc2ccc(OCc3cn(-c4ccc(S(=O)(=O)NCCc5ccccc5)cc4)nn3)cc2o1,502.55,1.0,IC50,12500.0,nM,Inactive
CHEMBL4590541,O=S(=O)(NCc1cccc(CNS(=O)(=O)c2ccc(Br)cc2)c1)c1ccc(Br)cc1,574.32,1.0,IC50,60.0,nM,Active
CHEMBL3805851,O=S(=O)(c1ccc2nsnc2c1)N1CCCC(Cn2ccnc2)C1,363.47,0.0,IC50,7.0,nM,Active
CHEMBL3804849,O=C(O)c1cc(S(=O)(=O)N2CCCC(Cn3ccnc3)C2)ccc1O,365.41,0.0,IC50,339.0,nM,Intermediate
CHEMBL3805814,COc1ccc(S(=O)(=O)N2CCCC(Cn3ccnc3)C2)cc1Br,414.32,0.0,IC50,6.0,nM,Active
CHEMBL3805539,O=S(=O)(c1ccc(OC2CCCC2)c(F)c1)N1CCCC(Cn2ccnc2)C1,407.51,0.0,IC50,22.0,nM,Active
CHEMBL1784801,COc1ccc(S(=O)(=O)N2CCCC(Cn3ccnc3)C2)cc1C(C)(C)C,391.54,0.0,IC50,9.0,nM,Active
CHEMBL3623216,C[C@]12CC(C#N)=C(O)C(=O)[C@@H]1CC[C@@H]1[C@@H]2CC[C@]2(C)[C@@H](O)CC[C@@H]12,329.44,0.0,IC50,1019.8,nM,Inactive
CHEMBL3589966,COc1cc2c(cc1OC)CN(S(=O)(=O)c1cccc(-n3cc(COc4cc(=O)oc5ccccc45)nn3)c1)CC2,574.62,1.0,IC50,1800.0,nM,Inactive
CHEMBL3582477,CC(C)(O)c1cncc(-c2nc3cc(F)c(F)cc3n2C2CC2)c1,329.35,0.0,IC50,1268.0,nM,Inactive
CHEMBL132530,C[C@]12CCC(=O)C(O)=C1CC[C@@H]1[C@@H]2CC[C@]2(C)C(=O)CC[C@@H]12,302.41,0.0,IC50,369.83,nM,Intermediate
CHEMBL3752414,C[C@@H]1C[C@@]2(C)C(=CC1=O)CC[C@@H]1[C@@H]2CC[C@]2(C)C(=O)CC[C@@H]12,300.44,0.0,IC50,250.03,nM,Intermediate
CHEMBL2179107,CO[C@@H]1C[C@@H]2[C@H](CC[C@]3(C)C(=O)CC[C@@H]23)[C@@]2(C)C=CC(=O)C=C12,314.43,0.0,IC50,619.44,nM,Intermediate
CHEMBL2113524,C[C@]12CCC(=O)C(SC(F)F)=C1CC[C@@H]1[C@@H]2CC[C@]2(C)C(=O)CC[C@@H]12,368.49,1.0,IC50,2700.0,nM,Inactive
CHEMBL3622072,CC(C)(C#N)c1cc(Cn2cncn2)cc(Sc2ccc(OS(N)(=O)=O)c(Br)c2)c1,508.42,1.0,IC50,5.0,nM,Active
CHEMBL3968178,O=S(=O)(C(F)F)N1CCN(c2ccc(OC[C@@H]3CO[C@@](Cn4ccnc4)(c4ccc(Cl)cc4Cl)O3)cc2)CC1,603.48,1.0,IC50,3800.0,nM,Inactive
CHEMBL3752973,CC[C@]12C=CC(=O)C=C1CC[C@H]1[C@@H]3CCC(=O)[C@@]3(C)CC[C@@H]12,298.43,0.0,IC50,159.96,nM,Intermediate
CHEMBL5268672,C[C@]12CC[C@H]3[C@@H](CC(=O)C4=CCCC[C@@]43C=O)[C@@H]1CCC2=O,300.4,0.0,IC50,5794.29,nM,Inactive
CHEMBL2003274,C[C@]12CCC(=O)C=C1CC[C@@H]1[C@@H]2CC[C@]2(C)C(=O)/C(=C/c3ccncc3)C[C@@H]12,375.51,1.0,IC50,5200.0,nM,Inactive
CHEMBL3621226,CC(=O)[C@@]1(C)CC[C@H]2[C@@H](C=CC3=CC(=O)CC[C@@]32C)[C@@H]1CC#N,311.43,0.0,IC50,220.0,nM,Intermediate
CHEMBL293122,C1=C(CCn2ccnc2)c2cccnc2CC1,225.29,0.0,IC50,500.0,nM,Intermediate
CHEMBL3623230,c1ccc(Cn2c3ccccc3c3ccccc32)cc1,257.34,0.0,IC50,2700.0,nM,Inactive
CHEMBL437731,O=c1cc(Cn2ccnc2)c2ccc(Oc3ccccc3)cc2o1,318.33,0.0,IC50,51.0,nM,Active
CHEMBL3359958,COc1cc(COc2ccc3c(Cn4ccnc4)cc(=O)oc3c2)cc(OC)c1OC,422.44,0.0,IC50,349.0,nM,Intermediate
CHEMBL1688899,O=c1cc(Cn2ccnc2)c2ccc(OCc3ccc(OC(F)(F)F)cc3)cc2o1,416.36,0.0,IC50,481.0,nM,Intermediate
CHEMBL100749,Cn1nnc2ccc(C(c3ccc(Cl)cc3)n3cncn3)cc21,324.77,0.0,IC50,1.4,nM,Active
CHEMBL3623232,N#Cc1ccc(N(Cc2ccc(OS(N)(=O)=O)cc2F)n2ccnc2)cc1,387.4,0.0,IC50,0.2,nM,Active
CHEMBL3913908,CCS(=O)(=O)N1CCN(c2ccc(OC[C@@H]3CO[C@@](Cn4ccnc4)(c4ccc(Cl)cc4Cl)O3)cc2)CC1,581.52,1.0,IC50,1600.0,nM,Inactive
CHEMBL3894912,CC(C)S(=O)(=O)N1CCN(c2ccc(OC[C@@H]3CO[C@@](Cn4ccnc4)(c4ccc(Cl)cc4Cl)O3)cc2)CC1,595.55,1.0,IC50,1200.0,nM,Inactive
CHEMBL3938615,O=S(=O)(N1CCN(c2ccc(OC[C@@H]3CO[C@@](Cn4ccnc4)(c4ccc(Cl)cc4Cl)O3)cc2)CC1)C(F)(F)F,621.47,1.0,IC50,790.0,nM,Intermediate
CHEMBL3799363,C[C@]12CCC(=O)C=C1CC[C@@H]1C2=CC[C@]2(C)C(=O)CC[C@@H]12,284.4,0.0,IC50,250.0,nM,Intermediate
CHEMBL4556427,O=S(=O)(NCc1cccc(CNS(=O)(=O)c2ccc(C(F)(F)F)cc2)c1)c1ccc(C(F)(F)F)cc1,552.52,1.0,IC50,430.0,nM,Intermediate
CHEMBL4543747,COc1ccc(S(=O)(=O)Nc2cccc(NS(=O)(=O)c3ccc(OC)cc3)c2)cc1,448.52,0.0,IC50,530.0,nM,Intermediate
CHEMBL1939533,Cc1cc(Cl)ccc1-c1nsc(-c2ccc(Cl)cc2C)n1,335.26,1.0,IC50,50000.0,nM,Inactive
CHEMBL1939536,Clc1ccc(Cl)c(-c2nsc(-c3cc(Cl)ccc3Cl)n2)c1,376.09,1.0,IC50,50000.0,nM,Inactive
CHEMBL1939537,Clc1ccc(-c2nsc(-c3ccc(Cl)c(Cl)c3)n2)cc1Cl,376.09,1.0,IC50,50000.0,nM,Inactive
CHEMBL288242,C[C@]12CCC(=O)C(S)=C1CCC1C2CC[C@]2(C)C(=O)CCC12,318.48,0.0,IC50,3500.0,nM,Inactive
CHEMBL1957214,c1cncc(-c2csc(-c3ccncc3)n2)c1,239.3,0.0,IC50,4.0,nM,Active
CHEMBL1957221,COc1ccc(-c2csc(-c3ccncc3)n2)cn1,269.33,0.0,IC50,1040.0,nM,Inactive
CHEMBL5286895,C[C@@H]1C[C@@]2(CO)C(=CC1=O)CC[C@@H]1[C@@H]2CC[C@]2(C)C(=O)CC[C@@H]12,316.44,0.0,IC50,10990.06,nM,Inactive
CHEMBL3754505,C[C@]12CCC(=O)C=C1C=C(Cc1ccccc1)[C@@H]1[C@@H]2CC[C@]2(C)C(=O)CC[C@@H]12,374.52,1.0,IC50,599.79,nM,Intermediate
CHEMBL5269293,C[C@]12CCC(=O)C=C1C=C(Cc1ccc([N+](=O)[O-])cc1)[C@@H]1[C@@H]2CC[C@]2(C)C(=O)CC[C@@H]12,419.52,1.0,IC50,928.97,nM,Intermediate
CHEMBL5275417,CCCCCC(=O)O[C@@H]1C[C@@H]2[C@H](CC[C@]3(C)C(=O)CC[C@@H]23)[C@@]2(C)CCC(=O)C=C12,400.56,1.0,IC50,529.66,nM,Intermediate
CHEMBL5287473,CCCCCCC(=O)O[C@@H]1C[C@@H]2[C@H](CC[C@]3(C)C(=O)CC[C@@H]23)[C@@]2(C)CCC(=O)C=C12,414.59,1.0,IC50,1499.68,nM,Inactive
CHEMBL5291406,CCCCO[C@@H]1C[C@@H]2[C@H](CC[C@]3(C)C(=O)CC[C@@H]23)[C@@]2(C)CCC(=O)C=C12,358.52,0.0,IC50,419.76,nM,Intermediate
CHEMBL5270927,C[C@]12C=CC(=O)C=C1[C@H](Oc1ccccc1)C[C@@H]1[C@@H]2CC[C@]2(C)C(=O)CC[C@@H]12,376.5,0.0,IC50,15995.58,nM,Inactive
CHEMBL2179108,CCO[C@@H]1C[C@@H]2[C@H](CC[C@]3(C)C(=O)CC[C@@H]23)[C@@]2(C)C=CC(=O)C=C12,328.45,0.0,IC50,559.76,nM,Intermediate
CHEMBL479385,N#Cc1ccc(C(c2ccc(O)c(Cl)c2)n2cncn2)cc1,310.74,0.0,IC50,5.5,nM,Active
CHEMBL5277126,CCCOc1ccc(C(=O)c2ccc(Cn3ccnc3)cc2)cc1,320.39,0.0,IC50,374.0,nM,Intermediate
CHEMBL2312966,C=C(c1cccnc1)c1cc2c3c(c1)CCN3C(=O)CC2,276.34,0.0,IC50,5000.0,nM,Inactive
CHEMBL159073,O=c1c2ccccc2oc2c(Cn3ccnc3)ccc([N+](=O)[O-])c12,321.29,0.0,IC50,40.0,nM,Active
CHEMBL3622060,N#Cc1ccc(N(CCCS(=O)(=O)c2ccc(O)cc2)n2cnnc2)cc1,383.43,0.0,IC50,15.0,nM,Active
CHEMBL479559,N#Cc1ccc([C@H](c2ccc(OS(N)(=O)=O)c(Br)c2)n2cncn2)cc1,434.28,0.0,IC50,3.2,nM,Active
CHEMBL2430510,O=Cc1ccc(OCc2cn(-c3ccc(S(=O)(=O)NCCc4ccccc4)cc3)nn2)cc1,462.53,0.0,IC50,7900.0,nM,Inactive
CHEMBL3264675,O=c1cc(OCc2cn(-c3ccc(S(=O)(=O)N4CCc5ccccc5C4)cc3)nn2)c2ccccc2o1,514.56,1.0,IC50,12500.0,nM,Inactive
CHEMBL1171987,Nc1cccc(-c2ccc(Cc3ccncc3)cc2)c1,260.34,0.0,IC50,2830.0,nM,Inactive
CHEMBL3622437,COC(=O)c1cncc(-c2ccc3c(c2)CCc2nnc(C)n2-3)c1,320.35,0.0,IC50,10000.0,nM,Inactive
CHEMBL1096744,O=C1c2ccc(Oc3ccccc3)cc2OC(SCc2cccnc2)C1c1ccccc1,439.54,1.0,IC50,210.0,nM,Intermediate
CHEMBL1444,N#Cc1ccc(C(c2ccc(C#N)cc2)n2cncn2)cc1,285.31,0.0,IC50,9.9,nM,Active
CHEMBL2165320,O=C1CCc2cc(-c3cccnc3)c(OCc3ccccc3)cc2N1,330.39,0.0,IC50,35.0,nM,Active
CHEMBL29339,CCCCCCC1(c2ccc(N)cc2)CCC(=O)NC1=O,288.39,0.0,IC50,1500.0,nM,Inactive
CHEMBL465881,CC(C)=CCc1cc2cc(-c3cc(O)cc(O)c3)oc2cc1O,310.35,0.0,IC50,31100.0,nM,Inactive
CHEMBL3422033,CC/C(=C(/c1ccc(N)cc1)c1ccc(OCCN)cc1)c1ccc(O)cc1,374.48,0.0,IC50,48.1,nM,Active
CHEMBL5426251,COc1ccc(N(C)S(=O)(=O)C2CC3OC2C(c2ccc(-n4ccnc4)cc2)=C3c2ccc(O)cc2)cc1,529.62,1.0,IC50,286.42,nM,Intermediate
CHEMBL3623215,C[C@]12Cc3cn[nH]c3C(=O)[C@@H]1CC[C@@H]1[C@@H]2CC[C@]2(C)[C@@H](O)CC[C@@H]12,328.46,0.0,IC50,512.0,nM,Intermediate
CHEMBL3752216,COc1ccc([C@@H]2[C@H]3C[C@H]4[C@@H]5CCC6=CC(=O)C=C[C@]6(C)[C@H]5CC[C@]4(C)C3=NN2C)cc1,430.59,1.0,IC50,1820.0,nM,Inactive
CHEMBL3623212,COc1cc(/C=C2\C[C@H]3[C@@H]4CC=C5C[C@@H](O)CC[C@]5(C)[C@H]4CC[C@]3(C)[C@H]2O)ccc1OCCCn1ccnc1,532.73,2.0,IC50,2400.0,nM,Inactive
CHEMBL3924170,COc1cnc(NS(=O)(=O)c2ccc(N/C=C\C(=O)c3cc4ccccc4oc3=O)cc2)nc1,478.49,0.0,IC50,6000.0,nM,Inactive
CHEMBL3752637,C[C@]12CC[C@H]3[C@@H](Cc4noc5c4[C@]3(C)CCC5=O)[C@@H]1CC[C@@H]2O,315.41,0.0,IC50,18570.0,nM,Inactive
CHEMBL3819549,C=CC[C@@H]1CC2=CC(=O)C=C[C@]2(C)[C@H]2CC[C@]3(C)[C@@H](O)CC[C@H]3[C@H]12,326.48,0.0,IC50,450.0,nM,Intermediate
CHEMBL4077259,N=C(N)NS(=O)(=O)c1ccc(N/C=C\C(=O)c2ccc3c(c2)Nc2ccccc2S3)cc1,465.56,0.0,IC50,9670.0,nM,Inactive
CHEMBL4080965,O=c1ccc2ccc(-c3ccncc3)cc2o1,223.23,0.0,IC50,2600.0,nM,Inactive
CHEMBL4098990,O=c1ccc2ccc(-c3cccnc3)cc2o1,223.23,0.0,IC50,30.3,nM,Active
CHEMBL1939520,Fc1ccc(-c2nsc(-c3ccc(F)cc3)n2)cc1,274.3,0.0,IC50,50000.0,nM,Inactive
CHEMBL1939528,Ic1cccc(-c2nsc(-c3cccc(I)c3)n2)c1,490.11,1.0,IC50,50000.0,nM,Inactive
CHEMBL1939549,N#Cc1cccc(-c2nsc(-c3cccc(C#N)c3)n2)c1,288.34,0.0,IC50,50000.0,nM,Inactive
CHEMBL111234,Oc1ccc(CCc2cc(O)cc(O)c2)cc1,230.26,0.0,IC50,50000.0,nM,Inactive
CHEMBL134509,CC(C(=O)OC12CC3CC(CC(C3)C1)C2)c1cccnc1,285.39,0.0,IC50,9100.0,nM,Inactive
CHEMBL3754174,CCO[C@@H]1C[C@@]2(C)C(=CC1=O)CC[C@@H]1[C@@H]2CC[C@]2(C)C(=O)CC[C@@H]12,330.47,0.0,IC50,11803.21,nM,Inactive
CHEMBL3754720,C[C@]12C[C@@H](Cl)C(=O)C=C1CC[C@@H]1[C@@H]2CC[C@]2(C)C(=O)CC[C@@H]12,320.86,0.0,IC50,1399.59,nM,Inactive
CHEMBL389924,CC(C)=CCc1cc(C2CC(=O)c3ccc(O)cc3O2)ccc1O,324.38,0.0,IC50,62000.0,nM,Inactive
CHEMBL3925065,CC(=C(c1ccc(O)cc1)c1ccc(OCC(N)=O)cc1)c1ccc([N+](=O)[O-])cc1,404.42,0.0,IC50,9724.0,nM,Inactive
CHEMBL5396706,CCCCCCC1(c2ccc(N)cc2)CCNC1=O,260.38,0.0,IC50,1721.87,nM,Inactive
CHEMBL5432998,c1ccc(Cn2cc(Cn3ccnn3)c3ccccc32)cc1,288.35,0.0,IC50,314.77,nM,Intermediate
CHEMBL135381,Cc1ccc(C(c2ccc(C)cc2)n2ccnc2)cc1,262.36,0.0,IC50,6.397,nM,Active
CHEMBL5418345,N#Cc1ccc(N(CCc2ccc(OS(N)(=O)=O)c(Cl)c2)n2cnnc2)cc1,418.87,0.0,IC50,1.698,nM,Active
CHEMBL5424630,Cn1cc(CCN(c2ccc(C#N)cc2)n2cnnc2)c2cc(O)ccc21,358.41,0.0,IC50,1.5,nM,Active
CHEMBL5410011,Oc1ccc(C(c2ccc(Cl)cc2)n2cncn2)cc1Br,364.63,0.0,IC50,2.301,nM,Active
CHEMBL4465348,N#Cc1ccc(N(Cc2ccc(OS(N)(=O)=O)cc2F)n2cnnc2)cc1,388.38,0.0,IC50,38.99,nM,Active
CHEMBL285973,O=C1/C(=C\c2ccncc2)Cc2ccccc21,221.26,0.0,IC50,25003.45,nM,Inactive
CHEMBL66867,COc1ccc2c(c1)C1C(CC2)C1(C)c1ccncc1,265.36,0.0,IC50,369.83,nM,Intermediate
CHEMBL5426314,Fc1cc(F)c2ccc(Cn3ccnc3)cc2c1,244.24,0.0,IC50,359.75,nM,Intermediate
CHEMBL102409,O=C(Cc1ccncc1)OC1CCCCC1,219.28,0.0,IC50,299.92,nM,Intermediate
CHEMBL158984,O=c1ccoc2cc(Cn3ccnc3)ccc12,226.24,0.0,IC50,100.0,nM,Intermediate
CHEMBL5426214,COc1ccc2c(c1)OC(c1ccc(O)c(OC)c1)CC2=O,300.31,0.0,IC50,5395.11,nM,Inactive
CHEMBL5413924,COc1ccc(/C=C\c2c(CC=C(C)C)c(O)cc(O)c2CC=C(C)C)cc1,378.51,1.0,IC50,4295.36,nM,Inactive
CHEMBL5409753,COc1ccc(/C=C\c2c(CC=C(C)C)c(O)cc3c2CCC(C)(C)O3)cc1O,394.51,1.0,IC50,9397.23,nM,Inactive
CHEMBL52509,c1cnc2c(c1)C(n1ccnc1)CCC2,199.26,0.0,IC50,6397.35,nM,Inactive
CHEMBL301106,c1cnc2c(c1)C(CCCn1ccnc1)CCC2,241.34,0.0,IC50,349.95,nM,Intermediate
CHEMBL460382,c1cc(CCn2ccnc2)c2ccsc2c1,228.32,0.0,IC50,3556.31,nM,Inactive
CHEMBL1171091,Nc1ccc(/C=C/c2cc(N)cc(N)c2)cc1,225.29,0.0,IC50,8531.0,nM,Inactive
CHEMBL1170663,COc1cc(/C=C/c2ccc(N)cc2)c(OC)c(OC)c1,285.34,0.0,IC50,2421.03,nM,Inactive
CHEMBL1191848,Nc1ccc(C(O)Cn2ccnc2)cc1,203.25,0.0,IC50,5321.08,nM,Inactive
CHEMBL5435609,COc1cc(/C=C/c2ccccc2[N+](=O)[O-])cc(OC)c1,285.3,0.0,IC50,3908.41,nM,Inactive
CHEMBL162431,Nc1ccc(C(=O)Cn2ccnc2)cc1,201.23,0.0,IC50,1840.77,nM,Inactive
CHEMBL3623226,Fc1ccc(C(c2cc3ccccc3o2)n2cncn2)cc1,293.3,0.0,IC50,190.11,nM,Intermediate
CHEMBL5413902,Cc1ccc(C(c2cc3ccccc3o2)n2cncn2)cc1,289.34,0.0,IC50,590.2,nM,Intermediate
CHEMBL202612,COc1ccc2cc(C(O)(c3ccc(Cl)cc3)c3cccnc3)oc2c1,365.82,0.0,IC50,48.98,nM,Active
CHEMBL5422369,N#Cc1ccc(C(c2cc3ccccc3o2)n2cncn2)cc1,300.32,0.0,IC50,209.89,nM,Intermediate
CHEMBL3753403,C[C@H]1C[C@@]2(C)C(=CC1=O)CC[C@@H]1[C@@H]2CC[C@]2(C)C(=O)CC[C@@H]12,300.44,0.0,IC50,250.0,nM,Intermediate
CHEMBL3753307,C=C1C[C@@]2(C)C(=CC1=O)CC[C@@H]1[C@@H]2CC[C@]2(C)C(=O)CC[C@@H]12,298.43,0.0,IC50,550.0,nM,Intermediate
CHEMBL3754516,C[C@]12CC[C@H](OC=O)C=C1C(=O)C[C@@H]1[C@@H]2CC[C@]2(C)C(=O)CC[C@@H]12,330.42,0.0,IC50,1700.0,nM,Inactive
CHEMBL3754241,C[C@]12CCC(=O)C(Sc3ccccc3)=C1CC[C@@H]1[C@@H]2CC[C@]2(C)C(=O)CC[C@@H]12,394.58,1.0,IC50,190.0,nM,Intermediate
CHEMBL3753842,CC(=O)O[C@H]1[C@@H]2[C@H](CC[C@]3(C)C(=O)CC[C@@H]23)[C@@]2(C)CCC(=O)C=C2[C@@H]1N=[N+]=[N-],385.46,0.0,IC50,400.0,nM,Intermediate
CHEMBL3984531,CC(=C(c1ccc(N)cc1)c1ccc(N)cc1)c1ccc([N+](=O)[O-])cc1,345.4,0.0,IC50,220.8,nM,Intermediate
CHEMBL3264672,CC(=O)c1ccccc1OCc1cn(-c2ccc(S(=O)(=O)N3CCc4ccccc4C3)cc2)nn1,488.57,0.0,IC50,12500.0,nM,Inactive
CHEMBL1444,N#Cc1ccc(C(c2ccc(C#N)cc2)n2cncn2)cc1,285.31,0.0,IC50,3.3,nM,Active
CHEMBL3623208,CC(=O)[C@@]1(C)CC[C@H]2[C@@H](CCC3=CC(=O)CC[C@@]32C)[C@@H]1CC#N,313.44,0.0,IC50,420.0,nM,Intermediate
CHEMBL430879,N#Cc1ccc(N(Cc2ccc(OS(N)(=O)=O)cc2)n2cnnc2)cc1,370.39,0.0,IC50,100.0,nM,Intermediate
CHEMBL3622434,c1ccc(-c2nnc3n2-c2ccc(-c4cccnc4)cc2CC3)cc1,324.39,0.0,IC50,21.0,nM,Active
CHEMBL3407537,C=C1C[C@@H]2[C@H](CC[C@]3(C)C(=O)CC[C@@H]23)[C@]2(C)C1=CC(=O)[C@@H]1O[C@@H]12,312.41,0.0,IC50,1180.0,nM,Inactive
CHEMBL597606,N#Cc1ccc(Cn2cncn2)cc1-c1ccc(O)cc1,276.3,0.0,IC50,0.2,nM,Active
CHEMBL609332,N#Cc1ccc(-c2ccc(O)c(Cl)c2)cc1Cn1cncn1,310.74,0.0,IC50,74.0,nM,Active
CHEMBL609333,N#Cc1ccc(-c2cc(C#N)cc(Cn3cncn3)c2)cc1,285.31,0.0,IC50,52.0,nM,Active
CHEMBL3421769,O=[N+]([O-])c1ccc(-c2ccncc2)c(OCCc2ccccc2)c1,320.35,0.0,IC50,1894.0,nM,Inactive
CHEMBL371663,CCc1ccc(C(c2cc3ccc(OC)cc3o2)n2cncn2)cc1,333.39,0.0,IC50,1230.0,nM,Inactive
CHEMBL198291,COc1ccc2cc(C(c3ccc(F)cc3)n3cncn3)oc2c1,323.33,0.0,IC50,49.0,nM,Active
CHEMBL3793530,COc1ccc2c(=O)c(Cc3c[nH]cn3)coc2c1,256.26,0.0,IC50,7900.0,nM,Inactive
CHEMBL3805021,COC(=O)c1ccccc1S(=O)(=O)N1CCCC(Cn2ccnc2)C1,363.44,0.0,IC50,53.0,nM,Active
CHEMBL3805678,COc1ccc(S(=O)(=O)N2CCCC(Cn3ccnc3)C2)c(OC)c1,365.45,0.0,IC50,131.0,nM,Intermediate
CHEMBL243961,O=C(c1ccc(-c2ccccc2)cc1)c1cccc(Cn2ccnc2)c1,338.41,0.0,IC50,5.3,nM,Active
CHEMBL9298,N#Cc1ccc(C2CCCc3cncn32)cc1,223.28,0.0,IC50,30.0,nM,Active
CHEMBL1689257,O=C(/C=C/c1ccc(O)c(O)c1)O[C@H]1[C@H](O)[C@@H](O[C@@H]2OC[C@](O)(CO)[C@H]2O)[C@H](OCCc2ccc(O)cc2)O[C@@H]1CO,594.57,3.0,IC50,30700.0,nM,Inactive
CHEMBL402970,COc1ccc2c(c1)OC(c1ccc(O)cc1)CC2=O,270.28,0.0,IC50,3700.0,nM,Inactive
CHEMBL9298,N#Cc1ccc(C2CCCc3cncn32)cc1,223.28,0.0,IC50,30.0,nM,Active
CHEMBL264401,c1ccc(-c2nsc(-c3ccccc3)n2)cc1,238.32,0.0,IC50,32700.0,nM,Inactive
CHEMBL4169419,Clc1ccc(-c2[nH]c3cc(Cl)ccc3c2Cn2cncn2)cc1,343.22,0.0,IC50,207.5,nM,Intermediate
CHEMBL4162549,COc1ccc2c(Cn3cncn3)c(-c3ccc(Cl)cc3)[nH]c2c1,338.8,0.0,IC50,7772.0,nM,Inactive
CHEMBL40432,C[C@]12CCC(=O)C(SCCl)=C1CCC1C2CC[C@]2(C)C(=O)CCC12,366.95,1.0,IC50,940.0,nM,Intermediate
CHEMBL1399,CC(C)(C#N)c1cc(Cn2cncn2)cc(C(C)(C)C#N)c1,293.37,0.0,IC50,10.0,nM,Active
CHEMBL369471,O=C1OC[C@H](Cc2ccc(O)c(O)c2)[C@H]1Cc1ccc(O)c(O)c1,330.34,0.0,IC50,6.0,nM,Active
CHEMBL52,CC(Cc1ccc(O)c(O)c1)C(C)Cc1ccc(O)c(O)c1,302.37,0.0,IC50,11.0,nM,Active
CHEMBL111888,CCn1cc(C(c2ccc(F)cc2)n2ccnc2)c2cc(Br)ccc21,398.28,1.0,IC50,51.8,nM,Active
CHEMBL2431527,C[C@]12C[C@@H](O)[C@H]3[C@@H](CCC4=C(O)C(=O)CC[C@@]43C)[C@@H]1CC[C@@H]2O,320.43,0.0,IC50,10900.0,nM,Inactive
CHEMBL9165,O=C1/C(=C\c2ccncc2)C(c2ccc(Cl)cc2)Cn2cccc21,334.81,0.0,IC50,200.0,nM,Intermediate
CHEMBL2420687,COc1ccc2ccc(-c3cncc4ccccc34)c(Cl)c2c1,319.79,1.0,IC50,2000.0,nM,Inactive
CHEMBL5185187,COc1ccc(C(c2cc3cc(Cl)ccc3o2)n2cncn2)cc1,339.78,0.0,IC50,1000.0,nM,Intermediate
CHEMBL5177518,CCC#CCOc1ccc(C(c2cc3cc(Cl)ccc3o2)n2cncn2)cc1,391.86,1.0,IC50,1000.0,nM,Intermediate
CHEMBL5173597,CC#CCOc1ccc2cc(C(c3ccc(F)cc3)n3cncn3)oc2c1,361.38,0.0,IC50,4.1,nM,Active
CHEMBL3415168,CC(=O)c1cncc(-c2cc(F)c3c(c2)CCc2nnc(C)n2-3)c1,322.34,0.0,IC50,10000.0,nM,Inactive
CHEMBL383806,Fc1ccc2c(c1)CC/C2=C/c1cccnc1,225.27,0.0,IC50,2490.0,nM,Inactive
CHEMBL370317,C(=C(c1ccccc1)c1ccccc1)c1cccnc1,257.34,0.0,IC50,3630.0,nM,Inactive
CHEMBL3421779,N#Cc1ccc(-c2cccnc2)c(OCCc2ccccc2)c1,300.36,0.0,IC50,165.0,nM,Intermediate
CHEMBL5398403,Oc1ccc(CN(c2cc(F)cc(F)c2)n2cnnc2)cc1,302.28,0.0,IC50,2500.35,nM,Inactive
CHEMBL335836,OC(c1ccncc1)(c1ccc(Cl)cc1)c1ccc(Cl)cc1,330.21,0.0,IC50,83.95,nM,Active
CHEMBL4556775,O=[N+]([O-])c1ccc(N(Cc2cccc(C(F)(F)F)c2)n2cnnc2)cc1-c1ccccc1,439.4,1.0,IC50,17.42,nM,Active
CHEMBL226947,N#Cc1ccc(N(Cc2ccc(Br)c(O)c2)n2cnnc2)cc1,370.21,0.0,IC50,0.5,nM,Active
CHEMBL388291,N#Cc1ccc(N(Cc2ccc(O)cc2)n2cnnc2)cc1,291.31,0.0,IC50,23.0,nM,Active
CHEMBL196796,N#Cc1ccc2cc(-c3cccnc3)ccc2c1,230.27,0.0,IC50,36000.0,nM,Inactive
CHEMBL365735,c1cncc(-c2ccc3ccccc3c2)c1,205.26,0.0,IC50,5700.0,nM,Inactive
CHEMBL205881,C1=C(c2cccnc2)CCc2ccccc21,207.28,0.0,IC50,4073.0,nM,Inactive
CHEMBL336102,CCC(C(=O)OC1CC2CC([C@@H]1C)C2(C)C)c1ccncc1,301.43,0.0,IC50,3960.0,nM,Inactive
CHEMBL444068,C[C@@H]1CCC2C(C)(C)C3CC21CC[C@@]3(C)OC(=O)C(C)(C)c1cccnc1,369.55,1.0,IC50,80500.0,nM,Inactive
CHEMBL5409215,CCN1CCc2cc(Br)cc(C(Cc3ccc(F)cc3)n3ccnc3)c21,414.32,0.0,IC50,89.95,nM,Active
CHEMBL117,O=c1cc(-c2ccccc2)oc2cc(O)cc(O)c12,254.24,0.0,IC50,500.0,nM,Intermediate
CHEMBL28,O=c1cc(-c2ccc(O)cc2)oc2cc(O)cc(O)c12,270.24,0.0,IC50,1200.0,nM,Inactive
CHEMBL294361,COc1ccc2c(c1)C1C(CC2)C1c1ccncc1,251.33,0.0,IC50,10000.0,nM,Inactive
CHEMBL3622056,N#Cc1ccc(N(CCSc2ccc(OS(N)(=O)=O)cc2)n2cnnc2)cc1,416.49,0.0,IC50,0.42,nM,Active
CHEMBL3622064,N#Cc1ccc(N(Cc2ccc3c(Br)c(OS(N)(=O)=O)ccc3c2)n2cnnc2)cc1,499.35,0.0,IC50,0.25,nM,Active
CHEMBL4568674,N#Cc1cccc(CN(c2ccc([N+](=O)[O-])c(Br)c2)n2cnnc2)c1,399.21,0.0,IC50,57.58,nM,Active
CHEMBL4547558,O=[N+]([O-])c1ccc(Nn2cnnc2)cc1Br,284.07,0.0,IC50,90.73,nM,Active
CHEMBL4536893,O=[N+]([O-])c1ccc(N(Cc2ccccc2)n2cnnc2)cc1Br,374.2,0.0,IC50,39.81,nM,Active
CHEMBL4568674,N#Cc1cccc(CN(c2ccc([N+](=O)[O-])c(Br)c2)n2cnnc2)c1,399.21,0.0,IC50,57.54,nM,Active
CHEMBL4560281,O=[N+]([O-])c1ccc(N(Cc2ccc(C(F)(F)F)cc2)n2cnnc2)cc1-c1ccccc1,439.4,1.0,IC50,14.52,nM,Active
CHEMBL479942,NS(=O)(=O)Oc1ccc(C(c2ccc(OS(N)(=O)=O)cc2)n2cncn2)cc1,425.45,0.0,IC50,3000.0,nM,Inactive
CHEMBL3623212,COc1cc(/C=C2\C[C@H]3[C@@H]4CC=C5C[C@@H](O)CC[C@]5(C)[C@H]4CC[C@]3(C)[C@H]2O)ccc1OCCCn1ccnc1,532.73,2.0,IC50,2400.0,nM,Inactive
CHEMBL518761,N#Cc1ccc(C(c2ccc(OS(N)(=O)=O)c(Br)c2)n2cncn2)cc1,434.28,0.0,IC50,3.0,nM,Active
CHEMBL283196,O=c1cc(-c2ccccc2)oc2c1ccc1ccccc12,272.3,0.0,IC50,500.0,nM,Intermediate
CHEMBL225079,N#Cc1ccc([C@H](c2coc3ccccc3c2=O)n2ccnc2)cc1,327.34,0.0,IC50,110.0,nM,Intermediate
CHEMBL376039,O=C1/C(=C/c2ccncc2)CCc2c1ccc1c2CCCC1,289.38,0.0,IC50,10000.0,nM,Inactive
CHEMBL91992,O=C1/C(=C/c2ccncc2)CCc2cc(O)ccc21,251.28,0.0,IC50,8709.64,nM,Inactive
CHEMBL90585,O=C1/C(=C/c2ccncc2)CCc2ccccc21,235.29,0.0,IC50,9332.54,nM,Inactive
CHEMBL223555,N#Cc1ccc(C(=C2CCCCC2)n2cncn2)cc1,264.33,0.0,IC50,95.5,nM,Active
CHEMBL13784,O=[N+]([O-])c1ccc(Cn2ccnc2)cc1,203.2,0.0,IC50,28.18,nM,Active
CHEMBL29482,N#Cc1ccc(C(c2ccc(C#N)cc2)n2ccnc2)cc1,284.32,0.0,IC50,18.2,nM,Active
CHEMBL31224,N#Cc1ccc2c(c1)CCC=C2n1ccnc1,221.26,0.0,IC50,15.49,nM,Active
CHEMBL390569,COc1ccc2c(c1)CCC(Cc1cnc[nH]1)=C2C,254.33,0.0,IC50,17000.0,nM,Inactive
CHEMBL4080256,Cc1nn(-c2cncc([C@@](C)(O)C(F)(F)F)c2)c2ccccc12,321.3,0.0,IC50,6200.0,nM,Inactive
CHEMBL2111917,CC(=O)O[C@@H]1CCC[C@@]2(C)C1=CC[C@@H]1[C@@H]2CC[C@]2(C)C(=O)CC[C@@H]12,330.47,0.0,IC50,699.84,nM,Intermediate
CHEMBL1485809,COc1ccc(C(=O)OC(COc2ccccc2)Cn2ccnc2)cc1,352.39,0.0,IC50,16.5,nM,Active
CHEMBL63336,COc1ccc(Br)c2c1CCC1C(c3ccncc3)C21,330.23,0.0,IC50,4300.0,nM,Inactive
CHEMBL90077,O=C1c2cc(O)ccc2CCC1Cc1ccncc1,253.3,0.0,IC50,4900.0,nM,Inactive
CHEMBL209047,COc1ccc2c(=O)c(Cn3ccnc3)c(-c3ccc(Br)cc3)oc2c1,411.26,0.0,IC50,4073.8,nM,Inactive
CHEMBL213587,O=c1c(Cn2ccnc2)c(-c2ccccc2)oc2ccccc12,302.33,0.0,IC50,70.79,nM,Active
CHEMBL112509,C[C@H](OC(=O)C12CC3CC(CC(C3)C1)C2)c1cccnc1,285.39,0.0,IC50,4600.0,nM,Inactive
CHEMBL172263,CC(C)N1C(=O)C2CC2(c2ccc(N)cc2)C1=O,244.29,0.0,IC50,4000.0,nM,Inactive
CHEMBL4778401,Oc1ccc(C(=C(Cn2ccnc2)c2cccc(O)c2)c2ccc(O)cc2)cc1,384.44,0.0,IC50,60.4,nM,Active
CHEMBL301106,c1cnc2c(c1)C(CCCn1ccnc1)CCC2,241.34,0.0,IC50,350.0,nM,Intermediate
CHEMBL427247,O=c1cc(Cn2ccnc2)c2ccccc2o1,226.24,0.0,IC50,2100.0,nM,Inactive
CHEMBL224649,O=c1ccc2ccc(Cn3ccnc3)cc2o1,226.24,0.0,IC50,680.0,nM,Intermediate
CHEMBL225447,c1ccc2c(c1)-c1ccccc1C2n1ccnc1,232.29,0.0,IC50,2818.38,nM,Inactive
CHEMBL388604,COc1ccc2c(Cn3cncn3)cc(=O)oc2c1,257.25,0.0,IC50,3630.78,nM,Inactive
CHEMBL213588,O=c1c(Cn2ccnc2)c(-c2ccc([N+](=O)[O-])cc2)oc2ccccc12,347.33,0.0,IC50,45.0,nM,Active
CHEMBL3134108,COc1cc(O)c([C@H]2C[C@@H](c3ccccc3)Oc3c(C=O)c(O)cc(O)c32)c(O)c1C(=O)/C=C/c1ccccc1,538.55,2.0,IC50,1800.0,nM,Inactive
CHEMBL226891,N#Cc1ccc(N(Cc2c(F)c(F)c(O)c(F)c2F)n2cnnc2)cc1,363.27,0.0,IC50,159.0,nM,Intermediate
CHEMBL1824750,N#Cc1ccc(OCc2cn(C(c3ccc(C#N)cc3)c3ccc(C#N)cc3)nn2)cc1,416.44,0.0,IC50,4640.0,nM,Inactive
CHEMBL1824754,N#Cc1ccc(C(c2ccc(C#N)cc2)n2cc(COc3ccc(-c4ccccc4)cc3)nn2)cc1,467.53,1.0,IC50,13350.0,nM,Inactive
CHEMBL1824755,c1ccc(C(c2ccccc2)n2ccnn2)cc1,235.29,0.0,IC50,4580.0,nM,Inactive
CHEMBL1824757,CCCCCCc1cn(C(c2ccccc2)c2ccccc2)nn1,319.45,1.0,IC50,14830.0,nM,Inactive
CHEMBL1824768,c1ccc(-c2ccc(OCc3cn(C(c4ccccc4)c4ccccc4)nn3)cc2)cc1,417.51,1.0,IC50,15480.0,nM,Inactive
CHEMBL1825020,N#Cc1ccc(Cn2cncn2)cc1,184.2,0.0,IC50,150.0,nM,Intermediate
CHEMBL1444,N#Cc1ccc(C(c2ccc(C#N)cc2)n2cncn2)cc1,285.31,0.0,IC50,8.0,nM,Active
CHEMBL1825031,N#Cc1ccc(Cn2cc(COc3ccccc3)nn2)cc1,290.33,0.0,IC50,6090.0,nM,Inactive
CHEMBL1825034,N#Cc1ccc(Cn2cc(COc3ccc([N+](=O)[O-])cc3)nn2)cc1,335.32,0.0,IC50,5620.0,nM,Inactive
CHEMBL1825037,N#Cc1ccc(Cn2cc(COc3ccc(-c4ccccc4)cc3)nn2)cc1,366.42,0.0,IC50,11570.0,nM,Inactive
CHEMBL1444,N#Cc1ccc(C(c2ccc(C#N)cc2)n2cncn2)cc1,285.31,0.0,IC50,52.48,nM,Active
CHEMBL287677,N#Cc1ccc([C@H]2CCCc3cncn32)cc1,223.28,0.0,IC50,2290.87,nM,Inactive
CHEMBL307160,O=c1c2ccccc2oc2c([N+](=O)[O-])ccc(Cn3ccnc3)c12,321.29,0.0,IC50,977.24,nM,Intermediate
CHEMBL421829,O=c1c2ccccc2oc2c(Cn3ccnc3)ccc(Br)c12,355.19,0.0,IC50,89.13,nM,Active
CHEMBL389433,Clc1cccc(C(c2ccc3[nH]cnc3c2)n2ccnc2)c1,308.77,0.0,IC50,44.67,nM,Active
CHEMBL374535,CN(c1ccc([N+](=O)[O-])cc1OCc1ccc2ccccc2c1)S(C)(=O)=O,386.43,0.0,IC50,2680.0,nM,Inactive
CHEMBL222250,CN(c1ccc([N+](=O)[O-])cc1OCc1ccccc1)S(C)(=O)=O,336.37,0.0,IC50,810.0,nM,Intermediate
CHEMBL376473,COc1cc(O)c2c(c1)O[C@]1(C)[C@@H](O)[C@@H](C)C[C@H](O)[C@@H]1C2=O,308.33,0.0,IC50,28300.0,nM,Inactive
CHEMBL189051,C[C@]12CC[C@@H]3c4cc(Br)c(O)cc4CC[C@H]3[C@@H]1CCC2=O,349.27,0.0,IC50,2398.83,nM,Inactive
CHEMBL5268890,CCCC[C@@H]1C[C@@H]2[C@H](CC[C@]3(C)C(=O)CC[C@@H]23)c2ccc(O)cc21,326.48,1.0,IC50,8994.98,nM,Inactive
CHEMBL371430,COc1ccc2ccc(-c3cccnc3)c(Cl)c2c1,269.73,0.0,IC50,36000.0,nM,Inactive
CHEMBL196328,COc1ccc2cc(-c3cccnc3)ccc2c1Br,314.18,0.0,IC50,9107.0,nM,Inactive
CHEMBL3623218,C[C@]12C[C@@H](F)C(=O)C=C1CC[C@@H]1[C@@H]2CC[C@]2(C)C(=O)CC[C@@H]12,304.4,0.0,IC50,970.0,nM,Intermediate
CHEMBL1688898,COc1ccc(COc2ccc3c(Cn4ccnc4)cc(=O)oc3c2)cc1,362.39,0.0,IC50,127.0,nM,Intermediate
CHEMBL132530,C[C@]12CCC(=O)C(O)=C1CC[C@@H]1[C@@H]2CC[C@]2(C)C(=O)CC[C@@H]12,302.41,0.0,IC50,30.0,nM,Active
CHEMBL1630271,CC(=O)OC1CCC[C@@]2(CO)C1=CC[C@@H]1[C@@H]2CC[C@]2(C)C(=O)CC[C@@H]12,346.47,0.0,IC50,11000.0,nM,Inactive
CHEMBL270301,O=C(Nc1ccc([N+](=O)[O-])cc1OCc1ccccc1)c1cccc([N+](=O)[O-])c1,393.36,0.0,IC50,25000.0,nM,Inactive
CHEMBL202471,CCCCCCOc1cc([N+](=O)[O-])ccc1NS(C)(=O)=O,316.38,0.0,IC50,2670.0,nM,Inactive
CHEMBL453233,COc1ccc2c(C)cc(=O)n(C)c2c1OC,233.27,0.0,IC50,5760.0,nM,Inactive
CHEMBL193652,Clc1ccc2c(c1)CC/C2=C/c1cccnc1,241.72,0.0,IC50,4050.0,nM,Inactive
CHEMBL370281,COc1ccc2c(c1)/C(=C\c1ccncc1)CC2,237.3,0.0,IC50,770.0,nM,Intermediate
CHEMBL371742,Cc1ccc2c(c1)/C(=C/c1ccncc1)CC2,221.3,0.0,IC50,1280.0,nM,Inactive
CHEMBL192077,Cc1ccc2c(c1)/C(=C\c1ccncc1)CC2,221.3,0.0,IC50,1710.0,nM,Inactive
CHEMBL195688,CC1C/C(=C\c2cccnc2)c2ccccc21,221.3,0.0,IC50,3680.0,nM,Inactive
CHEMBL365735,c1cncc(-c2ccc3ccccc3c2)c1,205.26,0.0,IC50,5727.0,nM,Inactive
CHEMBL5077976,CC(=C(c1ccc(O)cc1)c1ccc(O)cc1)c1cccnc1,303.36,0.0,IC50,10000.0,nM,Inactive
CHEMBL169,C[C@H]1[C@H](C)CC[C@]2(C(=O)O)CC[C@]3(C)C(=CC[C@@H]4[C@@]5(C)CC[C@H](O)C(C)(C)[C@@H]5CC[C@]43C)[C@H]12,456.71,1.0,IC50,14.0,ug.mL-1,Active
CHEMBL4564431,Cc1[nH]c2ccccc2c1/C=N\Nc1ccc(Cl)cc1,283.76,0.0,IC50,8720.0,nM,Inactive
CHEMBL205177,N#Cc1ccc(C(c2ccc3[nH]ccc3c2)n2ccnc2)cc1,298.35,0.0,IC50,19.3,nM,Active
CHEMBL5432257,c1ccc(Cn2cc(Cn3cncn3)c3ccccc32)cc1,288.35,0.0,IC50,314.77,nM,Intermediate
CHEMBL436369,Brc1ccc(C(c2ccc(Br)cc2)n2ccnc2)cc1,392.09,1.0,IC50,8.892,nM,Active
CHEMBL135172,Clc1ccc(C(c2ccc(Cl)cc2)(c2nc[nH]n2)n2ccnc2)cc1,370.24,0.0,IC50,11.3,nM,Active
CHEMBL3622074,N#CC1(c2cc(Cn3cncn3)cc(Sc3ccc(OS(N)(=O)=O)c(Cl)c3)c2)CCC1,475.98,0.0,IC50,97.05,nM,Active
CHEMBL5398997,N#Cc1ccc(N(Cc2ccc3c(Cl)c(O)ccc3c2)n2cnnc2)cc1,375.82,0.0,IC50,3.802,nM,Active
CHEMBL5412425,N#Cc1ccc(N(CCc2coc3cc(O)ccc23)n2cnnc2)cc1,345.36,0.0,IC50,1.5,nM,Active
CHEMBL3818343,N#Cc1ccc(C(Cc2ccc(OS(N)(=O)=O)c(Br)c2)n2cncn2)cc1,448.3,0.0,IC50,0.871,nM,Active
CHEMBL5413153,NS(=O)(=O)Oc1ccc(CC(c2ccc(Cl)cc2)n2cncn2)cc1Br,457.74,0.0,IC50,1.4,nM,Active
CHEMBL5406734,N#Cc1ccc(C(Cc2ccc(O)c(Br)c2)n2cncn2)cc1,369.22,0.0,IC50,0.2099,nM,Active
CHEMBL5436996,N#Cc1ccc(C(CCc2ccc(O)cc2)n2cncn2)cc1,304.35,0.0,IC50,0.16,nM,Active
CHEMBL5413848,N#Cc1ccc(N(Cc2ccc(O)c(C(F)F)c2)n2ccnc2)cc1,340.33,0.0,IC50,1.5,nM,Active
CHEMBL88233,COc1ccc2c(c1)CCC(Cc1ccncc1)C2=O,267.33,0.0,IC50,3303.7,nM,Inactive
CHEMBL5416052,CC(C)(C)[C@H]1CC[C@H](OC(=O)Cc2ccncc2)CC1,275.39,0.0,IC50,309.74,nM,Intermediate
CHEMBL5421275,CC1(C)[C@H]2CC[C@]1(C)[C@H](OC(=O)Cc1ccncc1)C2,273.38,0.0,IC50,97.05,nM,Active
CHEMBL5394232,C1=NC=NC1C(c1ccccc1)c1ccccc1,234.3,0.0,IC50,25003.45,nM,Inactive
CHEMBL421149,N#Cc1ccc(Cn2ccnc2)c2oc3ccccc3c(=O)c12,301.31,0.0,IC50,42.95,nM,Active
CHEMBL5434837,COc1ccc2c(c1)OC(c1ccc(OC)c(O)c1)CC2=O,300.31,0.0,IC50,6194.41,nM,Inactive
CHEMBL5417396,COc1ccc2c(c1)OC(c1ccc(OC)c(OC)c1OC)CC2=O,344.36,0.0,IC50,4797.33,nM,Inactive
CHEMBL54803,c1cc(CCn2ccnc2)c2cccnc2c1,223.28,0.0,IC50,349.95,nM,Intermediate
CHEMBL358214,CCCCOc1ccc(-n2ccnc2C)cc1,230.31,0.0,IC50,769.13,nM,Intermediate
CHEMBL422858,CCCCOc1ccc(-c2cc(C)no2)cc1,231.29,0.0,IC50,6067.36,nM,Inactive
CHEMBL325461,C[C@@H](OC(=O)C12CC3CC(CC(C3)C1)C2)c1cccnc1,285.39,0.0,IC50,4602.57,nM,Inactive
CHEMBL5434047,OC(c1cn(Cc2ccccc2F)c2ccccc12)n1ccnc1,321.36,0.0,IC50,1.581,nM,Active
CHEMBL223176,O=C(c1ccccc1)c1ccc(Cn2ccnc2)cc1,262.31,0.0,IC50,252.0,nM,Intermediate
CHEMBL9298,N#Cc1ccc(C2CCCc3cncn32)cc1,223.28,0.0,IC50,30.0,nM,Active
CHEMBL206283,CC1=C(c2cccnc2)CCc2ccccc21,221.3,0.0,IC50,6045.0,nM,Inactive
CHEMBL463168,Oc1ccc([C@@H]2CCc3ccc(O)cc3O2)cc1,242.27,0.0,IC50,40.0,ug.mL-1,Active
CHEMBL456062,CC(C)=CCc1cc([C@@H]2CCc3ccc(O)cc3O2)ccc1O,310.39,0.0,IC50,40.0,ug.mL-1,Active
CHEMBL457680,CC(C)=CCc1cc(C2CC(=O)c3c(O)cc(O)cc3O2)ccc1O,340.38,0.0,IC50,400.0,nM,Intermediate
CHEMBL458188,CC(C)=CCc1c(O)cc(O)cc1-c1cc2ccc(O)cc2o1,310.35,0.0,IC50,31100.0,nM,Inactive
CHEMBL405881,O=[N+]([O-])c1ccc(S(=O)(=O)Nc2ccc([N+](=O)[O-])cc2OCc2ccccc2)cc1,429.41,0.0,IC50,2170.0,nM,Inactive
CHEMBL220792,CN(c1ccc([N+](=O)[O-])cc1OCc1ccc(Cl)cc1)S(C)(=O)=O,370.81,0.0,IC50,2400.0,nM,Inactive
CHEMBL97542,O=C1CC(c2ccccc2)Oc2cc(O)ccc21,240.26,0.0,IC50,3800.0,nM,Inactive
CHEMBL256407,COc1ccc2c(c1)OC(c1cccc(O)c1)CC2=O,270.28,0.0,IC50,3500.0,nM,Inactive
CHEMBL302530,CC12CCC3C(C(=O)C=C4C=CCCC43CO)C1CCC2=O,300.4,0.0,IC50,60000.0,nM,Inactive
CHEMBL176009,Cc1cccc2c1CC/C2=C/c1cccnc1,221.3,0.0,IC50,12630.0,nM,Inactive
CHEMBL151212,CCC1(c2ccc(N)cc2)CC(=O)NC1=O,218.26,0.0,IC50,8400.0,nM,Inactive
CHEMBL4454575,C=CC[C@@H]1CC2=C(O)C(=O)CC[C@]2(C)[C@H]2CC[C@]3(C)C(=O)CC[C@H]3[C@H]12,342.48,0.0,IC50,110.0,nM,Intermediate
CHEMBL3264679,COc1cc2c(cc1OC)CN(S(=O)(=O)c1ccc(-n3cc(COc4ccccc4C)nn3)cc1)CC2,520.61,1.0,IC50,12500.0,nM,Inactive
CHEMBL3589965,COc1cc2c(cc1OC)CN(S(=O)(=O)c1cccc(-n3cc(COc4ccc5ccc(=O)oc5c4)nn3)c1)CC2,574.62,1.0,IC50,200.0,nM,Intermediate
CHEMBL191488,COc1ccc2c(=O)c(-c3ccccc3)c(Sc3ncc[nH]3)oc2c1,350.4,0.0,IC50,50000.0,nM,Inactive
CHEMBL1172779,Oc1ccc(-c2ccc(Cc3ccncc3)cc2)cc1O,277.32,0.0,IC50,2440.0,nM,Inactive
CHEMBL1444,N#Cc1ccc(C(c2ccc(C#N)cc2)n2cncn2)cc1,285.31,0.0,IC50,8.0,nM,Active
CHEMBL1825022,N#Cc1ccc(C(c2ccc(C#N)cc2)n2nccn2)cc1,285.31,0.0,IC50,79980.0,nM,Inactive
CHEMBL149791,CCC(=C(c1ccc(O)cc1)c1ccc(O)cc1)c1ccccc1,316.4,1.0,IC50,24880.0,nM,Inactive
CHEMBL4126284,CCS(=O)(=O)N1CCN(c2ccc(/C=C/c3cc(F)cc(-c4ccncc4)c3)cc2)CC1,451.57,0.0,IC50,10000.0,nM,Inactive
CHEMBL4103066,CCN(CC)c1ccc2cc(-c3nc(C)cs3)c(=O)oc2c1,314.41,0.0,IC50,1100.0,nM,Inactive
CHEMBL29997,Clc1ccc(C(Cc2ccccc2)(c2ccc(Cl)cc2)c2cncnc2)cc1,405.33,1.0,IC50,1009.25,nM,Inactive
CHEMBL3622071,CC(C)(C#N)c1cc(Cn2cncn2)cc(Sc2ccc(OS(N)(=O)=O)c(Cl)c2)c1,463.97,0.0,IC50,4.198,nM,Active
CHEMBL3622055,N#Cc1ccc(N(CCSc2ccc(O)c(Cl)c2)n2cnnc2)cc1,371.85,0.0,IC50,0.26,nM,Active
CHEMBL4212655,Cc1ccccc1-c1cc2cc([N+](=O)[O-])ccc2[nH]1,252.27,0.0,IC50,6870.0,nM,Inactive
CHEMBL1444,N#Cc1ccc(C(c2ccc(C#N)cc2)n2cncn2)cc1,285.31,0.0,IC50,9.95,nM,Active
CHEMBL103685,CC(C)(C(=O)OC1CCCCC1)c1ccncc1,247.34,0.0,IC50,13001.7,nM,Inactive
CHEMBL5401549,CCC(C(=O)O[C@H]1C[C@H]2C[C@@H]([C@@H]1C)C2(C)C)c1ccncc1,301.43,0.0,IC50,3962.78,nM,Inactive
CHEMBL5407494,C[C@@H]1[C@@H](OC(=O)C(C)(C)c2cccnc2)C[C@H]2C[C@@H]1C2(C)C,301.43,0.0,IC50,29991.63,nM,Inactive
CHEMBL135037,O=C(Cc1cccnc1)OC12CC3CC(CC(C3)C1)C2,271.36,0.0,IC50,8892.01,nM,Inactive
CHEMBL134509,CC(C(=O)OC12CC3CC(CC(C3)C1)C2)c1cccnc1,285.39,0.0,IC50,9099.13,nM,Inactive
CHEMBL9687,COc1ccc2c(c1)OC(c1ccccc1)CC2=O,254.28,0.0,IC50,80352.61,nM,Inactive
CHEMBL151,O=c1cc(-c2ccc(O)c(O)c2)oc2cc(O)cc(O)c12,286.24,0.0,IC50,1199.5,nM,Inactive
CHEMBL88169,COc1ccc(C2CC(=O)c3c(O)cc(O)cc3O2)cc1O,302.28,0.0,IC50,3303.7,nM,Inactive
CHEMBL491692,O=C(CCc1ccc(O)cc1)c1ccccc1O,242.27,0.0,IC50,34593.94,nM,Inactive
CHEMBL402970,COc1ccc2c(c1)OC(c1ccc(O)cc1)CC2=O,270.28,0.0,IC50,3698.28,nM,Inactive
CHEMBL390152,O=c1ccc2ccc(OCCn3ccnc3)cc2o1,256.26,0.0,IC50,31622.78,nM,Inactive
CHEMBL5419796,COc1ccc(/C=C/c2c(CC=C(C)C)c(O)cc3c2CC(C(C)(C)O)O3)cc1,394.51,1.0,IC50,11091.75,nM,Inactive
CHEMBL293122,C1=C(CCn2ccnc2)c2cccnc2CC1,225.29,0.0,IC50,500.03,nM,Intermediate
CHEMBL1173699,COc1ccc(OC)c(/C=C/c2ccc(N)cc2)c1,255.32,0.0,IC50,309.74,nM,Intermediate
CHEMBL162549,O=C(Cn1ccnc1)c1ccc([N+](=O)[O-])cc1,231.21,0.0,IC50,199.99,nM,Intermediate
CHEMBL2430098,c1ccc2oc(Cn3ccnc3)cc2c1,198.22,0.0,IC50,7328.25,nM,Inactive
CHEMBL198291,COc1ccc2cc(C(c3ccc(F)cc3)n3cncn3)oc2c1,323.33,0.0,IC50,48.98,nM,Active
CHEMBL197650,COc1ccc2cc(C(c3ccc(C#N)cc3)n3cncn3)oc2c1,330.35,0.0,IC50,10.0,nM,Active
CHEMBL202231,O=[N+]([O-])c1ccc(C(c2cc3ccc(O)cc3o2)n2cncn2)cc1,336.31,0.0,IC50,59.98,nM,Active
CHEMBL26651,CCCCCN1C(=O)C2CC2(c2ccc(N)cc2)C1=O,272.35,0.0,IC50,84.92,nM,Active
CHEMBL368631,CC(C)(C)CN1C(=O)C2CC2(c2ccc(N)cc2)C1=O,272.35,0.0,IC50,199.99,nM,Intermediate
CHEMBL9298,N#Cc1ccc(C2CCCc3cncn32)cc1,223.28,0.0,IC50,680.77,nM,Intermediate
CHEMBL27698,CCCN1C(=O)C2CC(c3ccc(N)cc3)(C2)C1=O,258.32,0.0,IC50,110.92,nM,Intermediate
CHEMBL331522,CCCCCCCC[C@H]1C[C@](CC)(c2ccncc2)C(=O)NC1=O,330.47,0.0,IC50,2798.98,nM,Inactive
CHEMBL5400890,CCCCCN1C(=O)CC(c2ccc(N)cc2)C1=O,260.34,0.0,IC50,790.68,nM,Intermediate
CHEMBL5440090,CCCC1(c2ccc(N)cc2)CC(=O)NC1=O,232.28,0.0,IC50,77268.06,nM,Inactive
CHEMBL5434222,Brc1cccc(Cn2cc(Cn3ccnc3)c3ccccc32)c1,366.26,0.0,IC50,71.45,nM,Active
CHEMBL324326,N#Cc1ccc(Cn2cc(Cn3ccnc3)c3ccccc32)cc1,312.38,0.0,IC50,50.0,nM,Active
CHEMBL324070,Cc1ccc(S(=O)(=O)n2cc(C(c3ccccc3)n3ccnc3)c3ccccc32)cc1,427.53,1.0,IC50,5395.11,nM,Inactive
CHEMBL5425388,CCN1CCc2cccc(C(Cc3cccc(Cl)c3)n3ccnc3)c21,351.88,0.0,IC50,109.9,nM,Intermediate
CHEMBL5401017,CCn1ccc2cccc(C(Cc3ccc(F)cc3)n3ccnc3)c21,333.41,0.0,IC50,61.94,nM,Active
CHEMBL5394424,OC(c1cn(Cc2ccccc2Cl)c2ccccc12)n1ccnc1,337.81,0.0,IC50,53.95,nM,Active
CHEMBL5438740,CCn1c(C(Cc2ccc(F)cc2)n2ccnn2)c(C)c2cc(Br)ccc21,427.32,1.0,IC50,3459.39,nM,Inactive
CHEMBL5405284,O=C1c2ccccc2CCC1c1ccncc1,223.28,0.0,IC50,7396.05,nM,Inactive
CHEMBL26279,COc1ccc2c(c1)CC(Cc1ccncc1)C2=O,253.3,0.0,IC50,3396.25,nM,Inactive
CHEMBL24014,Oc1ccc2c(c1)CC(Cc1ccncc1)C2,225.29,0.0,IC50,1901.08,nM,Inactive
CHEMBL23364,Oc1cccc2c1CCC(Cc1ccncc1)C2,239.32,0.0,IC50,529.66,nM,Intermediate
CHEMBL304583,Oc1ccc2c(c1)C1C(CC2)C1c1ccncc1,237.3,0.0,IC50,66.07,nM,Active
CHEMBL168636,O=C1/C(=C/c2cccnc2)CCc2ccccc21,235.29,0.0,IC50,9204.5,nM,Inactive
CHEMBL415753,O=C1/C(=C/c2cc[nH]n2)CCc2ccccc21,224.26,0.0,IC50,17988.71,nM,Inactive
CHEMBL5396048,Cc1c(Cn2ccnc2)ccc2c(F)cc(F)cc12,258.27,0.0,IC50,179.89,nM,Intermediate
CHEMBL5440376,COc1cc2ccc(Cn3ccnc3)c(C)c2cc1F,270.31,0.0,IC50,570.16,nM,Intermediate
CHEMBL135709,OC(c1ccc(F)cc1)(c1cccnc1)c1ccc(Cl)cc1Cl,348.2,0.0,IC50,314.77,nM,Intermediate
CHEMBL133026,CC(c1ccc(Cl)cc1)(c1ccc(Cl)cc1)c1cccnc1,328.24,1.0,IC50,144.88,nM,Intermediate
CHEMBL133082,COC(c1ccc(Cl)cc1)(c1ccc(Cl)cc1)c1cccnc1,344.24,1.0,IC50,1599.56,nM,Inactive
CHEMBL132929,Clc1ccc(C(c2ccc(Cl)cc2)n2ccnn2)cc1,304.18,0.0,IC50,18.49,nM,Active
CHEMBL137049,Clc1ccc(C(c2ccc(Cl)cc2)(c2cccnc2)n2ccnc2)cc1,380.28,1.0,IC50,50.0,nM,Active
CHEMBL133198,Clc1ccc(C(c2ccc(Cl)cc2)(c2ccccn2)n2ccnc2)cc1,380.28,1.0,IC50,28.51,nM,Active
CHEMBL344904,Clc1ccc(C(c2ccc(Cl)cc2)(c2c[nH]cn2)n2ccnc2)cc1,369.25,0.0,IC50,16.0,nM,Active
CHEMBL5423824,N#Cc1ccc(N(CCCc2ccc(OS(N)(=O)=O)c(Br)c2)n2cnnc2)cc1,477.34,0.0,IC50,1.5,nM,Active
CHEMBL5440356,N#Cc1ccc(N(CCOc2ccc(O)cc2)n2cnnc2)cc1,321.34,0.0,IC50,26.0,nM,Active
CHEMBL3622060,N#Cc1ccc(N(CCCS(=O)(=O)c2ccc(O)cc2)n2cnnc2)cc1,383.43,0.0,IC50,15.0,nM,Active
CHEMBL3622065,N#Cc1ccc(N(CCn2ccc3cc(OS(N)(=O)=O)ccc32)n2cnnc2)cc1,423.46,0.0,IC50,2.698,nM,Active
CHEMBL3622066,Cn1cc(CCN(c2ccc(C#N)cc2)n2cnnc2)c2cc(OS(N)(=O)=O)ccc21,437.49,0.0,IC50,2.301,nM,Active
CHEMBL5395753,N#Cc1ccc(C(Cc2ccc(OS(N)(=O)=O)cc2)n2cncn2)cc1,369.41,0.0,IC50,2.799,nM,Active
CHEMBL3623231,N#Cc1ccc(C(CCc2ccc(OS(N)(=O)=O)c(Br)c2)n2cncn2)cc1,462.33,0.0,IC50,0.1199,nM,Active
CHEMBL5413472,Oc1ccc(CC(c2ccc(Cl)cc2)n2cncn2)cc1,299.76,0.0,IC50,79.98,nM,Active
CHEMBL5404820,N#Cc1ccc(N(Cc2c(F)cc(O)cc2F)n2cnnc2)cc1,327.29,0.0,IC50,1.3,nM,Active
CHEMBL110524,C[C@H](OC(=O)C12CC3CC(CC(C3)C1)C2)c1ccncc1,285.39,0.0,IC50,15995.58,nM,Inactive
CHEMBL317221,COc1cc(O)c(C(=O)/C=C/c2ccccc2)c(O)c1,270.28,0.0,IC50,18323.14,nM,Inactive
CHEMBL185819,COc1ccc2c(=O)c(-c3ccccc3)c(SCc3cccnc3)oc2c1,375.45,1.0,IC50,9204.5,nM,Inactive
CHEMBL186079,COc1ccc(-c2c(SCc3ccncc3)oc3cc(OCc4ccccc4)ccc3c2=O)cc1,481.57,1.0,IC50,529.66,nM,Intermediate
CHEMBL185950,O=c1c(-c2ccc(O)cc2)c(SCc2ccncc2)oc2cc(O)ccc12,377.42,0.0,IC50,279.9,nM,Intermediate
CHEMBL224228,O=c1ccc2cc(Cn3ccnc3)ccc2o1,226.24,0.0,IC50,144.54,nM,Intermediate
CHEMBL5396048,Cc1c(Cn2ccnc2)ccc2c(F)cc(F)cc12,258.27,0.0,IC50,0.08872,nM,Active
CHEMBL3622363,Cn1nnc2ccc(C(c3ccc(OS(N)(=O)=O)cc3)n3cncn3)cc21,385.41,0.0,IC50,10889.3,nM,Inactive
CHEMBL30043,Fc1ccc(C(F)(c2ccc(Cl)cc2)c2cncnc2)cc1,316.74,0.0,IC50,194.98,nM,Intermediate
CHEMBL343273,COc1cc(Cl)ccc1C(O)(c1ccccc1)c1cccnc1,325.8,0.0,IC50,1798.87,nM,Inactive
CHEMBL5398859,Clc1ccc(C(c2ccc(Cl)cc2)(c2ccsn2)n2ccnc2)cc1,386.31,1.0,IC50,57.02,nM,Active
CHEMBL5406393,N#Cc1ccc(N(CCc2ccc(OS(N)(=O)=O)cc2)n2cnnc2)cc1,384.42,0.0,IC50,2.099,nM,Active
CHEMBL5402457,N#Cc1ccc(N(CCCc2ccc(O)c(Br)c2)n2cnnc2)cc1,398.26,0.0,IC50,0.3597,nM,Active
CHEMBL5430347,CN(C)S(=O)(=O)Oc1ccc(C(c2ccc(C#N)cc2)n2cncn2)cc1Br,462.33,0.0,IC50,23.01,nM,Active
CHEMBL3622363,Cn1nnc2ccc(C(c3ccc(OS(N)(=O)=O)cc3)n3cncn3)cc21,385.41,0.0,IC50,28.97,nM,Active
CHEMBL163420,N#CCCCC1CCCc2cncn21,189.26,0.0,IC50,92.9,nM,Active
CHEMBL162834,N#Cc1ccc(C2CCCCc3cncn32)cc1,237.31,0.0,IC50,14.09,nM,Active
CHEMBL285809,N#Cc1ccc(C2(c3ccc(C#N)cc3)CCCc3cncn32)cc1,324.39,0.0,IC50,232.81,nM,Intermediate
CHEMBL5398810,Cc1ccccc1C(CCc1c[nH]cn1)c1ccccc1C,290.41,0.0,IC50,33036.95,nM,Inactive
CHEMBL5423113,Cc1cccc(C(CCCc2c[nH]cn2)c2cccc(C)c2)c1,304.44,1.0,IC50,27989.81,nM,Inactive
CHEMBL5412224,Fc1ccc(C(CCn2ccnc2)c2ccccc2)cc1,280.35,0.0,IC50,5000.35,nM,Inactive
CHEMBL5417761,Fc1ccc(C(CCn2ccnc2)c2ccc(F)cc2)cc1,298.34,0.0,IC50,2197.86,nM,Inactive
CHEMBL5419948,Fc1ccc(C(CCn2cncn2)c2ccc(F)cc2)cc1,299.32,0.0,IC50,35974.93,nM,Inactive
CHEMBL150799,CCCCOc1ccccc1-c1ccno1,217.27,0.0,IC50,14190.58,nM,Inactive
CHEMBL151449,CCCCOc1cccc(-c2ccno2)c1,217.27,0.0,IC50,1629.3,nM,Inactive
CHEMBL137373,Fc1ccc(C(c2ccc(F)cc2)n2ccnc2)cc1,270.28,0.0,IC50,39.99,nM,Active
CHEMBL375046,COc1cc(Cn2ccnc2)c2ccc(=O)oc2c1,256.26,0.0,IC50,169.82,nM,Intermediate
CHEMBL451168,O=C1C[C@@H](c2ccc(O)c(O)c2)Oc2cc(O)ccc21,272.26,0.0,IC50,9600.0,nM,Inactive
CHEMBL132530,C[C@]12CCC(=O)C(O)=C1CC[C@@H]1[C@@H]2CC[C@]2(C)C(=O)CC[C@@H]12,302.41,0.0,IC50,470.0,nM,Intermediate
CHEMBL1784805,CC(=O)c1ccc(S(=O)(=O)N2CCOC(Cn3ccnc3)C2)cc1,349.41,0.0,IC50,66.5,nM,Active
CHEMBL3349856,C[C@]12CCC[C@@H](O)C1=CC[C@@H]1[C@@H]2CC[C@]2(C)C(=O)CC[C@@H]12,288.43,0.0,IC50,859.01,nM,Intermediate
CHEMBL1630260,CCCC(=O)OC1=C2CC[C@@H]3[C@H](CC[C@]4(C)C(=O)CC[C@@H]34)[C@@]2(C)CCC1,358.52,1.0,IC50,1499.68,nM,Inactive
CHEMBL1629806,C[C@]12CCCC=C1[C@@H](O)C[C@@H]1[C@@H]2CC[C@]2(C)C(=O)CC[C@@H]12,288.43,0.0,IC50,190.11,nM,Intermediate
CHEMBL2165315,COc1cc2c(cc1-c1cccnc1)CCC(=O)N2C,268.32,0.0,IC50,49.0,nM,Active
CHEMBL4214618,CN(CCO)C(=O)c1ccc(Cc2onc3c2C(=O)CC(C)(C)C3)cc1,356.42,0.0,IC50,31622.78,nM,Inactive
CHEMBL223983,COc1ccc2ccc(=O)oc2c1Cn1ccnc1,256.26,0.0,IC50,31622.78,nM,Inactive
CHEMBL5428361,COc1ccc(/C=C\c2c(CC=C(C)C)c(O)cc(O)c2CC=C(C)C)cc1O,394.51,1.0,IC50,5997.91,nM,Inactive
CHEMBL5415900,C[C@@H]1[C@@H](OC(=O)C(C)(C)c2ccncc2)C[C@H]2C[C@@H]1C2(C)C,301.43,0.0,IC50,3845.92,nM,Inactive
CHEMBL3084923,CC(C)(C(=O)OC1(C)C2CC3CC(C2)CC1C3)c1cccnc1,313.44,0.0,IC50,39994.47,nM,Inactive
CHEMBL5411799,O=S(=O)(Oc1cccc2ccccc12)C1CC2OC1C(c1ccc(-n3ccnc3)cc1)=C2c1ccc(O)cc1,536.61,2.0,IC50,4.3,nM,Active
CHEMBL2282050,C[C@]12CCC(=O)C=C1CC[C@@H]1[C@@H]2CC[C@]2(C)C(=O)/C(=C/c3cccc(OCCCn4ccnc4)c3)C[C@@H]12,498.67,1.0,IC50,4400.0,nM,Inactive
CHEMBL202020,COc1ccc(C(O)(c2cccnc2)c2cc3ccc(OC)cc3o2)cc1,361.4,0.0,IC50,159.96,nM,Intermediate
CHEMBL5423274,OC(c1ccc(F)cc1)(c1cccnc1)c1cc2ccccc2o1,319.34,0.0,IC50,6998.42,nM,Inactive
CHEMBL5404404,Cc1cccc(C(CCCc2c[nH]cn2)c2ccccc2)c1,290.41,0.0,IC50,2500.35,nM,Inactive
CHEMBL5397559,Nc1ccc(C(CCCc2c[nH]cn2)c2ccc(N)cc2)cc1,306.41,0.0,IC50,26001.6,nM,Inactive
CHEMBL5418765,N#Cc1ccc(C(CCCc2ccc(F)cc2)c2c[nH]cn2)cc1,319.38,0.0,IC50,230.14,nM,Intermediate
CHEMBL299066,c1cc2cc(-n3ccnc3)ccc2cn1,195.22,0.0,IC50,3061.96,nM,Inactive
CHEMBL1173700,COc1cccc(/C=C/c2ccc(N)cc2)c1OC,255.32,0.0,IC50,979.49,nM,Intermediate
CHEMBL353068,c1ccc2c(c1)CCC1C(c3cc[nH]n3)C21,210.28,0.0,IC50,51050.5,nM,Inactive
CHEMBL352645,c1ccc2c(c1)CCC1C(c3c[nH]cn3)C21,210.28,0.0,IC50,599.79,nM,Intermediate
CHEMBL5439806,COc1c(F)cc2c(C)c(Cn3ccnc3)ccc2c1F,288.3,0.0,IC50,959.4,nM,Intermediate
CHEMBL5425135,C[C@@H]1[C@H]2C[C@@H](C[C@H]1OC(=O)Cc1ccncc1)C2(C)C,273.38,0.0,IC50,95.94,nM,Active
CHEMBL223874,c1ccc(C2(n3ccnc3)c3ccccc3-c3ccccc32)cc1,308.38,0.0,IC50,74.13,nM,Active
CHEMBL5427782,CC(C)=CCc1c(O)cc2c(c1/C=C/c1ccc(O)cc1)CC(C(C)(C)O)O2,380.48,0.0,IC50,9397.23,nM,Inactive
CHEMBL5203413,CC#CCOc1ccc2cc(C(c3ccc(C#N)cc3)n3cncn3)oc2c1,368.4,0.0,IC50,0.09,nM,Active
CHEMBL68674,CC12CCCCC1=CCC1C2CCC2(C)C(O)CCC12,274.45,0.0,IC50,30000.0,nM,Inactive
CHEMBL70367,CC12CCC3C(C(=O)C=C4CCCCC43C)C1CCC2=O,286.42,0.0,IC50,1800.0,nM,Inactive
CHEMBL264401,c1ccc(-c2nsc(-c3ccccc3)n2)cc1,238.32,0.0,IC50,50000.0,nM,Inactive
CHEMBL4227979,Oc1cccc(-c2csc(-c3ncccn3)n2)c1,255.3,0.0,IC50,3045.68,nM,Inactive
CHEMBL4228236,Cc1ccc(O)c(-c2csc(-c3ncccn3)n2)c1,269.33,0.0,IC50,3591.14,nM,Inactive
CHEMBL71612,CC12CCC3C4CCC=CC4=CC(=O)C3C1CCC2=O,270.37,0.0,IC50,33000.0,nM,Inactive
CHEMBL3754471,C[C@H]1C[C@@H]2[C@H](CC[C@]3(C)C(=O)CC[C@@H]23)[C@@]2(C)CCC(=O)C=C12,300.44,0.0,IC50,60.0,nM,Active
CHEMBL4460869,C[C@H]1C[C@@H]2[C@H](CC[C@]3(C)C(=O)CC[C@@H]23)[C@@]2(C)CC[C@H]3O[C@H]3[C@H]12,302.46,0.0,IC50,175.0,nM,Intermediate
CHEMBL4162931,Fc1ccc(-c2[nH]c3cc4c(cc3c2Cn2cncn2)OCO4)cc1,336.33,0.0,IC50,58.3,nM,Active
CHEMBL5271071,C#CCOc1ccc(C(=O)c2cccc(Cn3ccnc3)c2)cc1,316.36,0.0,IC50,650.0,nM,Intermediate
CHEMBL5284760,CCCOc1ccc(C(=O)c2cccc(Cn3ccnc3)c2)cc1,320.39,0.0,IC50,2.0,nM,Active
CHEMBL4585518,Cc1cc(C)c(C)c(S(=O)(=O)NCc2ccc(CNS(=O)(=O)c3c(C)c(C)cc(C)c3C)cc2)c1C,528.74,2.0,IC50,12500.0,nM,Inactive
CHEMBL1172882,Oc1cccc(-c2ccc(Cc3ccncc3)cc2)c1,261.32,0.0,IC50,663.0,nM,Intermediate
CHEMBL2299369,S=C(NCc1cccc(CNC(=S)Nc2ccc(Cl)cc2)c1)Nc1ccc(Cl)cc1,475.47,1.0,IC50,5500.0,nM,Inactive
CHEMBL4527809,N#Cc1ccc(S(=O)(=O)NCc2ccc(CNS(=O)(=O)c3ccc(C#N)cc3)cc2)cc1,466.54,0.0,IC50,660.0,nM,Intermediate
CHEMBL1444,N#Cc1ccc(C(c2ccc(C#N)cc2)n2cncn2)cc1,285.31,0.0,IC50,1.9,nM,Active
CHEMBL4570681,O=[N+]([O-])c1ccc(S(=O)(=O)NCc2cccc(CNS(=O)(=O)c3ccc([N+](=O)[O-])cc3)c2)cc1,506.52,1.0,IC50,370.0,nM,Intermediate
CHEMBL157101,CC(=O)N1CCN(c2ccc(OCC3COC(Cn4ccnc4)(c4ccc(Cl)cc4Cl)O3)cc2)CC1,531.44,1.0,IC50,16000.0,nM,Inactive
CHEMBL1784788,O=C(C(=Cc1ccccc1)n1cncn1)c1ccc(Cl)cc1Cl,344.2,0.0,IC50,441.0,nM,Intermediate
CHEMBL368732,CN1C(=O)C2CC2(c2ccc(N)cc2)C1=O,216.24,0.0,IC50,13995.87,nM,Inactive
CHEMBL29521,CCCC(C)C1(c2ccc(N)cc2)CCC(=O)NC1=O,274.36,0.0,IC50,599.79,nM,Intermediate
CHEMBL124118,CC[C@]1(c2ccncc2)C[C@@H](C)C(=O)NC1=O,232.28,0.0,IC50,92896.64,nM,Inactive
CHEMBL5394223,CCCCC1(c2ccc(N)cc2)CC(=O)NC1=O,246.31,0.0,IC50,3801.89,nM,Inactive
CHEMBL5439659,CCn1cc(C(c2ccccc2)n2ccnn2)c2cc(Br)ccc21,381.28,0.0,IC50,3090.3,nM,Inactive
CHEMBL111868,Cn1cc(C(c2ccc(F)cc2)n2ccnc2)c2cc(Br)ccc21,384.25,0.0,IC50,78.52,nM,Active
CHEMBL5434047,OC(c1cn(Cc2ccccc2F)c2ccccc12)n1ccnc1,321.36,0.0,IC50,123.88,nM,Intermediate
CHEMBL5393946,Fc1ccccc1Cn1cc(Cn2ccnn2)c2ccccc21,306.34,0.0,IC50,419.76,nM,Intermediate
CHEMBL5403912,Fc1ccc(CC(c2ccc3[nH]ccc3c2)n2ccnc2)cc1,305.36,0.0,IC50,26.3,nM,Active
CHEMBL5410695,N#Cc1ccc(CC(c2cccc3[nH]ccc23)n2ccnc2)cc1,312.38,0.0,IC50,18.71,nM,Active
CHEMBL5437093,CCn1c(C(Cc2ccccc2)n2ccnc2)c(C)c2cc(Br)ccc21,408.34,1.0,IC50,419.76,nM,Intermediate
CHEMBL5409914,CCCn1cc(C(Cc2ccc(F)cc2)n2ccnc2)c2cc(Br)ccc21,426.33,1.0,IC50,319.89,nM,Intermediate
CHEMBL419131,COc1ccc2c(c1)C(=O)/C(=C/c1ccncc1)CC2,265.31,0.0,IC50,13001.7,nM,Inactive
CHEMBL294361,COc1ccc2c(c1)C1C(CC2)C1c1ccncc1,251.33,0.0,IC50,60.95,nM,Active
CHEMBL413344,O=C1/C(=C/c2cnccn2)CCc2ccccc21,236.27,0.0,IC50,38018.94,nM,Inactive
CHEMBL440930,c1cncc(C2C3CCc4ccccc4C32)c1,221.3,0.0,IC50,13001.7,nM,Inactive
CHEMBL5434685,COC1C(F)=Cc2cc(Cn3ccnc3)ccc2C1F,276.29,0.0,IC50,760.33,nM,Intermediate
CHEMBL421829,O=c1c2ccccc2oc2c(Cn3ccnc3)ccc(Br)c12,355.19,0.0,IC50,88.92,nM,Active
CHEMBL364326,O=c1c(-c2ccccc2)c(SCc2cccnc2)oc2cc(O)ccc12,361.42,0.0,IC50,3597.49,nM,Inactive
CHEMBL4517895,COc1ccc(/C=C/c2c(CC=C(C)C)c(O)cc3c2CCC(C)(C)O3)cc1O,394.51,1.0,IC50,5000.35,nM,Inactive
CHEMBL28800,O=[N+]([O-])c1ccc(C(O)(c2ccccc2)c2cncnc2)cc1,307.31,0.0,IC50,269.77,nM,Intermediate
CHEMBL423613,CCOC(=O)c1ccc(C2CCCc3cncn32)cc1,270.33,0.0,IC50,20.99,nM,Active
CHEMBL5421931,C1=NC=NC1CCCCCc1ccccc1,214.31,0.0,IC50,50003.45,nM,Inactive
CHEMBL5397541,Fc1ccccc1C(CCCc1c[nH]cn1)c1ccccc1,294.37,0.0,IC50,15995.58,nM,Inactive
CHEMBL3099695,N#Cc1ccc([C@H]2CCc3cncn32)c(F)c1,227.24,0.0,IC50,6000.0,nM,Inactive
CHEMBL1171628,Nc1ccc(/C=C/c2cccc(N)c2)cc1,210.28,0.0,IC50,7470.0,nM,Inactive
CHEMBL1172402,Nc1ccc(/C=C/c2cc(O)cc(O)c2)cc1,227.26,0.0,IC50,5000.0,nM,Inactive
CHEMBL5562392,CCOC(=O)C(=O)c1cn(CCCCNc2ccc(/C(=C(/C)c3cccc(Br)c3)c3ccccc3)cc2)c2ccccc12,635.6,2.0,IC50,3860.0,nM,Inactive
CHEMBL5560380,CCOC(=O)C(=O)c1cn(CCCCNc2ccc(/C(=C(/C)c3ccccc3OC)c3ccccc3)cc2)c2ccccc12,586.73,2.0,IC50,3200.0,nM,Inactive
CHEMBL5567780,CCOC(=O)C(=O)Nc1ccc(/C(=C(/C)c2ccc(OC)cc2)c2ccccc2)cc1,415.49,1.0,IC50,61.0,nM,Active
CHEMBL5560527,COc1ccccc1/C(C)=C(/c1ccccc1)c1ccc(NC(=O)C(=O)O)cc1,387.44,0.0,IC50,320.0,nM,Intermediate
CHEMBL5562416,CCOC(=O)C(=O)c1cn(CCNc2ccc(C(=C(C)c3ccccc3)c3ccccc3)cc2)c2ccccc12,528.65,2.0,IC50,1390.0,nM,Inactive
CHEMBL5559711,CC(=C(c1ccccc1)c1ccc(NCCCCCn2cc(C(=O)C(=O)O)c3ccccc32)cc1)c1ccccc1,542.68,2.0,IC50,3170.0,nM,Inactive
CHEMBL5561832,CCOC(=O)C(=O)c1cn(CCCCCCNc2ccc(C(=C(C)c3ccccc3)c3ccccc3)cc2)c2ccccc12,584.76,2.0,IC50,1940.0,nM,Inactive
CHEMBL3415156,CCc1nnc2n1-c1cc(F)c(-c3cccnc3)cc1CC2,294.33,0.0,IC50,10000.0,nM,Inactive
CHEMBL3415157,CCc1nnc2n1-c1c(F)cc(-c3cccnc3)cc1CC2,294.33,0.0,IC50,10000.0,nM,Inactive
CHEMBL3415158,CC(C)c1nnc2n1-c1cc(F)c(-c3cccnc3)cc1CC2,308.36,0.0,IC50,10000.0,nM,Inactive
CHEMBL4546916,N#Cc1cccc(CN(c2ccc([N+](=O)[O-])c(-c3ccccc3)c2)n2cnnc2)c1,396.41,0.0,IC50,73.17,nM,Active
CHEMBL4574913,O=[N+]([O-])c1ccc(N(Cc2ccc(Cl)cc2)n2cnnc2)cc1Br,408.64,0.0,IC50,9.02,nM,Active
CHEMBL4526798,O=[N+]([O-])c1ccc(N(Cc2ccc(C(F)(F)F)cc2)n2cnnc2)cc1Br,442.2,0.0,IC50,43.57,nM,Active
CHEMBL4575939,O=[N+]([O-])c1cccc(CN(c2ccc([N+](=O)[O-])c(Br)c2)n2cnnc2)c1,419.2,0.0,IC50,12.12,nM,Active
CHEMBL4556775,O=[N+]([O-])c1ccc(N(Cc2cccc(C(F)(F)F)c2)n2cnnc2)cc1-c1ccccc1,439.4,1.0,IC50,17.42,nM,Active
CHEMBL1444,N#Cc1ccc(C(c2ccc(C#N)cc2)n2cncn2)cc1,285.31,0.0,IC50,2.178,nM,Active
CHEMBL3350384,CCC(=C(c1ccc(O)cc1)c1ccc(OCCN)cc1)c1ccccc1,359.47,1.0,IC50,102.2,nM,Intermediate
CHEMBL3099695,N#Cc1ccc([C@H]2CCc3cncn32)c(F)c1,227.24,0.0,IC50,856.0,nM,Intermediate
CHEMBL349919,CC(=O)SCC[C@]12CCC(=O)C=C1CCC1C2=CC[C@]2(C)C(=O)CCC12,372.53,0.0,IC50,10000.0,nM,Inactive
CHEMBL255108,N#Cc1ccc(C2CC(=O)c3ccc4ccccc4c3O2)cc1,299.33,0.0,IC50,1540.0,nM,Inactive
CHEMBL3421780,N#Cc1ccc(-c2ccncc2)c(OCCc2ccccc2)c1,300.36,0.0,IC50,1546.0,nM,Inactive
CHEMBL438802,COC(=O)c1ccc2cc(-c3cccnc3)ccc2c1,263.3,0.0,IC50,1252.0,nM,Inactive
CHEMBL194472,COc1cc2ccccc2cc1-n1ccnc1,224.26,0.0,IC50,129.0,nM,Intermediate
CHEMBL206351,COc1ccc2c(c1)CCC(c1cccnc1)=C2,237.3,0.0,IC50,814.0,nM,Intermediate
CHEMBL5265932,CCC#CCOc1ccc2cc(C(O)(c3cccnc3)c3ccc(Cl)cc3Cl)oc2c1,452.34,1.0,IC50,10.0,nM,Active
CHEMBL488,CCC1(c2ccc(N)cc2)CCC(=O)NC1=O,232.28,0.0,IC50,37000.0,nM,Inactive
CHEMBL28669,CC(C)CC1(c2ccc(N)cc2)CCC(=O)NC1=O,260.34,0.0,IC50,3000.0,nM,Inactive
CHEMBL390077,N#Cc1ccc(N(Cc2ccc(Cl)c(OS(N)(=O)=O)c2)n2cnnc2)cc1,404.84,0.0,IC50,0.92,nM,Active
CHEMBL226842,N#Cc1ccc(N(Cc2ccc(O)c(C(F)(F)F)c2)n2cnnc2)cc1,359.31,0.0,IC50,0.88,nM,Active
CHEMBL229906,COc1ccc2c(c1)OC(c1cccc(CC=C(C)C)c1)CC2=O,322.4,0.0,IC50,4670.0,nM,Inactive
CHEMBL1444,N#Cc1ccc(C(c2ccc(C#N)cc2)n2cncn2)cc1,285.31,0.0,IC50,26.0,nM,Active
CHEMBL1096024,COc1ccc2c(c1)C(N)=C(CC1=CCNC=C1)C2=O,268.32,0.0,IC50,3500.0,nM,Inactive
CHEMBL88421,CCCCCCCCCN1C(=O)CC[C@](CC)(c2ccncc2)C1=O,344.5,0.0,IC50,3000.0,nM,Inactive
CHEMBL4175438,Fc1ccc(-c2[nH]c3cc(F)ccc3c2Cn2ccnc2)cc1,309.32,0.0,IC50,51.2,nM,Active
CHEMBL4167569,Fc1ccc2c(Cn3ccnc3)c(-c3ccc(Cl)cc3)[nH]c2c1,325.77,0.0,IC50,82.9,nM,Active
CHEMBL175799,Clc1ccc2c(c1)CC/C2=C/c1ccncc1,241.72,0.0,IC50,1990.0,nM,Inactive
CHEMBL2333337,Nc1ccc(Cn2ccnc2)c2c(=O)c3ccccc3oc12,291.31,0.0,IC50,6393.0,nM,Inactive
CHEMBL4797578,Oc1ccc(C(=C(Cn2cncn2)c2ccccc2)c2ccc(O)cc2)cc1,369.42,0.0,IC50,137.0,nM,Intermediate
CHEMBL3805173,COc1ccc(S(=O)(=O)N2CCCC(Cn3ccnc3)C2)cc1F,353.42,0.0,IC50,14.0,nM,Active
CHEMBL3806301,O=[N+]([O-])c1cccc(Cl)c1Oc1cccc(S(=O)(=O)N2CCCC(Cn3ccnc3)C2)c1,476.94,0.0,IC50,9.0,nM,Active
CHEMBL3806282,N#Cc1ccc(S(=O)(=O)N2CCCC(Cn3ccnc3)C2)c(Cl)c1,364.86,0.0,IC50,79.0,nM,Active
CHEMBL3818725,C[C@]12C=CC(=O)C=C1CC[C@@H]1[C@@H]2CC[C@]2(C)C(=O)C(n3ccnc3)C[C@@H]12,350.46,0.0,IC50,168.0,nM,Intermediate
CHEMBL390079,N#Cc1ccc(N(Cc2ccc(F)c(O)c2)n2cnnc2)cc1,309.3,0.0,IC50,0.6,nM,Active
CHEMBL390496,N#Cc1ccc(N(Cc2ccc(OS(N)(=O)=O)c(I)c2)n2cnnc2)cc1,496.29,0.0,IC50,1.5,nM,Active
CHEMBL1454842,c1cc(-c2nsc(-c3ccncc3)n2)ccn1,240.29,0.0,IC50,800.0,nM,Intermediate
CHEMBL1939541,CCCCc1ccc(-c2nsc(-c3ccc(CCCC)cc3)n2)cc1,350.53,1.0,IC50,50000.0,nM,Inactive
CHEMBL1939544,Ic1ccccc1-c1nsc(-c2ccccc2I)n1,490.11,1.0,IC50,50000.0,nM,Inactive
CHEMBL1939551,Oc1ccc(-c2nsc(-c3ccc(O)cc3)n2)cc1,270.31,0.0,IC50,50000.0,nM,Inactive
CHEMBL1957212,Brc1ccc(-c2nc(-c3cccnc3)cs2)cc1,317.21,0.0,IC50,7920.0,nM,Inactive
CHEMBL1957216,Clc1cc(-c2nc(-c3cccnc3)cs2)ccn1,273.75,0.0,IC50,164.0,nM,Intermediate
CHEMBL1955869,N#Cc1ccc(-n2ccc3ccncc32)cc1,219.25,0.0,IC50,93.0,nM,Active
CHEMBL3134107,COc1cc(O)c([C@@H]2C[C@@H](c3ccccc3)Oc3c(C=O)c(O)cc(O)c32)c(O)c1C(=O)/C=C/c1ccccc1,538.55,2.0,IC50,3300.0,nM,Inactive
CHEMBL67842,COc1ccc2c(c1)CCC1C(c3ccncc3)C21,251.33,0.0,IC50,69.0,nM,Active
CHEMBL4460718,O=S(=O)(NCc1cccc(CNS(=O)(=O)c2ccc(Cl)cc2)c1)c1ccc(Cl)cc1,485.41,0.0,IC50,50.0,nM,Active
CHEMBL4852023,CC(C)c1cc(O)c2c(c1)CC[C@H]1C(C)(C)CCC[C@]21C,286.46,1.0,IC50,3700.0,nM,Inactive
CHEMBL157101,CC(=O)N1CCN(c2ccc(OCC3COC(Cn4ccnc4)(c4ccc(Cl)cc4Cl)O3)cc2)CC1,531.44,1.0,IC50,2400.0,nM,Inactive
CHEMBL1203762,Cl.N#Cc1ccc(C2CCc3cncn32)cc1,245.71,0.0,IC50,2.0,nM,Active
CHEMBL196328,COc1ccc2cc(-c3cccnc3)ccc2c1Br,314.18,0.0,IC50,9107.0,nM,Inactive
CHEMBL206550,CC1Cc2ccccc2C=C1c1cccnc1,221.3,0.0,IC50,1787.0,nM,Inactive
CHEMBL2431526,C[C@]12CC[C@@H](O)C(=O)[C@H]1CC[C@@H]1[C@@H]2CC[C@]2(C)[C@@H](O)CC[C@@H]12,306.45,0.0,IC50,3900.0,nM,Inactive
CHEMBL229790,COCOc1ccc(C2CC(=O)c3ccc(OC)cc3O2)cc1CC=C(C)C,382.46,0.0,IC50,25140.0,nM,Inactive
CHEMBL2011177,O=C1c2ccccc2OCC1c1ccc(Oc2ccccc2)cc1,316.36,0.0,IC50,17000.0,nM,Inactive
CHEMBL275638,O=c1cc(-c2ccccc2)oc2ccccc12,222.24,0.0,IC50,10000.0,nM,Inactive
CHEMBL5568432,Cc1ncsc1-c1ccc([C@H](C)NC(=O)[C@@H]2C[C@@H](O)CN2C(=O)[C@@H](NC(=O)CCCCCCCCCCCOc2ccc(N(CC(F)(F)F)S(=O)(=O)C3CC4OC3C(c3ccc(-n5ccnc5)cc3)=C4c3ccc(O)cc3)cc2)C(C)(C)C)cc1,1208.48,,IC50,100000.0,nM,Inactive
CHEMBL4526798,O=[N+]([O-])c1ccc(N(Cc2ccc(C(F)(F)F)cc2)n2cnnc2)cc1Br,442.2,0.0,IC50,43.55,nM,Active
CHEMBL4592407,O=[N+]([O-])c1ccc(N(Cc2ccccc2)n2cnnc2)cc1-c1ccccc1,371.4,0.0,IC50,30.2,nM,Active
CHEMBL4546916,N#Cc1cccc(CN(c2ccc([N+](=O)[O-])c(-c3ccccc3)c2)n2cnnc2)c1,396.41,0.0,IC50,73.11,nM,Active
CHEMBL5402193,N#Cc1ccc(N(Cc2ccc(OS(N)(=O)=O)cc2Cl)n2cnnc2)cc1,404.84,0.0,IC50,17.99,nM,Active
CHEMBL5425028,N#Cc1ccc(N(Cc2ccc(O)cc2F)n2ccnc2)cc1,308.32,0.0,IC50,0.02799,nM,Active
CHEMBL348913,OCc1ccc(C2CCCc3cncn32)cc1,228.29,0.0,IC50,14.29,nM,Active
CHEMBL162585,N#Cc1ccc(C2CCc3cncn32)cc1,209.25,0.0,IC50,2.0,nM,Active
CHEMBL5401856,Cc1ccc(C(CCc2c[nH]cn2)c2ccc(C)cc2)cc1,290.41,0.0,IC50,13995.87,nM,Inactive
CHEMBL5425656,N#Cc1ccc(C(CCc2c[nH]cn2)c2ccc(F)cc2)cc1,305.36,0.0,IC50,500.03,nM,Intermediate
CHEMBL5433442,O=S(=O)(Oc1ccc(C(F)(F)F)cc1)C1CC2OC1C(c1ccc(-n3ccnc3)cc1)=C2c1ccc(O)cc1,554.55,2.0,IC50,0.9,nM,Active
CHEMBL5422315,O=S(=O)(Oc1ccc(F)cc1)C1CC2OC1C(c1ccc(-n3ccnc3)cc1)=C2c1ccc(O)cc1,504.54,1.0,IC50,54.83,nM,Active
CHEMBL5405944,O=S(=O)(Oc1ccc(C(F)(F)F)cc1)C1CC2OC1C(c1ccc(-n3cncn3)cc1)=C2c1ccc(O)cc1,555.53,1.0,IC50,2.09,nM,Active
CHEMBL5407335,CN(c1ccccc1)S(=O)(=O)C1CC2OC1C(c1ccc(-n3ccnc3)cc1)=C2c1ccc(O)cc1,499.59,0.0,IC50,154.7,nM,Intermediate
CHEMBL5435743,CCN(c1ccccc1)S(=O)(=O)C1CC2OC1C(c1ccc(-n3ccnc3)cc1)=C2c1ccc(O)cc1,513.62,1.0,IC50,127.4,nM,Intermediate
CHEMBL5404063,O=S(=O)(C1CC2OC1C(c1ccc(-n3cncn3)cc1)=C2c1ccc(O)cc1)N(CC(F)(F)F)c1ccccc1,568.58,1.0,IC50,37.73,nM,Active
CHEMBL361653,COc1ccc(-c2c(SCc3ccncc3)oc3cc(OC)ccc3c2=O)cc1,405.48,1.0,IC50,3100.0,nM,Inactive
CHEMBL9298,N#Cc1ccc(C2CCCc3cncn32)cc1,223.28,0.0,IC50,30.0,nM,Active
CHEMBL2386284,CC/C(=C(\c1ccc(O)cc1)c1ccc(OCCN)cc1)c1ccccc1,359.47,1.0,IC50,1029.0,nM,Inactive
CHEMBL2420675,COc1ccc2ccc(-c3cccnc3)c(F)c2c1,253.28,0.0,IC50,2000.0,nM,Inactive
CHEMBL2442766,COc1cccc(C2=CC(=O)c3ccc4c(c3=N2)=CC=N4)c1,288.31,0.0,IC50,590.0,nM,Intermediate
CHEMBL2440145,COc1ccc(-c2cc(CO)c3ccc4[nH]ccc4c3n2)cc1,304.35,0.0,IC50,922.0,nM,Intermediate
CHEMBL5175025,Oc1ccc(C(c2cc3cc(Cl)ccc3o2)n2cncn2)cc1,325.76,0.0,IC50,30.25,nM,Active
CHEMBL198291,COc1ccc2cc(C(c3ccc(F)cc3)n3cncn3)oc2c1,323.33,0.0,IC50,0.15,nM,Active
CHEMBL2179110,CCC#CCO[C@@H]1C[C@@H]2[C@H](CC[C@]3(C)C(=O)CC[C@@H]23)[C@@]2(C)C=CC(=O)C=C12,366.5,0.0,IC50,11.8,nM,Active
CHEMBL1956186,Cc1cc(-n2ccc3ccncc32)ccc1Cl,242.71,0.0,IC50,59.0,nM,Active
CHEMBL185,O=c1[nH]cc(F)c(=O)[nH]1,130.08,0.0,IC50,630.0,nM,Intermediate
CHEMBL29521,CCCC(C)C1(c2ccc(N)cc2)CCC(=O)NC1=O,274.36,0.0,IC50,600.0,nM,Intermediate
CHEMBL132530,C[C@]12CCC(=O)C(O)=C1CC[C@@H]1[C@@H]2CC[C@]2(C)C(=O)CC[C@@H]12,302.41,0.0,IC50,30.0,nM,Active
CHEMBL3919759,CCc1c(F)cncc1-c1nc2ccc(F)cn2c1C1CC1,299.32,0.0,IC50,120.0,nM,Intermediate
CHEMBL5401146,O=S(=O)(Oc1ccc(F)cc1)C1CC2OC1C(c1ccc(O)cc1)=C2c1ccc(-n2ccnc2)cc1,504.54,1.0,IC50,110.08,nM,Intermediate
CHEMBL5400203,Cn1cc(-c2ccc(C3=C(c4ccc(O)cc4)C4CC(S(=O)(=O)Oc5ccc(C(F)(F)F)cc5)C3O4)cc2)cn1,568.57,2.0,IC50,26.52,nM,Active
CHEMBL27698,CCCN1C(=O)C2CC(c3ccc(N)cc3)(C2)C1=O,258.32,0.0,IC50,111.0,nM,Intermediate
CHEMBL164543,C=CSCC[C@]12CCC(=O)C=C1CCC1C2=CC[C@]2(C)C(=O)CCC12,356.53,1.0,IC50,50.0,nM,Active
CHEMBL437731,O=c1cc(Cn2ccnc2)c2ccc(Oc3ccccc3)cc2o1,318.33,0.0,IC50,51.0,nM,Active
CHEMBL3134111,COc1c(C)c(OC)c2c(c1C)O[C@H](c1ccccc1)C[C@H]2O,314.38,0.0,IC50,10700.0,nM,Inactive
CHEMBL117,O=c1cc(-c2ccccc2)oc2cc(O)cc(O)c12,254.24,0.0,IC50,800.0,nM,Intermediate
CHEMBL108483,N#Cc1ccc(N(Cc2ccc(OS(N)(=O)=O)c(Br)c2)n2cnnc2)cc1,449.29,0.0,IC50,0.82,nM,Active
CHEMBL1444,N#Cc1ccc(C(c2ccc(C#N)cc2)n2cncn2)cc1,285.31,0.0,IC50,1.8,nM,Active
CHEMBL93666,COc1ccc2c(c1)C(=O)C(Cc1ccncc1)CC2,267.33,0.0,IC50,8500.0,nM,Inactive
CHEMBL468419,Cl.N#Cc1ccc(C2CCCc3cncn32)cc1,259.74,0.0,IC50,0.03,nM,Active
CHEMBL4874928,C=C[C@@]1(C)CC(=O)C2=C(CC[C@H]3C(C)(C)CCC[C@]23C)C1,286.46,1.0,IC50,7900.0,nM,Inactive
CHEMBL5436925,O=S(=O)(Oc1ccccc1Br)C1CC2OC1C(c1ccc(-n3ccnc3)cc1)=C2c1ccc(O)cc1,565.45,2.0,IC50,103.24,nM,Intermediate
CHEMBL5410004,O=S(=O)(Oc1cccc(Br)c1)C1CC2OC1C(c1ccc(O)cc1)=C2c1ccc(-n2ccnc2)cc1,565.45,2.0,IC50,329.2,nM,Intermediate
CHEMBL399910,O=C1C[C@@H](c2ccccc2)Oc2cc(O)cc(O)c21,256.26,0.0,IC50,900.0,nM,Intermediate
CHEMBL5564713,C[n+]1ccc(/C=C/c2cc3c(O)c(c2)Cc2cc(C(C)(C)C)cc(c2OCCCn2cc(CN4C(=O)C(=O)c5cc(F)ccc54)nn2)Cc2cc(/C=C/c4cc[n+](C)cc4)cc(c2O)Cc2cc(C(C)(C)C)cc(c2OCCCn2cc(CN4C(=O)C(=O)c5cc(F)ccc54)nn2)C3)cc1.[I-].[I-],1599.37,,IC50,711.0,nM,Intermediate
CHEMBL1444,N#Cc1ccc(C(c2ccc(C#N)cc2)n2cncn2)cc1,285.31,0.0,IC50,10.0,nM,Active
CHEMBL296411,COc1ccc(/C=C/c2cc(OC)cc(OC)c2)cc1,270.33,0.0,IC50,13600.0,nM,Inactive
CHEMBL3349550,C[C@]12CCC(=O)C=C1C[C@@H](Cc1ccccc1)[C@@H]1[C@@H]2CC[C@]2(C)C(=O)CC[C@@H]12,376.54,1.0,IC50,328.1,nM,Intermediate
CHEMBL5271503,CCCC[C@H]1C[C@@H]2[C@H](CC[C@]3(C)[C@@H](O)CC[C@@H]23)c2ccc(O)cc21,328.5,1.0,IC50,27989.81,nM,Inactive
CHEMBL29482,N#Cc1ccc(C(c2ccc(C#N)cc2)n2ccnc2)cc1,284.32,0.0,IC50,3.0,nM,Active
CHEMBL37321,CCCCCCN1C(=O)CCC(CC)(c2ccncc2)C1=O,302.42,0.0,IC50,6600.0,nM,Inactive
CHEMBL1629806,C[C@]12CCCC=C1[C@@H](O)C[C@@H]1[C@@H]2CC[C@]2(C)C(=O)CC[C@@H]12,288.43,0.0,IC50,190.0,nM,Intermediate
CHEMBL3753169,CC1(C)C[C@@]2(C)C(=CC1=O)CC[C@@H]1[C@@H]2CC[C@]2(C)C(=O)CC[C@@H]12,314.47,0.0,IC50,89.0,nM,Active
CHEMBL1444,N#Cc1ccc(C(c2ccc(C#N)cc2)n2cncn2)cc1,285.31,0.0,IC50,2.8,nM,Active
CHEMBL416616,CCn1ccc2cccc(C(c3ccc(F)cc3)n3ccnc3)c21,319.38,0.0,IC50,62.0,nM,Active
CHEMBL177293,Brc1ccc2c(c1)CC/C2=C\c1c[nH]cn1,275.15,0.0,IC50,27.0,nM,Active
CHEMBL2442761,COc1ccc(-c2cc(Cn3cncn3)c3ccc4[nH]ccc4c3n2)cc1,355.4,0.0,IC50,10000.0,nM,Inactive
CHEMBL2442772,OCc1cc(-c2ccccc2)nc2c1ccc1[nH]ccc12,274.32,0.0,IC50,2112.0,nM,Inactive
CHEMBL2442770,CCOC(=O)c1cc(C)nc2c1ccc1[nH]ccc12,254.29,0.0,IC50,10000.0,nM,Inactive
CHEMBL2442767,CCOC(=O)c1cc(-c2ccccc2)nc2c1ccc1[nH]ccc12,316.36,0.0,IC50,10000.0,nM,Inactive
CHEMBL3753398,C[C@]12CC[C@H]3[C@@H](CCC4=CCCC[C@@]43C(F)F)[C@@H]1CCC2=O,308.41,1.0,IC50,1199.5,nM,Inactive
CHEMBL5559176,CC(=C(c1ccccc1)c1ccccc1)c1ccc(NC(=O)C(=O)O)cc1,357.41,0.0,IC50,3120.0,nM,Inactive
CHEMBL3415165,Fc1cc(-c2cccnc2)cc2c1-n1c(nnc1-c1ccncc1)CC2,343.37,0.0,IC50,10000.0,nM,Inactive
CHEMBL2331699,Cc1nnc2n1-c1c(F)cc(-c3cncc(F)c3)cc1CC2,298.3,0.0,IC50,10000.0,nM,Inactive
CHEMBL5566581,CCOC(=O)C(=O)c1cn(CCCCNc2ccc(C(=C(C)c3ccccc3)c3ccccc3)cc2)c2ccccc12,556.71,2.0,IC50,500.0,nM,Intermediate
CHEMBL3752381,CC(=O)O[C@H]1CC[C@@]2(C)C(=C/C(=N\OCCCn3ccnc3)[C@H]3[C@@H]4CC[C@H](OC(C)=O)[C@@]4(C)CC[C@@H]32)C1,511.66,2.0,IC50,12000.0,nM,Inactive
CHEMBL3752892,C[C@]12CCC(=O)C(SCF)=C1CC[C@@H]1[C@@H]2CC[C@]2(C)C(=O)CC[C@@H]12,350.5,1.0,IC50,800.0,nM,Intermediate
CHEMBL5559605,Cc1ncsc1-c1ccc([C@H](C)NC(=O)[C@@H]2C[C@@H](O)CN2C(=O)[C@@H](NC(=O)CCCCCOc2ccc(N(CC(F)(F)F)S(=O)(=O)C3CC4OC3C(c3ccc(-n5cncn5)cc3)=C4c3ccc(O)cc3)cc2)C(C)(C)C)cc1,1125.31,,IC50,100000.0,nM,Inactive
CHEMBL5549760,Cc1ncsc1-c1ccc([C@H](C)NC(=O)[C@@H]2C[C@@H](O)CN2C(=O)[C@@H](NC(=O)COCCOCCOCCOCCOc2ccc(N(CC(F)(F)F)S(=O)(=O)C3CC4OC3C(c3ccc(-n5ccnc5)cc3)=C4c3ccc(O)cc3)cc2)C(C)(C)C)cc1,1244.42,,IC50,640.0,nM,Intermediate
CHEMBL28173,CCCCCCCN1C(=O)C2CC(c3ccc(N)cc3)(C2)C1=O,314.43,0.0,IC50,48.98,nM,Active
CHEMBL330452,CC[C@]1(c2ccncc2)CCC(=O)NC1=O,218.26,0.0,IC50,62950.62,nM,Inactive
CHEMBL124230,CC[C@]1(c2ccncc2)C[C@H](C)C(=O)NC1=O,232.28,0.0,IC50,23014.42,nM,Inactive
CHEMBL123494,CCCCCCCCC[C@H]1C[C@](CC)(c2ccncc2)C(=O)NC1=O,344.5,0.0,IC50,4102.04,nM,Inactive
CHEMBL338746,CCCCCCCC[C@H]1C[C@](CCCCCCCC)(c2ccncc2)C(=O)NC1=O,414.63,1.0,IC50,26001.6,nM,Inactive
CHEMBL5431722,CCCCCC1(c2ccc(N)cc2)CC(=O)NC1=O,260.34,0.0,IC50,1238.8,nM,Inactive
CHEMBL5397228,CCCCCCCC1(c2ccc(N)cc2)CC(=O)NC1=O,288.39,0.0,IC50,33113.11,nM,Inactive
CHEMBL5425433,c1ccc(Cn2cc(Cn3cnnc3)c3ccccc32)cc1,288.35,0.0,IC50,11246.05,nM,Inactive
CHEMBL5434747,Brc1ccc2oc(Cn3ccnc3)cc2c1,277.12,0.0,IC50,3908.41,nM,Inactive
CHEMBL5411965,Clc1cc(Cl)c2oc(Cn3ccnc3)cc2c1,267.12,0.0,IC50,6251.73,nM,Inactive
CHEMBL5410534,OC(c1cn(Cc2cccc(F)c2)c2ccccc12)n1ccnc1,321.36,0.0,IC50,82.04,nM,Active
CHEMBL5440983,Clc1ccc(CC(c2ccc3[nH]ccc3c2)n2ccnc2)cc1,321.81,0.0,IC50,15.31,nM,Active
CHEMBL5411393,COc1ccc(C(O)(c2cccnc2)c2cc3ccccc3o2)cc1,331.37,0.0,IC50,1300.17,nM,Inactive
CHEMBL5432971,CCn1cc(C(Cc2ccc(F)cc2)n2ccnc2)c2cc(F)ccc21,351.4,0.0,IC50,59.98,nM,Active
CHEMBL5407805,CC(C)n1cc(C(Cc2ccc(F)cc2)n2ccnc2)c2cc(Br)ccc21,426.33,1.0,IC50,339.63,nM,Intermediate
CHEMBL5430600,O=C1c2ccc3c(c2CCC1Cc1ccncc1)CCCC3,291.39,0.0,IC50,4698.94,nM,Inactive
CHEMBL23365,COc1ccc2c(c1)CC(Cc1ccncc1)CC2,253.34,0.0,IC50,4295.36,nM,Inactive
CHEMBL23394,Oc1ccc2c(c1)CC(Cc1ccncc1)CC2,239.32,0.0,IC50,1300.17,nM,Inactive
CHEMBL419619,COc1cc2c(cc1Br)CCC1C(c3ccncc3)C21,330.23,0.0,IC50,1399.59,nM,Inactive
CHEMBL104566,CC1CCC(OC(=O)Cc2ccncc2)C1,219.28,0.0,IC50,1999.86,nM,Inactive
CHEMBL29901,CC(c1ccc(Cl)cc1)(c1ccc(Cl)cc1)c1cncnc1,329.23,1.0,IC50,82.04,nM,Active
CHEMBL30047,CCC(c1ccc(Cl)cc1)(c1ccc(Cl)cc1)c1cncnc1,343.26,1.0,IC50,2951.21,nM,Inactive
CHEMBL135633,OC(c1ccc(Cl)cc1)(c1ccc(Cl)cc1)c1ccncn1,331.2,0.0,IC50,322.11,nM,Intermediate
CHEMBL5410623,OC(c1ccc(Cl)cc1)(c1ccc(Cl)cc1)c1cscn1,336.24,0.0,IC50,9.594,nM,Active
CHEMBL5410574,OC(c1ccc(Cl)cc1)(c1ccc(Cl)cc1)c1ccsn1,336.24,0.0,IC50,19.01,nM,Active
CHEMBL5431850,N#Cc1ccc(N(CCCc2ccc(OS(N)(=O)=O)cc2)n2cnnc2)cc1,398.45,0.0,IC50,0.8892,nM,Active
CHEMBL5412416,N#Cc1ccc(N(CCc2ccc(O)c(Cl)c2)n2cnnc2)cc1,339.79,0.0,IC50,0.2799,nM,Active
CHEMBL5400488,N#Cc1ccc(N(CCCOc2ccc(O)cc2)n2cnnc2)cc1,335.37,0.0,IC50,1.5,nM,Active
CHEMBL5425230,N#Cc1ccc(N(CCCCOc2ccc(OS(N)(=O)=O)cc2)n2cnnc2)cc1,428.47,0.0,IC50,30.97,nM,Active
CHEMBL5412353,N#Cc1ccc(N(CSc2ccc(O)cc2)n2cnnc2)cc1,323.38,0.0,IC50,1.698,nM,Active
CHEMBL5401315,N#Cc1ccc(N(CCSc2cccc(O)c2)n2cnnc2)cc1,337.41,0.0,IC50,0.3097,nM,Active
CHEMBL5398138,N#Cc1ccc(N(CCCCSc2ccc(OS(N)(=O)=O)cc2)n2cnnc2)cc1,444.54,0.0,IC50,2.0,nM,Active
CHEMBL5408847,N#Cc1ccc(N(CCc2coc3cc(OS(N)(=O)=O)ccc23)n2cnnc2)cc1,424.44,0.0,IC50,3.999,nM,Active
CHEMBL5438840,CCn1ccc2cccc(C(Cc3ccc(Cl)cc3)n3ccnc3)c21,349.87,1.0,IC50,54.95,nM,Active
CHEMBL5428148,CCn1c(C(Cc2ccc(F)cc2)n2ccnc2)c(C)c2ccccc21,347.44,1.0,IC50,119.95,nM,Intermediate
CHEMBL5431758,N#Cc1ccc(N(Cc2ccc(O)cc2Cl)n2cnnc2)cc1,325.76,0.0,IC50,2.999,nM,Active
CHEMBL350072,Cc1ccc(C2CCCc3cncn32)cc1,212.3,0.0,IC50,17.62,nM,Active
CHEMBL117,O=c1cc(-c2ccccc2)oc2cc(O)cc(O)c12,254.24,0.0,IC50,699.84,nM,Intermediate
CHEMBL5395012,Fc1ccc(CCC(c2ccc(F)cc2)c2c[nH]cn2)cc1,298.34,0.0,IC50,2197.86,nM,Inactive
CHEMBL5421565,N#Cc1ccc(C(CCc2ccc(F)cc2)n2ccnc2)cc1,305.36,0.0,IC50,50.0,nM,Active
CHEMBL348263,CCCCOc1ccc(N/C=N\O)cc1,208.26,0.0,IC50,269.77,nM,Intermediate
CHEMBL1172400,CC(=O)Oc1cc(/C=C/c2ccc(N)cc2)cc(OC(C)=O)c1,311.34,0.0,IC50,2831.39,nM,Inactive
CHEMBL5423576,COc1cc(OC)c(OC)cc1CCc1ccc(N)cc1,287.36,0.0,IC50,2798.98,nM,Inactive
CHEMBL4451577,CC(C)=CCc1c(O)cc2c(c1/C=C\c1ccc(O)cc1)CCC(C)(C)O2,364.49,1.0,IC50,3899.42,nM,Inactive
CHEMBL5429699,COc1ccc(/C=C/c2c(CC=C(C)C)c(O)cc(O)c2CC(O)=C(C)C)cc1,394.51,1.0,IC50,10000.0,nM,Inactive
CHEMBL5425965,CCCCCc1c(CC=C(C)C)c(O)cc(O)c1CC=C(C)C,316.49,1.0,IC50,8203.52,nM,Inactive
CHEMBL55144,c1cn(CCC2CCCc3occc32)cn1,216.28,0.0,IC50,920.45,nM,Intermediate
CHEMBL283085,Cc1ccc(C(O)(c2ccc(C)cc2)c2cncnc2)cc1,290.37,0.0,IC50,410.2,nM,Intermediate
CHEMBL5395351,CCCCCCN1C(=O)CC(c2ccc(N)cc2)C1=O,274.36,0.0,IC50,399.94,nM,Intermediate
CHEMBL452018,Fc1ccc(Cn2cc(Cn3ccnc3)c3ccccc32)cc1,305.36,0.0,IC50,71.78,nM,Active
CHEMBL5410174,CCn1ccc2cc(Br)cc(C(Cc3ccc(F)cc3)n3ccnc3)c21,412.31,1.0,IC50,199.99,nM,Intermediate
CHEMBL5425929,Clc1cccc(CC(c2ccc3[nH]ccc3c2)n2ccnc2)c1,321.81,0.0,IC50,29.72,nM,Active
CHEMBL5416993,CCn1c(C(Cc2cccc(Cl)c2)n2ccnc2)c(C)c2cc(Br)ccc21,442.79,1.0,IC50,939.72,nM,Intermediate
CHEMBL285155,COc1ccc2c(c1)C/C(=C/c1ccncc1)C2=O,251.28,0.0,IC50,4797.33,nM,Inactive
CHEMBL135563,Clc1ccc(C(c2ccc(Cl)cc2)n2cnnc2)cc1,304.18,0.0,IC50,9.29,nM,Active
CHEMBL3622076,CC(C)(C#N)c1cc(Cn2cncn2)cc(Oc2ccc(OS(N)(=O)=O)cc2)c1,413.46,0.0,IC50,5.495,nM,Active
CHEMBL5399449,N#Cc1ccc(N(CCCc2ccc(O)c(F)c2)n2cnnc2)cc1,337.36,0.0,IC50,1.0,nM,Active
CHEMBL5439970,N#Cc1ccc(N(CCCCCSc2ccc(O)cc2)n2cnnc2)cc1,379.49,0.0,IC50,0.5998,nM,Active
CHEMBL3622056,N#Cc1ccc(N(CCSc2ccc(OS(N)(=O)=O)cc2)n2cnnc2)cc1,416.49,0.0,IC50,0.4198,nM,Active
CHEMBL5404073,N#Cc1ccc(N(CC2CCc3cc(O)ccc3C2)n2cnnc2)cc1,345.41,0.0,IC50,0.25,nM,Active
CHEMBL2420686,Oc1ccc2ccc(-c3cncnc3)c(Cl)c2c1,256.69,0.0,IC50,2000.0,nM,Inactive
CHEMBL1444,N#Cc1ccc(C(c2ccc(C#N)cc2)n2cncn2)cc1,285.31,0.0,IC50,0.7,nM,Active
CHEMBL3622063,N#Cc1ccc(N(Cc2ccc3c(Cl)c(OS(N)(=O)=O)ccc3c2)n2cnnc2)cc1,454.9,0.0,IC50,26.0,nM,Active
CHEMBL3752050,C[C@]12CCC(=O)c3onc(c31)C[C@@H]1[C@@H]2CC[C@]2(C)C(=O)CC[C@@H]12,313.4,0.0,IC50,1889.0,nM,Inactive
CHEMBL5195433,Cc1c(-c2nocc2C(=O)SC#N)c(=O)n(-c2ccccc2)n1C,340.36,0.0,IC50,2.3,nM,Active
CHEMBL4859743,C[C@@H]1O[C@]2(C(C)(C)O)C=C3CC[C@H]4C(C)(C)CCC[C@]4(C)[C@@]31OO2,336.47,0.0,IC50,10700.0,nM,Inactive
CHEMBL4749692,Oc1ccc(C(Cn2cnnc2)=C(c2ccc(O)cc2)c2ccc(O)cc2)cc1,385.42,0.0,IC50,12500.0,nM,Inactive
CHEMBL1629800,C[C@]12CCC=C[C@@H]1CC[C@@H]1[C@@H]2CC[C@]2(C)C(=O)CC[C@@H]12,272.43,0.0,IC50,224.91,nM,Intermediate
CHEMBL3752994,CC1=C[C@@H]2[C@H](CC[C@]3(C)C(=O)CC[C@@H]23)[C@@]2(C)CCC(=O)C=C12,298.43,0.0,IC50,359.75,nM,Intermediate
CHEMBL3754259,C[C@]12C=CC(=O)C=C1C[C@@H](CCc1ccccc1)[C@@H]1[C@@H]2CC[C@]2(C)C(=O)CC[C@@H]12,388.55,1.0,IC50,154.88,nM,Intermediate
CHEMBL3752480,CCCCCCC1=C[C@@H]2[C@H](CC[C@]3(C)C(=O)CC[C@@H]23)[C@@]2(C)CCC(=O)C=C12,368.56,1.0,IC50,199.99,nM,Intermediate
CHEMBL5281414,CC(=O)OC1=C2C=C[C@@H]3[C@H](CC[C@]4(C)C(=O)CC[C@@H]34)[C@@]2(C)CCC1=O,342.44,0.0,IC50,7998.34,nM,Inactive
CHEMBL3754696,C[C@]12CCC(=O)C(O)=C1C(=O)C[C@@H]1[C@@H]2CC[C@]2(C)C(=O)CC[C@@H]12,316.4,0.0,IC50,460.26,nM,Intermediate
CHEMBL5284085,C[C@]12CC[C@H]3[C@@H](CCC4=CC(=O)CC[C@@]43CI)[C@@H]1CCC2=O,412.31,0.0,IC50,4102.04,nM,Inactive
CHEMBL5274587,CC[C@]12CCC(=O)C=C1C(=O)C[C@@H]1[C@@H]2CC[C@]2(C)C(=O)CC[C@@H]12,314.42,0.0,IC50,2197.86,nM,Inactive
CHEMBL5280069,C[C@]12CC[C@H]3[C@@H](C=CC4=CC(=O)CC[C@@]43CBr)[C@@H]1CCC2=O,363.3,0.0,IC50,1399.59,nM,Inactive
CHEMBL1629805,C[C@]12CC[C@H]3[C@@H](CCC4=CCCC[C@@]43CO)[C@@H]1CCC2=O,288.43,0.0,IC50,269.77,nM,Intermediate
CHEMBL5277888,C[C@]12CC[C@H]3[C@@H](CCC4=CC(=O)CC[C@@]43C)[C@@H]1CC[C@@H]2OC(=O)CBr,409.36,0.0,IC50,50003.45,nM,Inactive
CHEMBL5282836,C[C@]12CC[C@H]3[C@@H](CC=C4C(=O)CCC[C@@]43CO)[C@@H]1CCC2=O,302.41,0.0,IC50,21978.6,nM,Inactive
CHEMBL3753258,C[C@]12CC[C@@H]3c4ccc(O)cc4[C@H](CCCc4ccccc4)C[C@H]3[C@@H]1CCC2=O,388.55,1.0,IC50,29991.63,nM,Inactive
CHEMBL5266927,CCCC[C@H]1C[C@@H]2[C@H](CC[C@]3(C)C(=O)CC[C@@H]23)[C@@]2(C)C=CC(=O)C=C12,340.51,1.0,IC50,199.99,nM,Intermediate
CHEMBL5279139,CC1(C)C[C@@]2(CO)C(=CC1=O)CC[C@@H]1[C@@H]2CC[C@]2(C)C(=O)CC[C@@H]12,330.47,0.0,IC50,5105.05,nM,Inactive
CHEMBL5265837,C[C@]12CCC(=O)C=C1C=C(CCc1ccc([N+](=O)[O-])cc1)[C@@H]1[C@@H]2CC[C@]2(C)C(=O)CC[C@@H]12,433.55,1.0,IC50,4497.8,nM,Inactive
CHEMBL5277901,C[C@]12CCC(=O)C(S)=C1CC[C@@H]1[C@@H]2CC[C@]2(C)C(=O)CC[C@@H]12,318.48,0.0,IC50,3499.45,nM,Inactive
CHEMBL5272287,CCCCCCCC(=O)O[C@H]1C[C@@H]2[C@H](CC[C@]3(C)C(=O)CC[C@@H]23)[C@@]2(C)CCC(=O)C=C12,428.61,1.0,IC50,149.97,nM,Intermediate
CHEMBL5269898,CO[C@@H]1C[C@@H]2[C@H](CC[C@]3(C)C(=O)CC[C@@H]23)[C@@]2(C)CCC(=O)C=C12,316.44,0.0,IC50,169.82,nM,Intermediate
CHEMBL5289646,CO[C@H]1C[C@@H]2[C@H](CC[C@]3(C)C(=O)CC[C@@H]23)[C@@]2(C)C=CC(=O)C=C12,314.43,0.0,IC50,439.54,nM,Intermediate
CHEMBL5283978,COc1ccc([C@H]2NN=C3[C@@H]2C[C@H]2[C@@H]4CC[C@H]5CC(=O)CC[C@]5(C)[C@H]4CC[C@]32C)cc1,420.6,1.0,IC50,4875.28,nM,Inactive
CHEMBL5276017,CN1N=C2[C@H](C[C@H]3[C@@H]4CC[C@H]5C[C@@H](O)CC[C@]5(C)[C@H]4CC[C@]23C)[C@H]1c1ccccc1,406.61,1.0,IC50,6338.7,nM,Inactive
CHEMBL3752216,COc1ccc([C@@H]2[C@H]3C[C@H]4[C@@H]5CCC6=CC(=O)C=C[C@]6(C)[C@H]5CC[C@]4(C)C3=NN2C)cc1,430.59,1.0,IC50,2108.63,nM,Inactive
CHEMBL3754253,C[C@]12C=CC(=O)C=C1CC[C@@H]1[C@@H]2CC[C@]2(C)C3=NN(c4ccccc4)[C@H](c4ccccc4)[C@H]3C[C@@H]12,462.64,1.0,IC50,1981.53,nM,Inactive
CHEMBL5287070,C/C=C1\CC[C@@]2(C)[C@@H](CC[C@@H]3[C@@H]2CC[C@]2(C)C4=NN(c5ccccc5)[C@H](c5ccccc5)[C@H]4C[C@@H]32)C1,478.72,1.0,IC50,3341.95,nM,Inactive
CHEMBL3623220,C[C@]12CC[C@@H]3c4cc(NC(=O)c5ccncc5)c(O)cc4CC[C@H]3[C@@H]1CCC2=O,390.48,0.0,IC50,31188.9,nM,Inactive
CHEMBL5277446,CC[C@H]1C[C@@H]2[C@H](CC[C@]3(C)C(=O)CC[C@@H]23)[C@@]2(C)CCC(=O)C=C12,314.47,0.0,IC50,260.02,nM,Intermediate
CHEMBL5275215,CC(C)[C@H]1C[C@@H]2[C@H](CC[C@]3(C)C(=O)CC[C@@H]23)[C@@]2(C)CCC(=O)C=C12,328.5,0.0,IC50,1399.59,nM,Inactive
CHEMBL5283697,C[C@]12CC[C@H]3[C@@H](C(=O)C=C4C(=O)CCC[C@@]43CO)[C@@H]1CCC2=O,316.4,0.0,IC50,47973.34,nM,Inactive
CHEMBL149791,CCC(=C(c1ccc(O)cc1)c1ccc(O)cc1)c1ccccc1,316.4,1.0,IC50,24900.0,nM,Inactive
CHEMBL4753594,Oc1ccc(C(=C(Cn2ccnc2)c2ccc(O)c(F)c2)c2ccc(O)cc2)cc1,402.43,0.0,IC50,94.4,nM,Active
CHEMBL5561217,C/C(=C(\c1ccccc1)c1ccc(NCCCCn2cc(C(=O)C(=O)O)c3ccccc32)cc1)c1cccc(Br)c1,607.55,2.0,IC50,6800.0,nM,Inactive
CHEMBL1444,N#Cc1ccc(C(c2ccc(C#N)cc2)n2cncn2)cc1,285.31,0.0,IC50,279.0,nM,Intermediate
CHEMBL5283276,CCC#CCOc1ccc(C(=O)c2cccc(Cn3ccnc3)c2)cc1,344.41,0.0,IC50,9.0,nM,Active
CHEMBL108483,N#Cc1ccc(N(Cc2ccc(OS(N)(=O)=O)c(Br)c2)n2cnnc2)cc1,449.29,0.0,IC50,0.82,nM,Active
CHEMBL4474808,N[C@@H]1CCN(Cc2cc(O)c3cc(F)ccc3n2)C[C@H]1O,291.33,0.0,IC50,20900.0,nM,Inactive
CHEMBL286965,OC(c1ccc(Cl)cc1)(c1cncnc1)c1cccc(F)c1,314.75,0.0,IC50,1648.16,nM,Inactive
CHEMBL29864,CCCC1(c2ccc(N)cc2)CCC(=O)NC1=O,246.31,0.0,IC50,10990.06,nM,Inactive
CHEMBL29339,CCCCCCC1(c2ccc(N)cc2)CCC(=O)NC1=O,288.39,0.0,IC50,1499.68,nM,Inactive
CHEMBL26543,Nc1ccc(C23CC(C2)C(=O)NC3=O)cc1,216.24,0.0,IC50,1999.86,nM,Inactive
CHEMBL27467,Nc1ccc(C23CC(C2)C(=O)N(C2CCCCC2)C3=O)cc1,298.39,0.0,IC50,13.0,nM,Active
CHEMBL5426628,Nc1ccc(C23CC(C2)C(=O)N(Cc2ccccc2)C3=O)cc1,306.37,0.0,IC50,97.05,nM,Active
CHEMBL115899,CCn1cc(Cn2ccnc2)c2ccccc21,225.29,0.0,IC50,3580.96,nM,Inactive
CHEMBL5427189,c1ccc(Cn2cc(Cc3c[nH]nn3)c3ccccc32)cc1,288.35,0.0,IC50,11246.05,nM,Inactive
CHEMBL5402030,Fc1ccc(Cn2cc(Cn3ccnn3)c3ccccc32)cc1,306.34,0.0,IC50,204.17,nM,Intermediate
CHEMBL488050,Clc1ccc(Cn2cc(Cn3ccnc3)c3ccccc32)cc1,321.81,0.0,IC50,69.34,nM,Active
CHEMBL5400511,Clc1ccc(Cn2cc(Cn3cncn3)c3ccccc32)cc1,322.8,0.0,IC50,181.97,nM,Intermediate
CHEMBL23097,COc1ccc2c(c1)CCC(Cc1ccncc1)C2,253.34,0.0,IC50,230.14,nM,Intermediate
CHEMBL279940,Oc1ccc2c(c1)CCC(Cc1ccncc1)C2,239.32,0.0,IC50,749.89,nM,Intermediate
CHEMBL169086,O=C1/C(=C/c2cncs2)CCc2ccccc21,241.31,0.0,IC50,1099.01,nM,Inactive
CHEMBL168434,O=C1/C(=C/c2c[nH]cn2)CCc2ccccc21,224.26,0.0,IC50,260.02,nM,Intermediate
CHEMBL168444,O=C1c2ccccc2CCC1C(O)c1ccncn1,254.29,0.0,IC50,26977.39,nM,Inactive
CHEMBL105289,O=C(Cc1ccncc1)OC1CCCC1,205.26,0.0,IC50,2301.44,nM,Inactive
CHEMBL5406205,CC(C)[C@H]1CC[C@H](C)C[C@@H]1OC(=O)Cc1ccncc1,275.39,0.0,IC50,239.88,nM,Intermediate
CHEMBL104047,O=C(Cc1ccncc1)OC12CC3CC(CC(C3)C1)C2,271.36,0.0,IC50,88.92,nM,Active
CHEMBL323585,CC(C)CCOC(=O)Cc1ccncc1,207.27,0.0,IC50,11803.21,nM,Inactive
CHEMBL102981,CC(C(=O)OC1CCCCC1)c1ccncc1,233.31,0.0,IC50,2098.94,nM,Inactive
CHEMBL5417020,CCC(CC)(C(=O)O[C@H]1C[C@H]2C[C@@H]([C@@H]1C)C2(C)C)c1ccncc1,329.48,0.0,IC50,54954.09,nM,Inactive
CHEMBL5430729,C[C@@H]1CC[C@]23C[C@@H]1C(C)(C)[C@@H]2CC[C@@]3(C)OC(=O)Cc1ccncc1,341.5,0.0,IC50,439.54,nM,Intermediate
CHEMBL5412704,CC(C(=O)O[C@H]1C[C@H]2C[C@@H]([C@@H]1C)C2(C)C)c1cccnc1,287.4,0.0,IC50,8892.01,nM,Inactive
CHEMBL16782,COc1ccc2c(=O)cc(-c3ccccc3)oc2c1,252.27,0.0,IC50,88715.6,nM,Inactive
CHEMBL317221,COc1cc(O)c(C(=O)/C=C/c2ccccc2)c(O)c1,270.28,0.0,IC50,14288.94,nM,Inactive
CHEMBL5420745,COc1ccc2c(c1)OC(c1cc(O)cc(O)c1)CC2=O,286.28,0.0,IC50,3499.45,nM,Inactive
CHEMBL5418934,COc1ccc2c(c1)OC(c1ccc(OC)cc1OC)CC2=O,314.34,0.0,IC50,7998.34,nM,Inactive
CHEMBL375292,Cc1ncc2c(n1)-c1ccccc1C2n1ccnc1,248.29,0.0,IC50,2818.38,nM,Inactive
CHEMBL437731,O=c1cc(Cn2ccnc2)c2ccc(Oc3ccccc3)cc2o1,318.33,0.0,IC50,51.29,nM,Active
CHEMBL224786,O=c1oc2ccccc2c(Cn2ccnc2)c1-c1ccccc1,302.33,0.0,IC50,5128.61,nM,Inactive
CHEMBL324290,COc1cc(/C=C/c2ccc(N)cc2)cc(OC)c1,255.32,0.0,IC50,309.74,nM,Intermediate
CHEMBL5424344,Clc1ccc(C(c2cc3ccccc3o2)n2cnnn2)cc1,310.74,0.0,IC50,2999.16,nM,Inactive
CHEMBL5421179,Clc1ccc(C(c2cc3ccccc3o2)n2cnnn2)c(Cl)c1,345.19,0.0,IC50,51999.6,nM,Inactive
CHEMBL138538,Cc1ccc(C(O)(c2ccc(Cl)cc2)c2cccnc2)cc1,309.8,0.0,IC50,230.14,nM,Intermediate
CHEMBL202065,COc1ccc2cc(C(c3ccc(C(F)(F)F)cc3)n3cncn3)oc2c1,373.33,0.0,IC50,130.02,nM,Intermediate
CHEMBL5402090,N#Cc1ccc(N(CCc2ccc(O)cc2)n2cnnc2)cc1,305.34,0.0,IC50,1.3,nM,Active
CHEMBL5417335,N#Cc1ccc(N(CCc2ccc(O)c(Br)c2)n2cnnc2)cc1,384.24,0.0,IC50,0.3597,nM,Active
CHEMBL5413770,N#Cc1ccc(N(CCCc2ccc(O)cc2)n2cnnc2)cc1,319.37,0.0,IC50,1.6,nM,Active
CHEMBL5423400,N#Cc1ccc(N(CCCOc2ccc(OS(N)(=O)=O)cc2)n2cnnc2)cc1,414.45,0.0,IC50,2.999,nM,Active
CHEMBL5435238,N#Cc1ccc(N(CCSc2cccc(OS(N)(=O)=O)c2)n2cnnc2)cc1,416.49,0.0,IC50,1.698,nM,Active
CHEMBL5427905,CN(CCN(c1ccc(C#N)cc1)n1cnnc1)S(=O)(=O)c1ccc(O)cc1,398.45,0.0,IC50,5.495,nM,Active
CHEMBL3622064,N#Cc1ccc(N(Cc2ccc3c(Br)c(OS(N)(=O)=O)ccc3c2)n2cnnc2)cc1,499.35,0.0,IC50,0.25,nM,Active
CHEMBL5397563,N#Cc1ccc(N(Cc2ccc3cc(O)ccc3c2)n2cnnc2)cc1,341.37,0.0,IC50,14.0,nM,Active
CHEMBL5408436,N#Cc1ccc(N(Cc2ccc3c(Br)c(O)ccc3c2)n2cnnc2)cc1,420.27,0.0,IC50,0.1,nM,Active
CHEMBL5419258,N#Cc1ccc(N(Cc2c[nH]c3ccc(O)cc23)n2cnnc2)cc1,330.35,0.0,IC50,16.0,nM,Active
CHEMBL5438093,N#Cc1ccc(C(CCc2ccc(O)c(Br)c2)n2cncn2)cc1,383.25,0.0,IC50,0.02,nM,Active
CHEMBL5429844,Oc1ccc(CC(c2ccc(Cl)cc2)n2cncn2)cc1Br,378.66,0.0,IC50,1.799,nM,Active
CHEMBL5421450,Cn1nnc2ccc(C(c3ccc(O)cc3)n3cncn3)cc21,306.33,0.0,IC50,3.802,nM,Active
CHEMBL5400682,NS(=O)(=O)Oc1ccc(CN(c2cc(F)cc(F)c2)n2cnnc2)cc1,381.36,0.0,IC50,760.33,nM,Intermediate
CHEMBL5435398,N#Cc1ccc(N(n2cnnc2)C(F)(F)c2ccc(O)cc2)cc1,327.29,0.0,IC50,297.17,nM,Intermediate
CHEMBL5412669,N#Cc1ccc(N(Cc2ccc(O)cc2Br)n2cnnc2)cc1,370.21,0.0,IC50,1.099,nM,Active
CHEMBL5425529,Oc1ccc(CN(c2ccc3c(c2)OC(F)(F)O3)C2C=NN=C2)cc1,345.31,0.0,IC50,5495.41,nM,Inactive
CHEMBL350338,Brc1ccc(C2CCCc3cncn32)cc1,277.17,0.0,IC50,7.603,nM,Active
CHEMBL5396276,C1=NC=NC1CCCCC(c1ccccc1)c1ccccc1,290.41,0.0,IC50,1698.24,nM,Inactive
CHEMBL5427371,C1=NC=NC1CC(CCc1ccccc1)c1ccccc1,276.38,0.0,IC50,5495.41,nM,Inactive
CHEMBL5429779,Cc1ccc(C(CCc2c[nH]cn2)c2ccccc2)cc1,276.38,0.0,IC50,7095.78,nM,Inactive
CHEMBL5423512,Cc1ccc(CCCCC(c2ccc(F)cc2)c2c[nH]cn2)cc1,322.43,1.0,IC50,8491.8,nM,Inactive
CHEMBL149750,CCCCOc1ccc(-c2cc[nH]n2)cc1,216.28,0.0,IC50,3162.28,nM,Inactive
CHEMBL1093458,CC/C(=C(\c1ccc(O)cc1)c1ccc(OCCNC)cc1)c1ccccc1,373.5,1.0,IC50,6100.0,nM,Inactive
CHEMBL1630277,CC[C@H]1CCC[C@@]2(C)C1=CC[C@@H]1[C@@H]2CC[C@]2(C)C(=O)CC[C@@H]12,300.49,1.0,IC50,4497.8,nM,Inactive
CHEMBL5275668,C[C@]12CC[C@H]3[C@@H](C(=O)C=C4C=CCC[C@@]43C=O)[C@@H]1CCC2=O,298.38,0.0,IC50,10990.06,nM,Inactive
CHEMBL5291132,CC(=O)O[C@H]1CCC[C@@]2(C)C1=CC(=O)[C@@H]1[C@@H]2CC[C@]2(C)C(=O)CC[C@@H]12,344.45,0.0,IC50,95060.48,nM,Inactive
CHEMBL5275758,C[C@]12CC[C@H]3[C@@H](C(=O)C=C4C(=O)CCC[C@@]43C)[C@@H]1CC[C@@H]2O,302.41,0.0,IC50,57016.43,nM,Inactive
CHEMBL5268507,CC(=O)OC[C@]12CCCC=C1CC[C@@H]1[C@@H]2CC[C@]2(C)C(OC(C)=O)CC[C@@H]12,374.52,0.0,IC50,38018.94,nM,Inactive
CHEMBL2431524,C[C@]12CC[C@H]3[C@@H](CC[C@@]4(O)[C@@H](O)C(=O)CC[C@]34C)[C@@H]1CCC2=O,320.43,0.0,IC50,29107.17,nM,Inactive
CHEMBL3752165,CC1=C[C@@H]2[C@H](CC[C@]3(C)C(=O)CC[C@@H]23)[C@@]2(C)C=CC(=O)C=C12,296.41,0.0,IC50,739.61,nM,Intermediate
CHEMBL3752315,CCCCCCC1=C[C@@H]2[C@H](CC[C@]3(C)C(=O)CC[C@@H]23)[C@@]2(C)C=CC(=O)C=C12,366.55,1.0,IC50,154.88,nM,Intermediate
CHEMBL3752155,C[C@]12C=CC(=O)C=C1C(CCc1ccccc1)=C[C@@H]1[C@@H]2CC[C@]2(C)C(=O)CC[C@@H]12,386.54,1.0,IC50,72.95,nM,Active
CHEMBL5281469,C[C@]12C=CC(=O)C=C1[C@H](CCCCCc1ccccc1)C[C@@H]1[C@@H]2CC[C@]2(C)C(=O)CC[C@@H]12,430.63,1.0,IC50,100.0,nM,Intermediate
CHEMBL5267859,Cc1ccc(S(=O)(=O)N2[C@H]3[C@@H]4[C@H](CC[C@]5(C)C(=O)CC[C@@H]45)[C@@]4(C)CCC(=O)C=C4[C@H]32)cc1,453.6,0.0,IC50,92896.64,nM,Inactive
CHEMBL1629804,C[C@]12CCCC=C1CC[C@@H]1[C@@H]2CC[C@]2(C)C(=O)CC[C@@H]12,272.43,0.0,IC50,529.66,nM,Intermediate
CHEMBL5270933,C[C@]12CC[C@H]3[C@@H](C=CC4=CC(=O)CC[C@@]43CCl)[C@@H]1CCC2=O,318.84,0.0,IC50,760.33,nM,Intermediate
CHEMBL3349659,C[C@]12CC[C@H]3[C@@H]([C@H](CCc4ccccc4)CC4=CC(=O)CC[C@@]43C)[C@@H]1CC[C@@H]2O,392.58,1.0,IC50,35.97,nM,Active
CHEMBL3753645,C[C@]12CCC(=O)C=C1[C@@H](OC(=O)CBr)C[C@@H]1[C@@H]2CC[C@]2(C)C(=O)CC[C@@H]12,423.35,0.0,IC50,2798.98,nM,Inactive
CHEMBL5266298,C[C@]12CCCC(=O)C1=CC(=O)[C@@H]1[C@@H]2CC[C@]2(C)C(=O)CC[C@@H]12,300.4,0.0,IC50,3597.49,nM,Inactive
CHEMBL5276910,CCCC[C@@H]1C[C@@H]2[C@H](CC[C@]3(C)[C@@H](O)CC[C@@H]23)c2ccc(O)cc21,328.5,1.0,IC50,43954.16,nM,Inactive
CHEMBL3752280,C[C@]12CCCC=C1C(=O)C[C@@H]1[C@@H]2CC[C@]2(C)C(=O)CC[C@@H]12,286.42,0.0,IC50,164.82,nM,Intermediate
CHEMBL1627337,C[C@]12CC[C@@H]3c4ccc(O)c(F)c4CC[C@H]3[C@@H]1CC[C@@H]2O,290.38,0.0,IC50,87902.25,nM,Inactive
CHEMBL3754063,CCCCCC[C@H]1C[C@@H]2[C@H](CC[C@]3(C)C(=O)CC[C@@H]23)[C@@]2(C)CCC(=O)C=C12,370.58,1.0,IC50,1000.0,nM,Intermediate
CHEMBL5266933,CCC[C@H]1C[C@@H]2[C@H](CC[C@]3(C)C(=O)CC[C@@H]23)[C@@]2(C)C=CC(=O)C=C12,326.48,0.0,IC50,269.77,nM,Intermediate
CHEMBL4468497,C=CC[C@H]1C[C@@H]2[C@H](CC[C@]3(C)C(=O)CC[C@@H]23)[C@@]2(C)CCC(=O)C(O)=C12,342.48,0.0,IC50,520.0,nM,Intermediate
CHEMBL3754425,C[C@]12CCCC(=O)C1=CC[C@@H]1[C@@H]2CC[C@]2(C)C(=O)CC[C@@H]12,286.42,0.0,IC50,1199.5,nM,Inactive
CHEMBL2431525,C[C@]12CC[C@H]3[C@@H](CCC4=C(O)C(=O)CC[C@@]43C)[C@@H]1CC[C@@H]2O,304.43,0.0,IC50,46989.41,nM,Inactive
CHEMBL29863,CCCCC1(c2ccc(N)cc2)CCC(=O)NC1=O,260.34,0.0,IC50,2300.0,nM,Inactive
CHEMBL421149,N#Cc1ccc(Cn2ccnc2)c2oc3ccccc3c(=O)c12,301.31,0.0,IC50,43.0,nM,Active
CHEMBL31760,C=C(c1ccc(C#N)cc1)n1ccnc1,195.22,0.0,IC50,0.7,nM,Active
CHEMBL322322,N#Cc1ccc(N(Cc2ccc(OS(N)(=O)=O)c(Cl)c2)n2cnnc2)cc1,404.84,0.0,IC50,2.3,nM,Active
CHEMBL1997442,COc1ccc2c(c1)C(N)=C(Cc1ccncc1)C2=O,266.3,0.0,IC50,100.0,nM,Intermediate
CHEMBL188664,O=c1c(-c2ccccc2)c(SCc2ccncc2)oc2cc(OCc3ccccc3)ccc12,451.55,1.0,IC50,210.0,nM,Intermediate
CHEMBL362968,COc1ccc2cc(-c3cccnc3)ccc2c1,235.29,0.0,IC50,586.0,nM,Intermediate
CHEMBL5278036,COc1ccc2cc(C(O)(c3cccnc3)c3ccc(Cl)cc3Cl)oc2c1,400.26,1.0,IC50,1.9,nM,Active
CHEMBL5290320,CCCCO[C@H]1C[C@@H]2[C@H](CC[C@]3(C)C(=O)CC[C@@H]23)[C@@]2(C)CCC(=O)C=C12,358.52,0.0,IC50,779.83,nM,Intermediate
CHEMBL5284524,CC(=O)O[C@@H]1C[C@@H]2[C@H](CC[C@]3(C)C(=O)CC[C@@H]23)[C@@]2(C)C=CC(=O)C=C12,342.44,0.0,IC50,5000.35,nM,Inactive
CHEMBL5290788,C[C@]12CCC(=O)C=C1C(=O)C[C@@H]1[C@@H]2CC[C@]2(C)C(=O)CC[C@@H]12,300.4,0.0,IC50,1099.01,nM,Inactive
CHEMBL1230438,C[C@]12CCC(=O)C[C@@H]1CC[C@@H]1[C@@H]2CC[C@]2(C)C(=O)CC[C@@H]12,288.43,0.0,IC50,899.5,nM,Intermediate
CHEMBL5273646,CCC(=O)N1N=C2[C@H](C[C@H]3[C@@H]4CC[C@H]5C[C@@H](OC(=O)C(F)(F)F)CC[C@]5(C)[C@H]4CC[C@]23C)[C@H]1c1ccccc1,544.66,2.0,IC50,6714.29,nM,Inactive
CHEMBL5270920,C[C@]12CC[C@H](OC(=O)C(F)(F)F)C[C@@H]1CC[C@@H]1[C@@H]2CC[C@]2(C)C3=NN(c4ccccc4)[C@H](c4ccccc4)[C@H]3C[C@@H]12,564.69,2.0,IC50,5675.45,nM,Inactive
CHEMBL5291483,COc1ccc([C@@H]2[C@H]3C[C@H]4[C@@H]5CC[C@H]6CC(=O)CC[C@]6(C)[C@H]5CC[C@]4(C)C3=NN2C)cc1,434.62,1.0,IC50,4560.37,nM,Inactive
CHEMBL3753089,C[C@]12CCC(=O)C=C1C=C(CCc1ccccc1)[C@@H]1[C@@H]2CC[C@]2(C)C(=O)CC[C@@H]12,388.55,1.0,IC50,660.69,nM,Intermediate
CHEMBL5276820,C[C@]12CCC(=O)C=C1C=C(CCc1ccc(N)cc1)[C@@H]1[C@@H]2CC[C@]2(C)C(=O)CC[C@@H]12,403.57,1.0,IC50,1250.26,nM,Inactive
CHEMBL3752221,C[C@]12C=CC(=O)C=C1C[C@@H](CCc1ccc([N+](=O)[O-])cc1)[C@@H]1[C@@H]2CC[C@]2(C)C(=O)CC[C@@H]12,433.55,1.0,IC50,14.89,nM,Active
CHEMBL2113524,C[C@]12CCC(=O)C(SC(F)F)=C1CC[C@@H]1[C@@H]2CC[C@]2(C)C(=O)CC[C@@H]12,368.49,1.0,IC50,2697.74,nM,Inactive
CHEMBL5268139,C[C@]12CCC(=O)C=C1[C@@H](Oc1ccccc1)C[C@@H]1[C@@H]2CC[C@]2(C)C(=O)CC[C@@H]12,378.51,1.0,IC50,100.0,nM,Intermediate
CHEMBL5275063,CCCCC(=O)O[C@@H]1C[C@@H]2[C@H](CC[C@]3(C)C(=O)CC[C@@H]23)[C@@]2(C)CCC(=O)C=C12,386.53,0.0,IC50,1499.68,nM,Inactive
CHEMBL5277980,CCCCCCCC(=O)O[C@@H]1C[C@@H]2[C@H](CC[C@]3(C)C(=O)CC[C@@H]23)[C@@]2(C)CCC(=O)C=C12,428.61,1.0,IC50,1499.68,nM,Inactive
CHEMBL2058266,C[C@]12CC[C@H]3[C@@H](CC[C@@]45O[C@@H]4CCC[C@]35C)[C@@H]1CCC2=O,288.43,0.0,IC50,1200.0,nM,Inactive
CHEMBL5558884,C/C(=C(\c1ccccc1)c1ccc(NC(=O)C(=O)O)cc1)c1ccc(Cl)cc1,391.85,1.0,IC50,1140.0,nM,Inactive
CHEMBL1956179,N#Cc1ccc(Oc2cccnc2)cc1Oc1cccnc1,289.29,0.0,IC50,304.0,nM,Intermediate
CHEMBL1444,N#Cc1ccc(C(c2ccc(C#N)cc2)n2cncn2)cc1,285.31,0.0,IC50,1.0,nM,Active
CHEMBL496375,COc1ccc(-c2cc3c(=O)cc(O)oc3cc2SCc2ccncc2)cc1,391.45,0.0,IC50,220.0,nM,Intermediate
CHEMBL495565,Cc1nc2ccc(Cl)c(-n3ccnc3)c2cc1CCn1ccnc1,337.81,0.0,IC50,96.0,nM,Active
CHEMBL523813,Fc1ccc(CC(Cc2ccc(-c3ccccc3)cc2)n2ccnc2)cc1,356.44,1.0,IC50,110.0,nM,Intermediate
CHEMBL489986,Fc1ccccc1CN(Cc1ccc(-c2ccccc2)cc1)n1ccnc1,357.43,1.0,IC50,460.0,nM,Intermediate
CHEMBL252642,O=C1C[C@@H](c2ccc(O)cc2)Oc2cc(O)ccc21,256.26,0.0,IC50,340.0,nM,Intermediate
CHEMBL69011,Nc1ccc(/C=C/c2ccccc2)cc1,195.26,0.0,IC50,22000.0,nM,Inactive
CHEMBL5418690,O=S(=O)(Oc1ccccc1)C1CC2OC1C(c1ccc(-n3ccnc3)cc1)=C2c1ccc(O)cc1,486.55,0.0,IC50,323.0,nM,Intermediate
CHEMBL5426175,O=S(=O)(Oc1cccc(C(F)(F)F)c1)C1CC2OC1C(c1ccc(-n3ccnc3)cc1)=C2c1ccc(O)cc1,554.55,2.0,IC50,101.0,nM,Intermediate
CHEMBL5403786,O=S(=O)(Oc1cccc(Br)c1)C1CC2OC1C(c1ccc(-n3ccnc3)cc1)=C2c1ccc(O)cc1,565.45,2.0,IC50,267.25,nM,Intermediate
CHEMBL5404699,COc1ccc(OS(=O)(=O)C2CC3OC2C(c2ccc(-c4cnn(C)c4)cc2)=C3c2ccc(O)cc2)cc1,530.6,1.0,IC50,282.0,nM,Intermediate
CHEMBL1630260,CCCC(=O)OC1=C2CC[C@@H]3[C@H](CC[C@]4(C)C(=O)CC[C@@H]34)[C@@]2(C)CCC1,358.52,1.0,IC50,1500.0,nM,Inactive
CHEMBL1630266,C[C@]12CC[C@H]3[C@@H](C[C@H](O)C4=CCCC[C@@]43CO)[C@@H]1CCC2=O,304.43,0.0,IC50,1000.0,nM,Intermediate
CHEMBL5281772,C[C@]12CC[C@H]3[C@@H]([C@@H]4C[C@@H]4C4=CCCC[C@@]43C)[C@@H]1CC[C@@H]2O,286.46,0.0,IC50,2697.74,nM,Inactive
CHEMBL5290511,CC[C@H]1C[C@@H]2[C@H](CC[C@]3(C)C(O)CC[C@@H]23)[C@@]2(C)CCCC=C12,302.5,1.0,IC50,130.02,nM,Intermediate
CHEMBL5286964,CC[C@@H]1C[C@@H]2[C@H](CC[C@]3(C)C(O)CC[C@@H]23)[C@@]2(C)CCCC=C12,302.5,1.0,IC50,1300.17,nM,Inactive
CHEMBL3752668,CCCC[C@H]1C[C@@H]2[C@H](CC[C@]3(C)C(=O)CC[C@@H]23)[C@@]2(C)CCC(=O)C=C12,342.52,1.0,IC50,790.68,nM,Intermediate
CHEMBL3754482,C[C@@H]1C[C@@H]2[C@H](CC[C@]3(C)C(=O)CC[C@@H]23)c2ccc(O)cc21,284.4,0.0,IC50,3303.7,nM,Inactive
CHEMBL5281972,Cc1c(-c2nocc2SC#N)c(=O)n(-c2ccccc2)n1C,312.35,0.0,IC50,2.3,nM,Active
CHEMBL1444,N#Cc1ccc(C(c2ccc(C#N)cc2)n2cncn2)cc1,285.31,0.0,IC50,2.8,nM,Active
CHEMBL514514,Clc1ccc(CN(Cc2cccc3ccsc23)n2ccnc2)c(Cl)c1,388.32,1.0,IC50,2490.0,nM,Inactive
CHEMBL5414572,CCN(c1ccc(OC)cc1)S(=O)(=O)C1CC2OC1C(c1ccc(-n3ccnc3)cc1)=C2c1ccc(O)cc1,543.65,1.0,IC50,152.12,nM,Intermediate
CHEMBL5413340,O=S(=O)(C1CC2OC1C(c1ccc(-n3ccnc3)cc1)=C2c1ccc(O)cc1)N(CC(F)(F)F)c1ccccc1,567.59,2.0,IC50,236.72,nM,Intermediate
CHEMBL5279458,CCCO[C@@H]1C[C@@H]2[C@H](CC[C@]3(C)C(=O)CC[C@@H]23)[C@@]2(C)CCC(=O)C=C12,344.5,0.0,IC50,549.54,nM,Intermediate
CHEMBL5286772,CCCCCC(=O)O[C@H]1C[C@@H]2[C@H](CC[C@]3(C)C(=O)CC[C@@H]23)[C@@]2(C)C=CC(=O)C=C12,398.54,0.0,IC50,209.89,nM,Intermediate
CHEMBL5270578,COC1=C[C@@H]2[C@H](CC[C@]3(C)C(=O)CC[C@@H]23)[C@@]2(C)C=CC(=O)C=C12,312.41,0.0,IC50,799.83,nM,Intermediate
CHEMBL5278107,CCOC1=C[C@@H]2[C@H](CC[C@]3(C)C(=O)CC[C@@H]23)[C@@]2(C)C=CC(=O)C=C12,326.44,0.0,IC50,950.6,nM,Intermediate
CHEMBL5265808,CC(=O)N1N=C2[C@H](C[C@H]3[C@@H]4CC[C@H]5C[C@@H](OC(=O)C(F)(F)F)CC[C@]5(C)[C@H]4CC[C@]23C)[C@H]1c1ccccc1,530.63,2.0,IC50,6576.58,nM,Inactive
CHEMBL5288360,C/C=C1\CC[C@@]2(C)[C@@H](CC[C@@H]3[C@@H]2CC[C@]2(C)C4=NN(c5ccccc5)[C@H](c5ccc(OC)cc5)[C@H]4C[C@@H]32)C1,508.75,2.0,IC50,3228.49,nM,Inactive
CHEMBL5290731,C[C@]12CC[C@H](O)CC1=CC[C@@H]1[C@@H]2CC[C@]2(C)C(=O)[C@@H](n3ccnc3)C[C@@H]12,354.49,0.0,IC50,3303.7,nM,Inactive
CHEMBL5282873,CC(=O)O[C@H]1[C@@H](n2ccnc2)C[C@H]2[C@@H]3CC=C4C[C@@H](N5CCCC5)CC[C@]4(C)[C@H]3CC[C@@]21C,451.66,1.0,IC50,4897.79,nM,Inactive
CHEMBL5289535,CCCCCC1=C[C@@]2(C)C(=CC1=O)CC[C@@H]1[C@@H]2CC[C@]2(C)C(=O)CC[C@@H]12,354.53,1.0,IC50,743.02,nM,Intermediate
CHEMBL3752591,C[C@]12C=CC(=O)C=C1C[C@@H](Cc1ccccc1)[C@@H]1[C@@H]2CC[C@]2(C)C(=O)CC[C@@H]12,374.52,1.0,IC50,231.74,nM,Intermediate
CHEMBL3753447,C[C@]12C=CC(=O)C=C1C[C@@H](CCCc1ccccc1)[C@@H]1[C@@H]2CC[C@]2(C)C(=O)CC[C@@H]12,402.58,1.0,IC50,7.691,nM,Active
CHEMBL5271543,C[C@]12CCC(=O)C(S)=C1CC[C@@H]1C2=CC[C@]2(C)C(=O)CC[C@@H]12,316.47,0.0,IC50,3801.89,nM,Inactive
CHEMBL3752892,C[C@]12CCC(=O)C(SCF)=C1CC[C@@H]1[C@@H]2CC[C@]2(C)C(=O)CC[C@@H]12,350.5,1.0,IC50,799.83,nM,Intermediate
CHEMBL2113619,C[C@]12CCC(=O)C(SCC#N)=C1CC[C@@H]1[C@@H]2CC[C@]2(C)C(=O)CC[C@@H]12,357.52,0.0,IC50,3715.35,nM,Inactive
CHEMBL5290133,CCCCCCC(=O)O[C@H]1C[C@@H]2[C@H](CC[C@]3(C)C(=O)CC[C@@H]23)[C@@]2(C)CCC(=O)C=C12,414.59,1.0,IC50,95.06,nM,Active
CHEMBL3421770,O=[N+]([O-])c1ccc(-c2ccncc2)c(OCCCc2ccccc2)c1,334.38,0.0,IC50,4993.0,nM,Inactive
CHEMBL165,Oc1ccc(/C=C/c2cc(O)cc(O)c2)cc1,228.25,0.0,IC50,22500.0,nM,Inactive
CHEMBL1630276,C[C@H]1CCC[C@@]2(C)C1=CC[C@@H]1[C@@H]2CC[C@]2(C)C(=O)CC[C@@H]12,286.46,1.0,IC50,1800.0,nM,Inactive
CHEMBL1630910,C[C@]12CC[C@H]3[C@@H](CC=C4CCCC[C@]43C)[C@@H]1CCC2=O,272.43,0.0,IC50,660.0,nM,Intermediate
CHEMBL1093458,CC/C(=C(\c1ccc(O)cc1)c1ccc(OCCNC)cc1)c1ccccc1,373.5,1.0,IC50,6000.0,nM,Inactive
CHEMBL3754253,C[C@]12C=CC(=O)C=C1CC[C@@H]1[C@@H]2CC[C@]2(C)C3=NN(c4ccccc4)[C@H](c4ccccc4)[C@H]3C[C@@H]12,462.64,1.0,IC50,1820.0,nM,Inactive
CHEMBL3754157,C[C@]12CCC(=O)C3=C1C(=Nc1ccccc1S3)C[C@@H]1[C@@H]2CC[C@]2(C)C(=O)CC[C@@H]12,405.56,1.0,IC50,42300.0,nM,Inactive
CHEMBL3751984,C[C@]12CC[C@H]3[C@@H](Cc4n[nH]c5c4[C@]3(C)CCC5=O)[C@@H]1CC[C@@H]2O,314.43,0.0,IC50,236.0,nM,Intermediate
CHEMBL3245350,C[C@]12CCC(=O)C=C1C[C@@H](SCc1ccccc1)[C@@H]1[C@@H]2CC[C@]2(C)C(=O)CC[C@@H]12,408.61,1.0,IC50,69.02,nM,Active
CHEMBL3754505,C[C@]12CCC(=O)C=C1C=C(Cc1ccccc1)[C@@H]1[C@@H]2CC[C@]2(C)C(=O)CC[C@@H]12,374.52,1.0,IC50,60.95,nM,Active
CHEMBL5290960,C[C@]12CCC(=O)C=C1C=C(Cc1ccc(N)cc1)[C@@H]1[C@@H]2CC[C@]2(C)C(=O)CC[C@@H]12,389.54,1.0,IC50,87.9,nM,Active
CHEMBL3752650,CCCCC[C@@H]1C[C@@H]2[C@H](CC[C@]3(C)C(=O)CC[C@@H]23)[C@@]2(C)CCC(=O)C=C12,356.55,1.0,IC50,230.14,nM,Intermediate
CHEMBL5284912,CCCCCCC[C@H]1C[C@@H]2[C@H](CC[C@]3(C)C(=O)CC[C@@H]23)[C@@]2(C)C=CC(=O)C=C12,382.59,1.0,IC50,250.03,nM,Intermediate
CHEMBL5279883,CCCC[C@@H]1C[C@@H]2[C@H](CC[C@]3(C)C(=O)CC[C@@H]23)[C@@]2(C)C=CC(=O)C=C12,340.51,1.0,IC50,179.89,nM,Intermediate
CHEMBL5289206,CCCCCCC[C@@H]1C[C@@H]2[C@H](CC[C@]3(C)C(=O)CC[C@@H]23)[C@@]2(C)C=CC(=O)C=C12,382.59,1.0,IC50,59.98,nM,Active
CHEMBL5291270,C[C@]12CCC(=O)C=C1[C@H](Cc1ccccc1)C[C@@H]1[C@@H]2CC[C@]2(C)C(=O)CC[C@@H]12,376.54,1.0,IC50,3999.45,nM,Inactive
CHEMBL1629802,C[C@]12CC[C@H]3O[C@H]3[C@@H]1CC[C@@H]1[C@@H]2CC[C@]2(C)C(=O)CC[C@@H]12,288.43,0.0,IC50,144.88,nM,Intermediate
CHEMBL132530,C[C@]12CCC(=O)C(O)=C1CC[C@@H]1[C@@H]2CC[C@]2(C)C(=O)CC[C@@H]12,302.41,0.0,IC50,562.34,nM,Intermediate
CHEMBL3752591,C[C@]12C=CC(=O)C=C1C[C@@H](Cc1ccccc1)[C@@H]1[C@@H]2CC[C@]2(C)C(=O)CC[C@@H]12,374.52,1.0,IC50,19.19,nM,Active
CHEMBL3753447,C[C@]12C=CC(=O)C=C1C[C@@H](CCCc1ccccc1)[C@@H]1[C@@H]2CC[C@]2(C)C(=O)CC[C@@H]12,402.58,1.0,IC50,63.68,nM,Active
CHEMBL3349657,C[C@]12CCC(=O)C=C1C[C@@H](CCCc1ccccc1)[C@@H]1[C@@H]2CC[C@]2(C)C(=O)CC[C@@H]12,404.59,1.0,IC50,207.97,nM,Intermediate
CHEMBL5285898,C[C@]12C=CC(=O)C=C1C(c1ccccc1)=C[C@@H]1[C@@H]2CC[C@]2(C)C(=O)CC[C@@H]12,358.48,1.0,IC50,539.51,nM,Intermediate
CHEMBL5271771,C[C@]12C=CC(=O)C=C1C(CCCCc1ccccc1)=C[C@@H]1[C@@H]2CC[C@]2(C)C(=O)CC[C@@H]12,414.59,1.0,IC50,149.97,nM,Intermediate
CHEMBL5290751,C[C@]12C=CC(=O)C=C1[C@H](CCCc1ccccc1)C[C@@H]1[C@@H]2CC[C@]2(C)C(=O)CC[C@@H]12,402.58,1.0,IC50,699.84,nM,Intermediate
CHEMBL5274998,C[C@]12CC[C@H]3[C@@H](CCC4=CC(=O)CC[C@@]43C#N)[C@@H]1CCC2=O,297.4,0.0,IC50,25003.45,nM,Inactive
CHEMBL3753997,C[C@]12CC[C@H]3[C@@H](CCC4=CC(=O)CC[C@@]43C(F)F)[C@@H]1CCC2=O,322.39,0.0,IC50,3999.45,nM,Inactive
CHEMBL5284111,CCC[C@]12CCC(=O)C=C1CC[C@@H]1[C@@H]2CC[C@]2(C)C(=O)CC[C@@H]12,314.47,0.0,IC50,100000.0,nM,Inactive
CHEMBL5273549,C[C@]12CC[C@H]3[C@@H](CC[C@]4(F)[C@@H](O)C(=O)CC[C@]34C)[C@@H]1CCC2=O,322.42,0.0,IC50,2897.34,nM,Inactive
CHEMBL3753109,C[C@]12CCC(=O)C(Sc3ccccc3)=C1C=C[C@@H]1[C@@H]2CC[C@]2(C)C(=O)CC[C@@H]12,392.56,1.0,IC50,25.0,nM,Active
CHEMBL5271092,C[C@]12CC[C@H]3[C@@H](C=CC4=CC(=O)C=C[C@@]43CCl)[C@@H]1CCC2=O,316.83,0.0,IC50,1330.45,nM,Inactive
CHEMBL5268650,C[C@]12CC[C@H]3[C@@H](C=CC4=CC(=O)C=C[C@@]43CBr)[C@@H]1CCC2=O,361.28,0.0,IC50,2098.94,nM,Inactive
CHEMBL5279731,C[C@]12CCC(=O)c3nn(C/C=C/c4ccccc4)c(c31)C[C@@H]1[C@@H]2CC[C@]2(C)C(=O)CC[C@@H]12,428.58,1.0,IC50,950.6,nM,Intermediate
CHEMBL1630274,C[C@]12CC[C@H]3[C@@H](CC=C4[C@@H](O)CCC[C@@]43CO)[C@@H]1CCC2=O,304.43,0.0,IC50,30.97,nM,Active
CHEMBL5271187,CCC[C@H]1C[C@@H]2[C@H](CC[C@]3(C)C(=O)CC[C@@H]23)[C@@]2(C)CCCC=C12,314.51,1.0,IC50,230.14,nM,Intermediate
CHEMBL3752063,CO[C@@H]1C[C@@H]2[C@H](CC[C@]3(C)C(=O)CC[C@@H]23)[C@@]2(C)CCCC=C12,302.46,0.0,IC50,50.0,nM,Active
CHEMBL5291258,C[C@]12CC[C@@H]3C4CCC=CC4=CC(=O)[C@H]3[C@@H]1CCC2=O,270.37,0.0,IC50,33036.95,nM,Inactive
CHEMBL5275068,C[C@]12CC[C@H]3[C@@H](CC(=O)C4=CCCC[C@@]43CO)[C@@H]1CC[C@@H]2O,304.43,0.0,IC50,25003.45,nM,Inactive
CHEMBL5271636,Cc1c(-c2csc(Cl)n2)c(=O)n(-c2ccccc2)n1C,305.79,0.0,IC50,3.3,nM,Active
CHEMBL5287457,CC#CCOc1ccc2cc(C(O)(c3cccnc3)c3ccc(Cl)cc3Cl)oc2c1,438.31,1.0,IC50,10.0,nM,Active
CHEMBL1371590,O=S(=O)(NCCc1c[nH]c2ccccc12)c1ccccc1,300.38,0.0,IC50,200.0,nM,Intermediate
CHEMBL102510,CC(C)OC(=O)Cc1ccncc1,179.22,0.0,IC50,20000.0,nM,Inactive
CHEMBL4436270,Cc1cc(C)c(C)c(S(=O)(=O)NCc2cccc(CNS(=O)(=O)c3c(C)c(C)cc(C)c3C)c2)c1C,528.74,2.0,IC50,3200.0,nM,Inactive
CHEMBL4448018,Nc1cccc(S(=O)(=O)NCc2cccc(CNS(=O)(=O)c3cccc(N)c3)c2)c1,446.55,0.0,IC50,3300.0,nM,Inactive
CHEMBL151646,CCCCOc1ccc(-c2cccnc2)cc1,227.31,0.0,IC50,8433.35,nM,Inactive
CHEMBL354401,CCN1C(=O)C2CC2(c2ccc(N)cc2)C1=O,230.27,0.0,IC50,6998.42,nM,Inactive
CHEMBL174407,CCCN1C(=O)C2CC2(c2ccc(N)cc2)C1=O,244.29,0.0,IC50,599.79,nM,Intermediate
CHEMBL488,CCC1(c2ccc(N)cc2)CCC(=O)NC1=O,232.28,0.0,IC50,36982.82,nM,Inactive
CHEMBL113637,CCn1cc(C(c2ccc(F)cc2)n2ccnc2)c2ccccc21,319.38,0.0,IC50,57.02,nM,Active
CHEMBL5409533,Fc1cccc(Cn2cc(Cn3ccnn3)c3ccccc32)c1,306.34,0.0,IC50,306.9,nM,Intermediate
CHEMBL5439256,CCn1cc(C(Cc2ccc(F)cc2)n2ccnc2)c2cc(Br)ccc21,412.31,1.0,IC50,963.83,nM,Intermediate
CHEMBL5408745,Clc1ccccc1CC(c1cn(Cc2ccccc2Cl)c2ccc(Br)cc12)n1ccnn1,526.27,2.0,IC50,979.49,nM,Intermediate
CHEMBL5395602,CCn1cc(C(Cc2ccc(F)cc2)n2ccnc2)c2cc(C#N)ccc21,358.42,0.0,IC50,139.96,nM,Intermediate
CHEMBL24593,c1ccc2c(c1)CC(Cc1ccncc1)C2,209.29,0.0,IC50,2398.83,nM,Inactive
CHEMBL23646,COc1ccc2c(c1)CC(Cc1ccncc1)C2,239.32,0.0,IC50,239.88,nM,Intermediate
CHEMBL275638,O=c1cc(-c2ccccc2)oc2ccccc12,222.24,0.0,IC50,47973.34,nM,Inactive
CHEMBL224600,S=c1ccc2cc(Cn3ccnc3)ccc2o1,242.3,0.0,IC50,1122.02,nM,Inactive
CHEMBL53644,c1ccc2c(c1)CCCC2CCn1ccnc1,226.32,0.0,IC50,699.84,nM,Intermediate
CHEMBL5417830,O=[N+]([O-])c1cc(-c2cc([N+](=O)[O-])cc([N+](=O)[O-])c2)cc([N+](=O)[O-])c1,334.2,0.0,IC50,4295.36,nM,Inactive
CHEMBL1172402,Nc1ccc(/C=C/c2cc(O)cc(O)c2)cc1,227.26,0.0,IC50,4405.55,nM,Inactive
CHEMBL5395333,Clc1ccc2oc(Cn3ccnc3)cc2c1,232.67,0.0,IC50,3899.42,nM,Inactive
CHEMBL5419730,Clc1ccc(C(c2cc3ccccc3o2)n2cncn2)c(Cl)c1,344.2,0.0,IC50,879.02,nM,Intermediate
CHEMBL30081,OC(c1ccc(F)cc1)(c1cncnc1)C1CC1,244.27,0.0,IC50,4197.59,nM,Inactive
CHEMBL133145,Clc1ccccc1C(c1ccccc1Cl)n1ccnc1,303.19,0.0,IC50,76.03,nM,Active
CHEMBL382500,COc1ccc(C(c2cc3ccc(OC)cc3o2)n2ccnc2)cc1,334.38,0.0,IC50,130.02,nM,Intermediate
CHEMBL137396,Clc1ccc(C(c2ccncc2)(c2ccc(Cl)cc2)n2ccnc2)cc1,380.28,1.0,IC50,50.0,nM,Active
CHEMBL137604,Clc1ccc(C(c2ccc(Cl)cc2)(c2ncc[nH]2)n2ccnc2)cc1,369.25,0.0,IC50,9.397,nM,Active
CHEMBL415952,c1ccc(C(CCn2ccnc2)c2ccccc2)cc1,262.36,0.0,IC50,19998.62,nM,Inactive
CHEMBL5424130,Cc1ccc(C(CCCc2c[nH]cn2)c2ccc(C)cc2)cc1,304.44,1.0,IC50,3499.45,nM,Inactive
CHEMBL5770399,O=C1COc2cc(NCc3cccc(C(=O)Nc4cccnc4)c3)c(O)cc2N1,390.4,0.0,IC50,5900.0,nM,Inactive
CHEMBL5274890,C[C@]12CCC(=O)c3nn(Cc4ccccc4)c(c31)C[C@@H]1[C@@H]2CC[C@]2(C)C(=O)CC[C@@H]12,402.54,0.0,IC50,244.91,nM,Intermediate
CHEMBL5275593,C[C@H]1C[C@@H]2[C@H](CC[C@]3(C)C(O)CC[C@@H]23)[C@@]2(C)CCCC=C12,288.48,0.0,IC50,260.02,nM,Intermediate
CHEMBL5288418,C[C@]12CC[C@H]3[C@@H](C(=O)C=C4CCCC[C@@]43CO)[C@@H]1CCC2O,304.43,0.0,IC50,42953.64,nM,Inactive
CHEMBL5280521,C[C@]12CC[C@H]3[C@@H](CCC4=CC(=O)CC[C@@]43C=O)[C@@H]1CCC2=O,300.4,0.0,IC50,1199.5,nM,Inactive
CHEMBL5284435,C[C@]12CC[C@H]3[C@@H](CCC4=CCCC[C@@]43C=O)[C@@H]1C[C@@H](O)C2=O,302.41,0.0,IC50,27989.81,nM,Inactive
CHEMBL5285274,C[C@]12C=C(CCc3ccc(C(F)(F)F)cc3)C(=O)C=C1CC[C@@H]1[C@@H]2CC[C@]2(C)C(=O)CC[C@@H]12,456.55,1.0,IC50,34119.29,nM,Inactive
CHEMBL5283920,C[C@@H]1C[C@@H]2[C@H](CC[C@]3(C)C(=O)CC[C@@H]23)[C@@]2(C)C=CC(=O)C=C12,298.43,0.0,IC50,520.0,nM,Intermediate
CHEMBL5284015,CC(C)[C@@H]1C[C@@H]2[C@H](CC[C@]3(C)C(=O)CC[C@@H]23)[C@@]2(C)CCC(=O)C=C12,328.5,0.0,IC50,1099.01,nM,Inactive
CHEMBL3753373,C[C@]12C=CC(=O)C=C1C[C@@H](CCCc1ccc([N+](=O)[O-])cc1)[C@@H]1[C@@H]2CC[C@]2(C)C(=O)CC[C@@H]12,447.58,1.0,IC50,75.68,nM,Active
CHEMBL3754701,CCCCCC1=C[C@@H]2[C@H](CC[C@]3(C)C(=O)CC[C@@H]23)[C@@]2(C)CCC(=O)C=C12,354.53,1.0,IC50,219.79,nM,Intermediate
CHEMBL3754546,CCC1=C[C@@H]2[C@H](CC[C@]3(C)C(=O)CC[C@@H]23)[C@@]2(C)C=CC(=O)C=C12,310.44,0.0,IC50,41.98,nM,Active
CHEMBL3752788,C[C@]12CCC(=O)C=C1C(CCc1ccccc1)=C[C@@H]1[C@@H]2CC[C@]2(C)C(=O)CC[C@@H]12,388.55,1.0,IC50,92.04,nM,Active
CHEMBL5288515,C[C@]12CCC(=O)C=C1C(CCCCc1ccccc1)=C[C@@H]1[C@@H]2CC[C@]2(C)C(=O)CC[C@@H]12,416.61,1.0,IC50,279.9,nM,Intermediate
CHEMBL5289592,C[C@]12C=CC(=O)C=C1[C@H](CCCCc1ccccc1)C[C@@H]1[C@@H]2CC[C@]2(C)C(=O)CC[C@@H]12,416.61,1.0,IC50,469.89,nM,Intermediate
CHEMBL5270141,CCCCC1C[C@H]2[C@@H]3CC[C@H](O)[C@@]3(C)CC[C@@H]2[C@@]2(C)C=CC(=O)C=C12,342.52,1.0,IC50,63.97,nM,Active
CHEMBL5271963,C[C@]12CC[C@H]3[C@@H](CCC4=CC(=O)CC[C@@]43CC(F)F)[C@@H]1CCC2=O,336.42,0.0,IC50,3999.45,nM,Inactive
CHEMBL4520027,C[C@]12CCC(=O)C=C1[C@@H](O)C[C@@H]1[C@@H]2CC[C@]2(C)C(=O)CC[C@@H]12,302.41,0.0,IC50,14996.85,nM,Inactive
CHEMBL3753063,C[C@]12CCC(=O)C(F)=C1CC[C@@H]1[C@@H]2CC[C@]2(C)C(=O)CC[C@@H]12,304.4,0.0,IC50,479.73,nM,Intermediate
CHEMBL5268836,C[C@]12C=C(O)C(=O)C=C1C(=O)C[C@@H]1[C@@H]2CC[C@]2(C)C(=O)CC[C@@H]12,314.38,0.0,IC50,5597.58,nM,Inactive
CHEMBL5272891,CCOC1=C2C(=O)C[C@@H]3[C@H](CC[C@]4(C)C(=O)CC[C@@H]34)[C@@]2(C)CCC1=O,344.45,0.0,IC50,4497.8,nM,Inactive
CHEMBL5273350,C[C@]12CCC(=O)C=C1[C@@H]1N[C@@H]1[C@@H]1[C@@H]2CC[C@]2(C)C(=O)CC[C@@H]12,299.41,0.0,IC50,49203.95,nM,Inactive
CHEMBL5288430,CC(=O)N1[C@H]2[C@@H]3[C@H](CC[C@]4(C)C(=O)CC[C@@H]34)[C@@]3(C)CCC(=O)C=C3[C@H]21,341.45,0.0,IC50,64565.42,nM,Inactive
CHEMBL325461,C[C@@H](OC(=O)C12CC3CC(CC(C3)C1)C2)c1cccnc1,285.39,0.0,IC50,36000.0,nM,Inactive
CHEMBL24037,CCCC[C@@H]1CC2C3CCC(=O)C3(C)CCC2C2(C)CCC(=O)C=C12,342.52,1.0,IC50,510.0,nM,Intermediate
CHEMBL103685,CC(C)(C(=O)OC1CCCCC1)c1ccncc1,247.34,0.0,IC50,13000.0,nM,Inactive
CHEMBL179247,Fc1ccc2c(c1)CC/C2=C/c1c[nH]cn1,214.24,0.0,IC50,20.0,nM,Active
CHEMBL176101,COc1ccc2c(c1)CC/C2=C/c1cccnc1,237.3,0.0,IC50,5570.0,nM,Inactive
CHEMBL5174567,CC#CCOc1ccc2cc(C(c3ccc(Cl)cc3)n3cncn3)oc2c1,377.83,0.0,IC50,0.53,nM,Active
CHEMBL5179009,CCC#CCOc1ccc2cc(C(c3ccc(C#N)cc3)n3cncn3)oc2c1,382.42,0.0,IC50,0.72,nM,Active
CHEMBL5184829,O=C(Nc1ccc2[nH]ncc2c1)[C@]12ON=C(c3cccnc3)[C@H]1[C@@H]1CC[C@H]2C1,373.42,0.0,IC50,10000.0,nM,Inactive
CHEMBL5275747,O=C(c1ccc(O)cc1)c1ccc(Cn2ccnc2)cc1,278.31,0.0,IC50,1100.0,nM,Inactive
CHEMBL202612,COc1ccc2cc(C(O)(c3ccc(Cl)cc3)c3cccnc3)oc2c1,365.82,0.0,IC50,0.46,nM,Active
CHEMBL5283822,CC#CCOc1ccc2cc(C(O)(c3ccc(Br)cc3)c3cccnc3)oc2c1,448.32,1.0,IC50,0.83,nM,Active
CHEMBL5268519,C[C@]12CCC(=O)C=C1[C@H](N=[N+]=[N-])C(O)[C@@H]1[C@@H]2CC[C@]2(C)C(=O)CC[C@@H]12,343.43,0.0,IC50,46989.41,nM,Inactive
CHEMBL5271680,C[C@]12CCC(=O)C=C1C1C([C@@H]3[C@@H]2CC[C@]2(C)C(=O)CC[C@@H]32)C1(F)F,334.41,0.0,IC50,889.2,nM,Intermediate
CHEMBL381883,COc1cc([N+](=O)[O-])ccc1NS(C)(=O)=O,246.24,0.0,IC50,25000.0,nM,Inactive
CHEMBL202471,CCCCCCOc1cc([N+](=O)[O-])ccc1NS(C)(=O)=O,316.38,0.0,IC50,2670.0,nM,Inactive
CHEMBL202470,CCCCCCCCCOc1cc([N+](=O)[O-])ccc1N(C)S(C)(=O)=O,372.49,0.0,IC50,3960.0,nM,Inactive
CHEMBL1399,CC(C)(C#N)c1cc(Cn2cncn2)cc(C(C)(C)C#N)c1,293.37,0.0,IC50,8.0,nM,Active
CHEMBL41761,CCn1ccc2cc(C(c3ccc(F)cc3)n3ccnc3)ccc21,319.38,0.0,IC50,40.0,nM,Active
CHEMBL222260,Cc1ccc(COc2cc([N+](=O)[O-])ccc2N(C)S(C)(=O)=O)cc1,350.4,0.0,IC50,2330.0,nM,Inactive
CHEMBL223368,CN(c1ccc([N+](=O)[O-])cc1OCc1ccccc1-c1ccccc1)S(C)(=O)=O,412.47,0.0,IC50,330.0,nM,Intermediate
CHEMBL5204674,CCC#CCOc1ccc2oc(C(c3ccc(Cl)cc3)n3cncn3)cc2c1,391.86,1.0,IC50,21.05,nM,Active
CHEMBL4464506,O=S(=O)(Cc1ccccc1)NCCc1c[nH]c2ccccc12,314.41,0.0,IC50,750.0,nM,Intermediate
CHEMBL66673,COc1cccc2c1CCC1C(c3ccncc3)C21,251.33,0.0,IC50,3350.0,nM,Inactive
CHEMBL304222,Oc1ccc2c(c1)CCC1C(c3ccncc3)C21,237.3,0.0,IC50,330.0,nM,Intermediate
CHEMBL382902,COc1ccc2cc(C(c3ccc(Cl)cc3)n3cncn3)oc2c1,339.78,0.0,IC50,0.47,nM,Active
CHEMBL5177269,CCC#CCOc1ccc2cc(C(c3ccc(F)cc3)n3cncn3)oc2c1,375.4,0.0,IC50,0.51,nM,Active
CHEMBL197650,COc1ccc2cc(C(c3ccc(C#N)cc3)n3cncn3)oc2c1,330.35,0.0,IC50,0.11,nM,Active
CHEMBL4634777,CCC#CCOc1cc(Cn2ccnc2)c2oc3ccccc3c(=O)c2c1,358.4,0.0,IC50,0.77,nM,Active
CHEMBL4167841,N#Cc1ccc(C(c2[nH]c3ccccc3c2CCNS(=O)(=O)c2ccc(F)cc2)c2[nH]c3ccccc3c2CCNS(=O)(=O)c2ccc(F)cc2)cc1,749.87,2.0,IC50,9800.0,nM,Inactive
CHEMBL4175698,N#Cc1ccc(C(c2[nH]c3ccccc3c2CCNS(=O)(=O)c2ccc(C(F)(F)F)cc2)c2[nH]c3ccccc3c2CCNS(=O)(=O)c2ccc(C(F)(F)F)cc2)cc1,849.88,2.0,IC50,15300.0,nM,Inactive
CHEMBL4169756,O=S(=O)(NCCc1c(C(c2ccc(F)cc2)c2[nH]c3ccccc3c2CCNS(=O)(=O)c2ccc(Br)cc2)[nH]c2ccccc12)c1ccc(Br)cc1,864.66,2.0,IC50,7600.0,nM,Inactive
CHEMBL4166016,O=S(=O)(NCCc1c(C(c2ccc(O)cc2)c2[nH]c3ccccc3c2CCNS(=O)(=O)c2ccc(Cl)cc2)[nH]c2ccccc12)c1ccc(Cl)cc1,773.76,2.0,IC50,1400.0,nM,Inactive
CHEMBL4162163,Cc1ccc(S(=O)(=O)NCCc2c(C(c3ccccc3O)c3[nH]c4ccccc4c3CCNS(=O)(=O)c3ccc(C)cc3)[nH]c3ccccc23)cc1,732.93,2.0,IC50,4100.0,nM,Inactive
CHEMBL1444,N#Cc1ccc(C(c2ccc(C#N)cc2)n2cncn2)cc1,285.31,0.0,IC50,1.9,nM,Active
CHEMBL25735,CCCCCC1(c2ccc(N)cc2)CCC(=O)NC1=O,274.36,0.0,IC50,1300.0,nM,Inactive
CHEMBL3622055,N#Cc1ccc(N(CCSc2ccc(O)c(Cl)c2)n2cnnc2)cc1,371.85,0.0,IC50,0.26,nM,Active
CHEMBL108483,N#Cc1ccc(N(Cc2ccc(OS(N)(=O)=O)c(Br)c2)n2cnnc2)cc1,449.29,0.0,IC50,0.82,nM,Active
CHEMBL4520995,O=[N+]([O-])c1ccc(N(Cc2ccc(Br)cc2)n2cnnc2)cc1,374.2,0.0,IC50,0.12,nM,Active
CHEMBL99057,C[C@]12CCC3C(CCC4=C(O)C(=O)CC[C@@]43C(F)F)C1CCC2=O,338.39,0.0,IC50,3300.0,nM,Inactive
CHEMBL177413,N#Cc1ccc2c(c1)/C(=C/c1c[nH]cn1)CCC2,235.29,0.0,IC50,970.0,nM,Intermediate
CHEMBL28290,COc1ccc(CN2C(=O)C3CC(c4ccc(N)cc4)(C3)C2=O)cc1,336.39,0.0,IC50,240.0,nM,Intermediate
CHEMBL350713,C#CSCC[C@]12CCC(=O)C=C1CCC1C2=CC[C@]2(C)C(=O)CCC12,354.52,0.0,IC50,330.0,nM,Intermediate
CHEMBL5281289,COc1cc2c(cc1OC)CN(S(=O)(=O)c1cccc(-n3cc(COc4ccc5ccccc5c4)nn3)c1)CC2,556.64,1.0,IC50,70.0,nM,Active
CHEMBL135095,C[C@@H]1CCC2C(C)(C)C3CC21CC[C@@]3(C)OC(=O)Cc1cccnc1,341.5,0.0,IC50,1700.0,nM,Inactive
CHEMBL206351,COc1ccc2c(c1)CCC(c1cccnc1)=C2,237.3,0.0,IC50,814.0,nM,Intermediate
CHEMBL5875159,O=C1COc2cc(NC(=O)c3cc(NC(=O)c4cn[nH]c4)ccc3Cl)ccc2N1,411.81,0.0,IC50,60.0,nM,Active
CHEMBL352891,CSSCC[C@]12CCC(=O)C=C1CCC1C2=CC[C@]2(C)C(=O)CCC12,376.59,1.0,IC50,1000.0,nM,Intermediate
CHEMBL1200374,C=C1C[C@@H]2[C@H](CC[C@]3(C)C(=O)CC[C@@H]23)[C@@]2(C)C=CC(=O)C=C12,296.41,0.0,IC50,1850.0,nM,Inactive
CHEMBL5426889,CCCCOc1ccc(-c2ccn(C)n2)cc1,230.31,0.0,IC50,23496.33,nM,Inactive
CHEMBL356594,CCCCOc1ccc(-c2cc(C)[nH]n2)cc1,230.31,0.0,IC50,15995.58,nM,Inactive
CHEMBL5394720,CCCCOc1ccc(-c2nocc2C)cc1,231.29,0.0,IC50,3097.42,nM,Inactive
CHEMBL287574,Nc1ccc(C23CC2C(=O)NC3=O)cc1,202.21,0.0,IC50,10990.06,nM,Inactive
CHEMBL202226,N#Cc1ccc(C(c2cc3ccc(O)cc3o2)n2cncn2)cc1,316.32,0.0,IC50,20.0,nM,Active
CHEMBL287393,OC(c1ccccc1)(c1cncnc1)c1ccc(Cl)c(Cl)c1,331.2,0.0,IC50,1000.0,nM,Intermediate
CHEMBL5440818,Fc1ccc(C(CCCc2ccccc2)c2c[nH]cn2)cc1,294.37,0.0,IC50,799.83,nM,Intermediate
CHEMBL317935,C[C@H](NC(=O)/C=C/c1ccccc1)c1cccc(N2CCOCC2)c1,336.44,0.0,IC50,13000.0,nM,Inactive
CHEMBL5278613,C[C@]12CCCC(=O)C1CC[C@@H]1[C@@H]2CC[C@]2(C)C(=O)CC[C@@H]12,288.43,0.0,IC50,2398.83,nM,Inactive
CHEMBL274826,C[C@]12CCC(=O)C=C1CC[C@@H]1[C@@H]2CC[C@]2(C)C(=O)CC[C@@H]12,286.42,0.0,IC50,1000.0,nM,Intermediate
CHEMBL5282922,C[C@]12CC[C@H]3[C@@H](CCC4=CC(=O)CC[C@@]43CBr)[C@@H]1CCC2=O,365.31,0.0,IC50,1399.59,nM,Inactive
CHEMBL3349658,C[C@]12CC[C@H]3[C@@H]([C@H](Cc4ccccc4)CC4=CC(=O)CC[C@@]43C)[C@@H]1CC[C@@H]2O,378.56,1.0,IC50,39.54,nM,Active
CHEMBL26543,Nc1ccc(C23CC(C2)C(=O)NC3=O)cc1,216.24,0.0,IC50,2000.0,nM,Inactive
CHEMBL439950,CC12CCCC=C1CCC1C2CCC2(C)C(O)CCC12,274.45,0.0,IC50,7300.0,nM,Inactive
CHEMBL212473,COc1ccc(-c2oc3ccccc3c(=O)c2Cn2ccnc2)cc1,332.36,0.0,IC50,80.0,nM,Active
CHEMBL209731,N#Cc1ccc(-c2oc3ccccc3c(=O)c2Cn2ccnc2)cc1,327.34,0.0,IC50,69.0,nM,Active
CHEMBL213587,O=c1c(Cn2ccnc2)c(-c2ccccc2)oc2ccccc12,302.33,0.0,IC50,71.0,nM,Active
CHEMBL5394067,CCn1ccc2cccc(C(Cc3ccc(Br)cc3)n3ccnc3)c21,394.32,1.0,IC50,69.98,nM,Active
CHEMBL5413476,CCn1cc(C(Cc2ccc(Cl)cc2Cl)n2ccnc2)c2cc(Br)ccc21,463.21,1.0,IC50,622.3,nM,Intermediate
CHEMBL5411570,N#Cc1ccc(CC(c2cccc3[nH]ccc23)n2ccnn2)cc1,313.36,0.0,IC50,1621.81,nM,Inactive
CHEMBL5431946,CCn1c(C(Cc2ccccc2)n2ccnn2)c(C)c2cc(Br)ccc21,409.33,1.0,IC50,3273.41,nM,Inactive
CHEMBL5398511,O=C1CC(c2ccncc2)Cc2ccccc21,223.28,0.0,IC50,21978.6,nM,Inactive
CHEMBL90585,O=C1/C(=C/c2ccncc2)CCc2ccccc21,235.29,0.0,IC50,11994.99,nM,Inactive
CHEMBL24115,COc1cccc2c1CC(Cc1ccncc1)C2,239.32,0.0,IC50,6397.35,nM,Inactive
CHEMBL5916153,O=C1COc2cc(NCc3cccc(C(=O)Nc4ccccc4O)c3)ccc2N1,389.41,0.0,IC50,8600.0,nM,Inactive
CHEMBL3983734,CS(=O)(=O)N1CCN(c2ccc(OC[C@@H]3CO[C@@](Cn4ccnc4)(c4ccc(Cl)cc4Cl)O3)cc2)CC1,567.5,1.0,IC50,970.0,nM,Intermediate
CHEMBL3891718,Cn1ccnc1S(=O)(=O)N1CCN(c2ccc(OC[C@@H]3CO[C@@](Cn4ccnc4)(c4ccc(Cl)cc4Cl)O3)cc2)CC1,633.56,1.0,IC50,10000.0,nM,Inactive
CHEMBL4761359,Nc1cccc(C(Cn2ccnc2)=C(c2ccc(O)cc2)c2ccc(O)cc2)c1,383.45,0.0,IC50,439.0,nM,Intermediate
CHEMBL4514474,O=[N+]([O-])c1ccc(N(Cc2cccc(C(F)(F)F)c2)n2cnnc2)cc1Br,442.2,0.0,IC50,17.38,nM,Active
CHEMBL4514474,O=[N+]([O-])c1ccc(N(Cc2cccc(C(F)(F)F)c2)n2cnnc2)cc1Br,442.2,0.0,IC50,17.38,nM,Active
CHEMBL5808901,O=C1COc2cc(NCc3cccc(C(=O)Nc4cccnc4)c3)ccc2N1,374.4,0.0,IC50,5700.0,nM,Inactive
CHEMBL5873947,O=C1COc2cc(NCc3cccc(NC(=O)c4ccccc4Cl)c3)c(Cl)cc2N1,442.3,1.0,IC50,25000.0,nM,Inactive
CHEMBL5946526,Cc1cccc(C(=O)OCCOc2ccc(S(N)(=O)=O)cc2)c1N,350.4,0.0,IC50,43500.0,nM,Inactive
CHEMBL6167931,CC(C)(C)c1ccc(S(=O)(=O)N2CCN(Cc3nc4cc(F)ccc4o3)CC2)cc1,431.53,0.0,IC50,64.9,nM,Active
CHEMBL5887888,O=C1COc2cc(NCc3cccc(C(=O)Nc4cccnc4)c3)c(Cl)cc2N1,408.85,0.0,IC50,14500.0,nM,Inactive
